lead_time_days,supplier_reliability,distance_km,season_q,order_value,item_category,carrier,weekend_flag,delayed
23.444725,0.6090746,3617.6055,0.0,2281.549,4.0,0.0,1.0,1
13.727475,0.8314639,3570.627,1.0,4814.914,2.0,2.0,0.0,0
25.89934,0.8834308,1053.3405,3.0,557.26917,4.0,1.0,1.0,0
21.223673,0.58331805,231.4442,0.0,2844.1821,1.0,2.0,0.0,1
3.731143,0.52192914,1553.8076,0.0,1713.0247,1.0,1.0,1.0,1
29.293049,0.7197937,827.8247,1.0,3235.2383,0.0,2.0,0.0,0
23.073051,0.88701206,2009.153,2.0,3247.0466,3.0,0.0,0.0,1
23.795864,0.8253899,4897.763,3.0,1210.5515,3.0,1.0,1.0,0
4.7152953,0.8509409,946.3033,2.0,3931.189,1.0,1.0,0.0,0
14.0611925,0.70141965,1628.426,1.0,465.39972,1.0,1.0,1.0,0
11.753142,0.61747277,3639.316,3.0,4092.513,2.0,0.0,1.0,0
27.876184,0.7658894,2570.4548,0.0,1067.7146,3.0,1.0,1.0,0
19.672089,0.60218287,267.4443,3.0,2952.0007,1.0,2.0,1.0,0
24.860086,0.86311436,850.3656,1.0,1743.0756,2.0,0.0,1.0,1
13.859012,0.5984832,4679.4854,1.0,3052.8013,0.0,2.0,1.0,1
7.589923,0.6456316,560.6667,3.0,1344.415,4.0,2.0,1.0,0
17.082958,0.7532724,3193.7092,2.0,2849.1287,4.0,0.0,1.0,1
2.8507004,0.743355,3972.012,1.0,50.909317,3.0,2.0,0.0,1
25.001305,0.8004247,1363.9233,1.0,1878.5277,4.0,1.0,0.0,0
19.318268,0.7187223,3639.1362,1.0,4133.683,3.0,1.0,0.0,0
22.984545,0.95973665,890.98114,3.0,2320.4028,4.0,0.0,1.0,0
11.281253,0.91996706,1459.5139,0.0,2501.313,2.0,0.0,1.0,0
29.150242,0.9395567,1593.519,0.0,3111.6685,1.0,0.0,1.0,1
26.900513,0.8147583,4982.353,1.0,2176.7058,4.0,0.0,1.0,0
23.573122,0.8175039,1112.1328,1.0,4336.713,0.0,1.0,0.0,1
6.6445227,0.80459934,689.57697,3.0,2022.5901,2.0,2.0,1.0,0
14.534909,0.7174421,4632.173,0.0,4713.3364,3.0,2.0,0.0,0
2.2703092,0.661053,851.55695,3.0,4385.921,3.0,0.0,1.0,0
5.4743953,0.79600143,4402.4355,3.0,2111.228,3.0,1.0,0.0,0
20.80842,0.51276594,3269.7603,1.0,1835.3463,2.0,0.0,0.0,0
22.598103,0.5037282,2905.4644,3.0,3386.3738,4.0,0.0,0.0,0
29.057783,0.9258209,3769.1267,3.0,3778.9807,1.0,1.0,0.0,0
10.4489355,0.523212,3643.6948,3.0,937.4493,0.0,0.0,0.0,0
11.743332,0.7623976,597.1046,1.0,1212.8156,3.0,2.0,0.0,0
14.617119,0.80749387,4997.3574,1.0,739.80005,1.0,0.0,1.0,1
6.4946694,0.5990856,4712.354,3.0,3805.8525,2.0,0.0,1.0,0
4.7677236,0.9478654,4488.1304,1.0,3574.8652,2.0,2.0,0.0,1
14.795443,0.5950479,3130.3313,0.0,953.37854,1.0,0.0,1.0,1
7.580371,0.94225746,2637.8171,2.0,2689.0051,4.0,0.0,1.0,0
20.424606,0.8814951,2704.579,1.0,3823.5544,1.0,2.0,1.0,0
13.677405,0.62037146,123.937874,3.0,4735.673,3.0,2.0,1.0,0
25.147667,0.5753721,2522.374,3.0,900.82806,0.0,2.0,1.0,1
21.307688,0.65811634,3137.6594,0.0,1528.6056,4.0,1.0,0.0,1
10.058633,0.69897527,3310.5957,3.0,1748.2156,4.0,1.0,0.0,0
25.135534,0.6228923,1694.0903,3.0,3128.637,0.0,2.0,1.0,1
24.338167,0.9994458,2382.8477,3.0,690.73004,3.0,2.0,0.0,0
12.236873,0.61482614,3199.7375,1.0,975.21106,2.0,1.0,1.0,1
9.361515,0.9153174,2170.1123,2.0,3904.38,0.0,0.0,0.0,0
20.79237,0.57955885,4812.5693,3.0,2714.848,3.0,2.0,1.0,1
5.052822,0.9901223,3541.9385,3.0,810.3273,3.0,2.0,1.0,0
6.797338,0.61276174,56.305042,1.0,1948.2794,4.0,2.0,1.0,0
1.2135059,0.7108443,165.23343,2.0,681.12604,3.0,1.0,1.0,0
23.820807,0.77928203,3466.986,1.0,1819.8231,3.0,1.0,0.0,0
20.280674,0.5601429,2092.5933,1.0,2006.9945,3.0,2.0,1.0,0
21.449797,0.90841,4205.3813,2.0,569.43097,3.0,1.0,1.0,0
23.641142,0.63734275,906.4263,1.0,308.5688,2.0,2.0,1.0,1
14.3085575,0.77463496,118.44322,0.0,4409.1934,3.0,2.0,0.0,0
17.493494,0.77481693,1971.0077,2.0,4439.364,0.0,0.0,0.0,0
5.054113,0.8013203,3693.5173,1.0,22.868587,3.0,0.0,0.0,0
4.321372,0.527743,4860.0522,2.0,3209.6084,1.0,0.0,1.0,1
20.383686,0.5843094,4424.087,1.0,477.45825,2.0,1.0,1.0,1
14.66179,0.58059615,2446.1694,3.0,4052.6067,3.0,2.0,1.0,0
17.391848,0.65102565,4073.4456,3.0,4399.016,0.0,2.0,0.0,0
23.184967,0.5724571,398.13577,1.0,3086.9097,3.0,0.0,0.0,1
19.406832,0.9609607,2882.748,2.0,3069.6458,1.0,0.0,1.0,0
17.053802,0.75647724,4625.2773,0.0,1863.6927,3.0,2.0,1.0,1
17.217009,0.81178755,2012.1064,3.0,1254.8501,3.0,0.0,0.0,0
9.814553,0.6787441,4802.498,0.0,2501.3613,0.0,1.0,0.0,0
1.8937172,0.6381231,1142.3912,3.0,677.24896,1.0,0.0,0.0,0
13.664804,0.7515886,572.8873,3.0,3364.4023,4.0,0.0,1.0,0
7.2229557,0.6471615,2647.5735,0.0,2355.7336,1.0,1.0,0.0,1
12.847331,0.67182297,4540.872,0.0,896.2315,2.0,2.0,0.0,1
25.74869,0.72637546,1590.8322,2.0,2945.6882,0.0,2.0,1.0,1
7.784245,0.75286686,4010.7937,3.0,3978.6858,3.0,1.0,0.0,1
2.6907794,0.992157,887.5265,2.0,2948.1094,0.0,1.0,0.0,0
9.160132,0.6116613,3740.5735,0.0,2653.0105,1.0,2.0,1.0,0
9.514219,0.7439881,2807.2834,2.0,4240.1104,2.0,1.0,0.0,1
20.19558,0.57475585,916.33405,1.0,63.669373,3.0,0.0,0.0,0
17.153933,0.6749996,3604.532,3.0,3087.5706,2.0,2.0,1.0,0
23.733047,0.85865533,3583.0928,3.0,2054.364,4.0,0.0,0.0,1
20.265093,0.5872311,2601.4043,3.0,975.8951,2.0,0.0,1.0,1
12.785219,0.79067564,1166.0648,1.0,4898.0933,1.0,0.0,1.0,1
24.60659,0.70835054,704.85474,1.0,2025.031,0.0,1.0,1.0,0
5.8422146,0.5257898,4788.4126,3.0,1682.9614,3.0,0.0,0.0,0
1.6586502,0.9665376,3296.272,0.0,853.3521,2.0,1.0,0.0,0
3.611388,0.7068016,4055.7454,0.0,4988.852,3.0,1.0,1.0,1
21.948421,0.89196324,3500.0042,0.0,4281.6963,1.0,0.0,1.0,1
14.39444,0.70815676,4155.8945,2.0,359.16238,1.0,1.0,1.0,0
5.676882,0.96868014,854.3295,0.0,2833.1118,2.0,1.0,0.0,0
15.530298,0.6452352,2509.9036,2.0,745.53204,1.0,0.0,0.0,0
5.417051,0.7061153,3352.2676,0.0,3581.7493,4.0,2.0,0.0,0
21.19329,0.87943214,561.78,3.0,2425.5764,3.0,2.0,1.0,0
13.938532,0.67183363,792.2869,1.0,560.84094,4.0,2.0,0.0,0
12.049616,0.68217856,3188.2139,0.0,2789.624,1.0,0.0,0.0,0
9.743851,0.9974116,4350.0938,2.0,4554.2715,0.0,1.0,1.0,0
19.278194,0.77780724,3319.06,1.0,1712.5615,0.0,1.0,0.0,0
11.492566,0.8446902,229.21382,1.0,263.52002,4.0,0.0,0.0,0
3.5418477,0.8217311,4853.643,2.0,4726.5835,4.0,2.0,0.0,0
4.422171,0.91396207,740.55914,3.0,717.57794,3.0,1.0,0.0,0
28.895033,0.93091255,1201.1831,3.0,2380.5095,2.0,1.0,1.0,0
27.34884,0.7816281,4876.088,1.0,2727.939,1.0,2.0,0.0,0
21.291508,0.647278,3866.6133,3.0,1193.0664,3.0,0.0,0.0,0
8.710229,0.5114001,4686.0547,0.0,895.316,2.0,1.0,1.0,0
29.106115,0.8072016,4042.7676,3.0,574.563,3.0,2.0,0.0,0
23.583776,0.9127344,3276.0857,3.0,359.07687,0.0,2.0,1.0,0
21.789816,0.7252699,1458.5374,2.0,2545.5515,2.0,1.0,1.0,1
14.031484,0.58235306,1668.0631,2.0,4211.6836,3.0,1.0,0.0,1
8.895005,0.64404106,4738.9917,2.0,642.52625,3.0,0.0,1.0,0
3.795338,0.75499445,4310.0967,0.0,3506.0889,0.0,0.0,0.0,0
27.17547,0.9183406,1829.4777,3.0,2068.9775,0.0,0.0,0.0,0
14.217512,0.5858766,1897.6737,2.0,185.76895,4.0,2.0,1.0,0
6.8685374,0.8060749,1523.5873,3.0,2684.5017,1.0,2.0,0.0,0
9.872742,0.8766843,1664.3442,0.0,1267.5212,2.0,0.0,0.0,0
17.797367,0.9680238,4310.304,3.0,3030.218,3.0,0.0,0.0,0
6.1264105,0.5583519,102.00894,1.0,1753.1218,2.0,1.0,0.0,0
25.841814,0.9631958,2208.4604,3.0,3335.5972,4.0,2.0,0.0,1
22.997066,0.80073375,4717.0566,3.0,4593.3315,4.0,1.0,1.0,1
21.864426,0.8833508,2736.05,3.0,1230.2773,1.0,0.0,1.0,1
13.530698,0.52688736,2279.7065,3.0,4699.8037,0.0,1.0,1.0,1
19.191956,0.75307405,1596.2306,0.0,1029.5012,4.0,0.0,0.0,0
17.93884,0.8113148,415.86752,1.0,362.76746,3.0,1.0,1.0,0
19.84555,0.65341693,1161.208,1.0,971.57794,3.0,2.0,0.0,0
3.4488852,0.7158251,497.76913,2.0,4076.4343,2.0,0.0,0.0,0
13.058414,0.7771491,677.1622,3.0,3391.0056,2.0,2.0,0.0,0
2.206811,0.77627397,859.4069,2.0,4854.4624,0.0,1.0,1.0,0
15.325734,0.52093077,1545.0457,2.0,3552.0383,2.0,0.0,1.0,1
10.565975,0.71974087,104.53256,3.0,2069.03,2.0,0.0,0.0,0
5.1912017,0.6069091,4753.2124,0.0,4463.2305,0.0,0.0,1.0,0
3.998686,0.95834756,662.9045,2.0,4791.0615,3.0,2.0,1.0,0
18.041693,0.98829,1946.5869,2.0,3960.3582,3.0,2.0,0.0,0
5.947196,0.6498234,4403.6616,0.0,2787.6316,4.0,1.0,1.0,0
27.828484,0.5875927,577.5115,2.0,4130.5713,0.0,1.0,1.0,1
17.850773,0.60975206,2443.841,3.0,903.4331,1.0,1.0,1.0,1
11.059224,0.7388761,4231.6787,3.0,4502.7466,2.0,1.0,1.0,0
18.136549,0.9372528,2806.965,3.0,4997.7993,4.0,1.0,0.0,0
1.6613122,0.7500181,1091.2008,3.0,3329.0493,1.0,0.0,0.0,0
28.798218,0.527696,3690.7722,1.0,987.4863,4.0,2.0,1.0,1
14.986799,0.5199428,3422.6382,0.0,730.73895,4.0,2.0,0.0,0
23.699322,0.6136955,1842.8202,3.0,4797.478,0.0,2.0,1.0,1
3.39917,0.92138565,279.16104,1.0,4358.051,1.0,0.0,0.0,0
15.113091,0.8107403,88.930214,2.0,3745.9075,1.0,1.0,0.0,0
15.230503,0.78147894,4135.695,0.0,4746.105,2.0,0.0,1.0,0
28.196968,0.6594848,1641.709,3.0,2521.9846,4.0,1.0,0.0,0
17.580114,0.9647127,731.961,3.0,4439.8545,1.0,0.0,0.0,0
14.731193,0.6655891,2616.8286,3.0,822.4734,3.0,1.0,1.0,0
8.742294,0.9174722,4608.125,0.0,922.2205,0.0,0.0,0.0,0
10.6155,0.94795173,91.98028,3.0,2566.5918,2.0,1.0,1.0,0
16.099499,0.7416675,327.91052,2.0,1669.2233,1.0,1.0,1.0,0
13.728433,0.9471446,2114.3723,0.0,2168.2712,4.0,1.0,1.0,0
1.6267503,0.6384016,3396.0312,2.0,3993.003,3.0,1.0,1.0,0
24.962465,0.8292167,2406.6973,1.0,276.50327,1.0,2.0,0.0,1
26.988663,0.54398185,4492.8647,2.0,3607.0107,3.0,1.0,1.0,1
5.0672235,0.7369671,268.21854,0.0,450.26404,1.0,0.0,0.0,1
17.067049,0.6086659,1733.6973,2.0,4239.0303,2.0,1.0,0.0,0
4.1486964,0.53138167,1789.172,2.0,1017.48004,2.0,1.0,1.0,1
20.494963,0.50186276,1733.6298,2.0,3677.3452,4.0,0.0,0.0,0
9.15578,0.66237605,2464.0452,3.0,2963.4783,1.0,1.0,0.0,1
20.123257,0.7947653,3963.3564,2.0,1934.2543,0.0,2.0,1.0,1
22.082844,0.7276152,1623.5189,2.0,1345.0059,0.0,1.0,1.0,0
23.290777,0.6508846,3735.192,0.0,296.722,4.0,1.0,1.0,0
4.1244874,0.99560004,775.0041,3.0,1773.3672,1.0,2.0,0.0,0
27.564344,0.9697625,2825.5881,1.0,1010.6385,0.0,0.0,1.0,0
7.6762056,0.56282663,1906.6857,2.0,688.20337,2.0,2.0,1.0,1
2.084964,0.7075537,2719.0935,2.0,3695.1057,4.0,0.0,1.0,0
17.090721,0.8244235,583.36127,3.0,1070.4498,4.0,1.0,1.0,1
11.756746,0.8667454,4769.641,1.0,1123.5587,4.0,1.0,0.0,0
25.063902,0.68318605,4535.76,1.0,1709.0024,3.0,0.0,0.0,1
24.439293,0.87314093,4140.6616,3.0,2318.6392,4.0,2.0,0.0,1
10.197028,0.562075,4469.275,2.0,2573.4265,3.0,0.0,1.0,0
28.634083,0.6659063,776.105,1.0,3326.086,0.0,1.0,1.0,0
9.436617,0.8582166,2543.4229,1.0,2946.725,2.0,1.0,0.0,0
15.936657,0.8128414,1623.6504,3.0,2413.6025,2.0,2.0,1.0,0
8.422988,0.9186051,4442.5605,3.0,1975.7617,2.0,0.0,1.0,0
28.145264,0.5234285,987.71655,0.0,1336.2732,4.0,0.0,0.0,1
5.773627,0.5871959,1138.7295,1.0,3552.6135,4.0,1.0,1.0,0
2.302408,0.5242473,3449.2366,3.0,1594.3315,2.0,2.0,0.0,0
13.617815,0.5960571,490.0533,0.0,4249.411,0.0,2.0,0.0,0
29.77889,0.5021414,3675.2175,0.0,2934.9507,1.0,0.0,1.0,1
26.85864,0.7521052,1377.2301,0.0,3173.3818,0.0,1.0,1.0,1
22.709633,0.7641572,3321.6301,2.0,2548.8633,2.0,0.0,0.0,1
26.832983,0.8289459,4371.537,1.0,4643.4946,1.0,2.0,1.0,1
26.909952,0.69245625,3067.5764,1.0,2113.762,0.0,1.0,1.0,1
16.046892,0.50160384,1102.7844,0.0,2140.5725,0.0,1.0,1.0,0
10.1619425,0.8369456,293.36935,2.0,4466.142,2.0,0.0,1.0,0
23.388361,0.52714556,270.83917,3.0,3028.4856,0.0,1.0,1.0,1
20.188177,0.9330852,489.6188,0.0,2251.2522,0.0,1.0,0.0,0
11.836074,0.51132697,2920.0986,2.0,1318.134,1.0,0.0,0.0,1
3.7395334,0.76523757,1773.6783,3.0,1232.7717,3.0,0.0,1.0,0
22.656898,0.9474589,1253.3795,2.0,4009.1572,3.0,2.0,0.0,0
8.611355,0.7862448,1135.5675,2.0,1404.5358,1.0,2.0,1.0,0
28.167582,0.8042084,4745.4785,0.0,38.631073,3.0,1.0,0.0,0
7.988147,0.8408054,638.142,3.0,107.10859,0.0,2.0,0.0,0
4.55998,0.56120443,1558.8313,3.0,4892.229,3.0,2.0,0.0,0
25.102268,0.83746356,2383.8125,2.0,2803.5913,0.0,1.0,0.0,0
5.4452453,0.94017744,52.225155,3.0,2450.233,0.0,0.0,1.0,0
6.198781,0.98711044,4608.7183,2.0,4590.2017,4.0,1.0,1.0,0
18.382101,0.721526,540.538,2.0,1764.9202,2.0,2.0,0.0,0
26.362299,0.6722524,3428.2295,3.0,3977.0378,2.0,0.0,0.0,0
6.696605,0.8766548,3162.884,0.0,3611.831,1.0,1.0,1.0,0
9.999387,0.77143717,4054.866,0.0,2390.7114,3.0,2.0,1.0,1
23.54474,0.62865233,3274.3694,0.0,3875.413,3.0,1.0,1.0,0
29.182966,0.58607894,3858.4678,2.0,4829.2344,3.0,1.0,0.0,1
15.521495,0.58511513,2135.1807,0.0,1011.0308,1.0,0.0,0.0,0
5.1730275,0.7295885,2469.0872,1.0,97.37198,3.0,1.0,1.0,0
1.4041524,0.5850622,3523.2273,1.0,4109.0576,3.0,0.0,0.0,0
7.6600246,0.50985944,2863.7122,2.0,2023.8995,2.0,0.0,1.0,0
4.8228445,0.52604437,2582.1157,2.0,2726.5684,1.0,1.0,1.0,0
20.652102,0.9649423,1067.5142,0.0,1120.087,3.0,0.0,0.0,0
4.5331426,0.53648067,1327.6359,2.0,4210.526,2.0,1.0,1.0,0
15.683568,0.53659034,1824.5614,1.0,3608.819,1.0,1.0,1.0,0
21.13361,0.7255942,95.95771,0.0,4767.2993,4.0,1.0,1.0,0
17.85238,0.62255013,2115.949,2.0,2381.5068,2.0,2.0,0.0,0
6.7934937,0.9813469,63.703957,1.0,4883.0596,2.0,1.0,1.0,0
24.31961,0.9554929,2846.8264,1.0,2559.1685,1.0,2.0,0.0,0
21.746807,0.7023716,3534.9424,3.0,3110.8962,3.0,1.0,1.0,0
22.430536,0.7243658,2832.6357,0.0,3373.896,4.0,2.0,0.0,0
4.800675,0.6875568,3482.9238,3.0,2453.9595,3.0,2.0,1.0,0
4.5888605,0.51893306,50.065186,1.0,2818.2732,2.0,1.0,0.0,1
27.899315,0.6464234,344.23776,3.0,1124.3022,3.0,2.0,1.0,1
12.529768,0.56133676,3507.3892,3.0,1818.1917,1.0,1.0,0.0,1
9.727512,0.5511852,4024.3557,3.0,3512.9463,0.0,2.0,1.0,1
15.168938,0.7804308,3602.6228,0.0,204.55492,3.0,2.0,0.0,0
20.223063,0.54938245,3331.9106,3.0,3505.0615,0.0,1.0,0.0,0
28.713074,0.5514657,3551.5442,1.0,1525.8405,0.0,0.0,0.0,1
9.306941,0.74025685,3710.9702,3.0,1366.4608,3.0,2.0,0.0,0
27.819445,0.72114116,3635.6687,3.0,3470.5073,2.0,1.0,0.0,1
1.7209252,0.5688174,3703.1418,2.0,1082.5764,4.0,2.0,0.0,0
17.100742,0.5022245,416.39755,3.0,4808.8003,4.0,2.0,0.0,0
19.385279,0.5964872,363.19418,2.0,4953.4883,0.0,0.0,1.0,1
4.071025,0.61794615,1837.5437,0.0,2295.9211,3.0,0.0,1.0,0
5.0698485,0.9001242,2661.6038,3.0,2013.0775,1.0,2.0,0.0,0
13.154315,0.95771915,3824.9644,2.0,404.3969,3.0,0.0,0.0,0
29.020725,0.7029722,1706.8037,0.0,3893.3113,0.0,2.0,1.0,1
18.285234,0.70251334,1411.8296,0.0,821.99274,2.0,1.0,1.0,0
28.057673,0.85624063,3918.1692,2.0,4665.9087,3.0,2.0,0.0,0
24.326466,0.813461,1284.2174,3.0,4953.0576,2.0,1.0,0.0,1
14.554067,0.5920701,4113.165,2.0,620.8248,2.0,0.0,1.0,0
23.75814,0.5538446,926.8111,1.0,3418.1995,0.0,0.0,0.0,0
1.5172668,0.71880597,1829.3939,1.0,2335.3,0.0,2.0,1.0,0
4.165176,0.7824142,2035.3242,1.0,2710.3179,3.0,0.0,0.0,0
25.05343,0.5693538,1532.5767,1.0,906.07764,2.0,0.0,1.0,1
24.107695,0.6466367,66.61672,1.0,3620.3694,2.0,0.0,0.0,1
7.7465816,0.6529715,1215.7709,0.0,841.39746,1.0,1.0,0.0,0
16.392319,0.6306491,1721.3851,2.0,4427.647,0.0,2.0,1.0,0
18.57446,0.73038065,1602.4432,0.0,2275.3333,3.0,2.0,1.0,0
26.164429,0.82653177,3938.4998,0.0,3177.9917,0.0,2.0,1.0,1
18.490108,0.75469494,284.47043,1.0,4609.738,3.0,2.0,1.0,0
12.964576,0.6007283,1975.296,3.0,3692.318,0.0,2.0,0.0,0
11.851337,0.5514695,235.7015,2.0,2708.831,4.0,1.0,0.0,0
13.35058,0.9109352,4656.7056,1.0,2019.3615,1.0,2.0,0.0,0
19.906,0.73965234,3961.5366,2.0,2316.0542,4.0,1.0,0.0,0
26.157228,0.5310696,4911.6997,2.0,1714.9486,0.0,0.0,1.0,1
14.16301,0.62906075,4555.2944,1.0,4731.4575,2.0,0.0,0.0,1
8.187347,0.9020169,1613.2732,3.0,1271.7606,2.0,0.0,0.0,0
7.8632083,0.87586313,3473.338,2.0,2052.638,0.0,1.0,1.0,1
22.634415,0.9379083,1567.4427,0.0,3893.3374,2.0,1.0,1.0,0
24.680494,0.8010439,4446.6455,3.0,1828.065,1.0,1.0,1.0,0
4.0530643,0.71145296,2083.2268,0.0,4434.1885,2.0,1.0,1.0,1
2.9302068,0.7133175,1910.6433,0.0,1222.9325,1.0,1.0,1.0,0
18.238577,0.597,4574.64,1.0,166.41077,0.0,2.0,0.0,0
5.239024,0.82539946,4191.8643,1.0,3147.468,3.0,2.0,0.0,0
24.915262,0.79253435,4833.747,3.0,2546.1848,2.0,0.0,0.0,1
9.999705,0.5774322,379.11603,2.0,4665.96,4.0,0.0,0.0,0
5.172286,0.94283146,1254.5275,0.0,2121.4304,4.0,2.0,0.0,0
27.708143,0.6842341,1539.2458,1.0,686.5954,1.0,2.0,0.0,0
5.80042,0.5248694,2150.5427,3.0,1655.4302,1.0,0.0,1.0,1
9.256883,0.6639405,2391.9937,2.0,1972.127,4.0,1.0,1.0,0
5.4547887,0.93492836,1492.7886,2.0,2919.8276,1.0,1.0,1.0,0
4.3492117,0.9584783,3962.7295,2.0,1379.7574,0.0,1.0,1.0,0
1.6132925,0.7451992,1155.0585,2.0,2756.0635,2.0,2.0,0.0,0
2.6064668,0.97817,3497.7607,0.0,4541.149,4.0,0.0,1.0,0
6.064603,0.9376209,4266.253,2.0,2124.4146,1.0,1.0,1.0,0
2.5480762,0.91261536,3038.3064,2.0,3261.3318,3.0,0.0,1.0,0
18.143171,0.92985505,1803.0867,0.0,1152.204,1.0,2.0,0.0,0
20.74072,0.6909377,980.06165,2.0,4008.622,1.0,1.0,1.0,1
12.415283,0.87823445,715.0137,0.0,1355.6565,2.0,2.0,0.0,0
10.221742,0.7886695,3733.665,0.0,2903.2158,0.0,2.0,0.0,0
15.631261,0.859842,2372.2034,3.0,1508.2349,1.0,2.0,1.0,0
26.375143,0.58889306,279.28177,1.0,346.33774,1.0,2.0,1.0,0
25.682817,0.86569697,4920.0054,1.0,1605.1171,4.0,2.0,1.0,1
2.2607768,0.97879624,3372.9507,2.0,1068.033,1.0,1.0,1.0,0
6.263454,0.65133166,4228.7036,2.0,4464.442,4.0,1.0,0.0,0
7.865601,0.9930807,2219.034,2.0,1338.1489,0.0,1.0,0.0,0
8.23224,0.689188,4779.4214,3.0,4872.3716,2.0,1.0,1.0,1
17.565746,0.59986174,1037.6488,2.0,2466.8057,1.0,1.0,1.0,1
13.07161,0.5561431,966.4238,0.0,1113.1141,2.0,2.0,0.0,0
2.4283695,0.89248097,4457.1567,0.0,1962.8073,3.0,1.0,1.0,1
11.83481,0.7774127,4463.9995,1.0,925.3213,4.0,1.0,1.0,0
16.188835,0.65356565,2520.1465,1.0,4170.0796,3.0,1.0,0.0,1
3.9484851,0.8042252,672.64246,1.0,608.64667,2.0,1.0,1.0,1
25.170298,0.6660506,1560.8214,0.0,4368.9033,2.0,2.0,1.0,1
2.506894,0.72417885,3783.054,0.0,239.12607,4.0,1.0,1.0,0
27.820414,0.93133205,4237.66,0.0,1505.0436,4.0,1.0,0.0,0
3.8742812,0.83408326,1770.891,3.0,708.0347,3.0,0.0,1.0,0
25.463675,0.8812009,353.10672,1.0,3429.475,0.0,1.0,0.0,0
27.17694,0.7917468,3345.3472,3.0,2566.4854,1.0,1.0,1.0,1
29.407549,0.99569905,3710.5103,1.0,4697.3047,1.0,0.0,1.0,1
24.25875,0.620705,2148.8726,1.0,1837.242,1.0,2.0,1.0,1
23.604849,0.6311456,2936.3333,1.0,213.33798,4.0,2.0,1.0,0
19.632015,0.5462795,4937.489,3.0,3810.6787,0.0,0.0,1.0,1
23.590895,0.7770097,1262.743,2.0,2901.7083,4.0,2.0,0.0,0
4.9020143,0.8066796,2886.2395,0.0,4138.9023,4.0,0.0,0.0,0
16.545973,0.8629808,3074.2542,1.0,2136.4314,2.0,1.0,1.0,0
15.912463,0.66772294,2768.0806,3.0,3693.524,1.0,0.0,1.0,1
25.869593,0.50612843,4352.1914,0.0,863.61786,1.0,1.0,1.0,1
14.421182,0.8161148,3044.7874,3.0,4997.6377,3.0,1.0,1.0,1
12.167596,0.99934775,2564.0557,3.0,876.4984,3.0,0.0,0.0,0
19.547335,0.6472747,658.9244,0.0,4150.705,2.0,0.0,1.0,0
8.727436,0.5919672,3530.8855,2.0,1070.0664,2.0,2.0,1.0,1
5.0532837,0.6408835,703.93146,2.0,3914.7148,4.0,2.0,1.0,0
14.858441,0.71270776,181.52097,3.0,4307.6494,3.0,0.0,0.0,0
13.089791,0.62545645,2468.2292,3.0,4384.438,3.0,0.0,0.0,0
7.7445283,0.67348003,2883.604,0.0,2383.835,1.0,0.0,0.0,0
11.657843,0.81910336,4995.3174,1.0,2149.7769,0.0,0.0,0.0,0
11.625381,0.672514,3576.0176,3.0,4170.6177,2.0,2.0,0.0,1
10.497372,0.69802946,4250.522,1.0,2901.6511,1.0,0.0,0.0,0
12.004458,0.52001566,1764.6208,0.0,3110.1714,1.0,0.0,1.0,1
20.886557,0.95897126,2569.1277,2.0,1187.975,2.0,0.0,1.0,0
9.609418,0.703443,4872.6313,0.0,2236.3235,4.0,1.0,0.0,0
28.51688,0.66407174,2116.0732,0.0,1853.5499,4.0,2.0,1.0,0
27.574093,0.5432421,4046.0876,3.0,3329.9546,3.0,1.0,1.0,1
14.946403,0.8170916,2653.6462,0.0,990.45154,3.0,2.0,1.0,0
10.522475,0.9319125,1158.6112,3.0,2034.7021,2.0,2.0,1.0,1
16.527609,0.5205766,2923.0723,0.0,4245.173,2.0,2.0,0.0,1
25.608253,0.57263625,1129.407,0.0,2736.764,2.0,0.0,0.0,1
19.925034,0.5731949,64.9836,2.0,4481.2593,4.0,2.0,1.0,1
24.327362,0.80113745,1217.6853,0.0,1170.3119,4.0,1.0,1.0,0
16.448946,0.9606153,1006.06195,1.0,2205.1177,2.0,0.0,0.0,0
19.35461,0.71888417,1886.0598,1.0,2507.077,3.0,0.0,1.0,0
9.356513,0.67190325,4448.5547,2.0,2008.8314,0.0,2.0,0.0,0
22.311901,0.8829203,1969.8727,1.0,3425.6228,2.0,0.0,1.0,1
6.8697333,0.87128454,4233.6787,0.0,752.1119,4.0,1.0,1.0,1
21.149145,0.6233781,2800.2844,0.0,2601.8079,3.0,2.0,1.0,1
25.960854,0.58041316,87.69279,0.0,702.474,2.0,2.0,1.0,0
4.830982,0.678905,984.2467,0.0,3149.6956,1.0,0.0,0.0,0
18.817013,0.8878017,4659.826,2.0,4152.938,4.0,1.0,1.0,0
3.7577767,0.8475317,3040.6584,1.0,109.78526,4.0,2.0,0.0,0
22.045753,0.83292687,4651.257,0.0,2290.1118,1.0,1.0,1.0,0
3.4503033,0.9147143,1585.0941,1.0,2468.5908,4.0,1.0,1.0,0
28.142256,0.6385652,3596.984,2.0,3604.0686,2.0,0.0,0.0,1
4.98483,0.6698419,3871.5247,1.0,382.85245,1.0,2.0,1.0,0
28.807528,0.5211697,4879.713,1.0,2036.0437,1.0,0.0,0.0,1
24.225641,0.9343729,139.97359,2.0,3929.5513,2.0,1.0,0.0,0
18.216778,0.7912149,4763.574,2.0,2665.4014,2.0,1.0,1.0,1
23.696098,0.64906114,1988.3716,2.0,3751.7324,3.0,1.0,1.0,0
24.05833,0.53470826,4198.0625,1.0,1826.4088,0.0,1.0,0.0,1
28.434784,0.86170477,2746.3289,1.0,4601.2373,2.0,2.0,0.0,0
8.348117,0.8743688,2845.0151,3.0,395.95285,3.0,2.0,1.0,0
18.112202,0.83308935,1828.9205,3.0,464.91037,4.0,0.0,1.0,0
3.7564268,0.6018905,4150.9395,0.0,2647.1448,1.0,0.0,0.0,0
18.868805,0.95660806,1356.8672,3.0,2359.411,3.0,1.0,1.0,1
5.9674478,0.876579,2486.595,3.0,3195.953,1.0,1.0,0.0,0
17.383568,0.82887816,2822.8638,3.0,1152.9901,3.0,2.0,1.0,0
17.600485,0.82547194,3725.4795,1.0,1137.8812,1.0,1.0,1.0,1
14.51357,0.95217884,2384.595,2.0,3748.0566,3.0,1.0,1.0,0
16.15632,0.9641536,3417.4004,0.0,1465.9083,2.0,0.0,1.0,0
23.153778,0.7978187,2452.2058,0.0,3639.1858,1.0,2.0,0.0,0
24.178097,0.7083347,3313.6372,2.0,3207.128,2.0,0.0,0.0,1
15.272443,0.681867,3387.0103,0.0,425.8025,3.0,1.0,0.0,1
18.38821,0.9095394,3561.7358,0.0,3558.5369,3.0,1.0,0.0,0
28.005852,0.8223027,4125.334,1.0,4398.7817,3.0,0.0,0.0,1
4.4722743,0.538633,2726.5767,1.0,4085.065,3.0,1.0,0.0,1
4.3960032,0.571093,1006.7269,0.0,54.22071,4.0,1.0,0.0,0
3.5435615,0.950093,3414.2222,3.0,2703.1724,2.0,0.0,0.0,0
20.078035,0.94224906,431.73453,2.0,4567.5527,2.0,0.0,0.0,0
13.139641,0.9759162,1133.8274,3.0,2997.641,2.0,0.0,1.0,0
23.45532,0.7139255,3971.1797,3.0,1458.727,2.0,2.0,1.0,1
20.465712,0.8920305,2203.5972,2.0,980.7778,0.0,0.0,0.0,0
10.675495,0.9141125,2515.3186,1.0,3427.8882,4.0,2.0,1.0,0
27.05263,0.6578485,4937.6147,3.0,3858.5571,2.0,2.0,0.0,1
23.113432,0.57266885,1214.1038,2.0,4563.798,2.0,1.0,0.0,0
8.845513,0.99851316,146.78612,1.0,4529.526,4.0,2.0,1.0,0
11.561568,0.5151096,601.29443,1.0,1703.008,2.0,0.0,1.0,0
10.118759,0.79866797,1260.2842,0.0,3023.346,2.0,0.0,1.0,0
5.570738,0.82510614,3643.3042,3.0,516.58075,2.0,2.0,0.0,0
5.285718,0.8408947,3890.319,3.0,481.36813,4.0,1.0,0.0,0
28.147696,0.6278139,2849.1704,2.0,366.62814,1.0,2.0,1.0,0
13.699217,0.8607896,1312.4796,0.0,4636.4497,0.0,2.0,1.0,0
12.116275,0.6081998,2632.6223,3.0,770.6378,0.0,0.0,0.0,1
22.160885,0.91451913,124.0399,0.0,2416.8076,3.0,0.0,0.0,0
17.036798,0.60955834,3424.9146,0.0,2171.031,0.0,2.0,1.0,1
28.14806,0.848353,3090.773,0.0,1630.6078,3.0,0.0,0.0,0
23.628744,0.89170676,157.89287,1.0,2693.276,4.0,1.0,1.0,0
14.901717,0.5944729,4094.2075,1.0,23.926544,3.0,0.0,1.0,0
11.914425,0.6189932,3828.9614,3.0,1906.9452,0.0,0.0,0.0,0
29.612314,0.8895519,1575.7075,1.0,2401.9268,3.0,0.0,0.0,0
21.815046,0.5429995,3195.1145,3.0,4018.4888,2.0,0.0,1.0,0
28.584644,0.5953805,3027.3901,1.0,3507.8076,0.0,2.0,1.0,1
4.4358788,0.72776544,758.7424,2.0,4250.3115,0.0,0.0,1.0,0
25.665476,0.965091,1006.63354,2.0,1887.7281,3.0,2.0,1.0,1
19.475143,0.7809389,3431.8704,3.0,713.1186,2.0,2.0,0.0,1
4.5357285,0.6938389,4671.0806,3.0,2011.2717,2.0,1.0,1.0,0
18.059483,0.9891851,2902.6074,3.0,4815.6675,3.0,1.0,0.0,1
20.896795,0.73185563,2860.675,3.0,1079.4948,2.0,1.0,0.0,0
1.3567779,0.7168675,3251.0745,0.0,882.02924,4.0,2.0,1.0,0
14.1752205,0.70582217,2230.8625,0.0,4722.243,0.0,2.0,0.0,1
24.936586,0.65609,318.1516,1.0,4750.116,1.0,2.0,1.0,1
9.565412,0.6628474,2012.6941,0.0,754.6919,0.0,0.0,1.0,1
14.2978945,0.8439185,4506.2485,1.0,3849.5698,2.0,2.0,1.0,1
13.827109,0.5204178,4034.4866,2.0,2154.415,4.0,0.0,1.0,1
9.755895,0.84090835,4640.7466,1.0,2466.1565,2.0,1.0,1.0,1
27.634815,0.60060227,806.51636,0.0,2498.4539,1.0,0.0,1.0,0
23.657528,0.692104,2554.491,3.0,4842.1743,0.0,1.0,1.0,1
4.207064,0.5732695,2944.4043,1.0,931.459,1.0,2.0,0.0,0
29.914005,0.77637553,1089.1312,3.0,3867.5881,1.0,2.0,0.0,0
26.496801,0.8646752,1044.8027,2.0,38.3138,0.0,2.0,1.0,1
9.233345,0.6773278,3921.063,2.0,3146.7644,0.0,1.0,1.0,1
25.27,0.5817083,3375.667,3.0,3266.863,3.0,1.0,0.0,0
4.0861664,0.6132528,3253.5784,1.0,3770.994,3.0,0.0,0.0,0
29.974037,0.9090565,1371.5879,0.0,4630.5522,3.0,2.0,0.0,1
20.304857,0.63382435,2558.5085,3.0,3771.6372,0.0,2.0,1.0,0
19.853626,0.8873513,164.19627,2.0,3663.3984,4.0,0.0,1.0,0
3.622781,0.6655997,693.233,1.0,1276.3997,2.0,1.0,0.0,0
27.01397,0.59436625,2615.3418,2.0,4964.27,2.0,1.0,1.0,1
1.8409855,0.86365426,1582.8778,1.0,2347.3599,4.0,1.0,1.0,0
7.9840136,0.73427254,4830.0654,3.0,2093.076,1.0,2.0,1.0,1
5.1476345,0.51563865,2383.8494,2.0,2514.3691,2.0,0.0,1.0,0
23.52627,0.97997123,463.64258,1.0,1976.3417,0.0,2.0,0.0,0
6.7479224,0.57387674,138.31963,2.0,2972.2515,2.0,1.0,0.0,1
27.408508,0.6767035,3640.0264,3.0,1754.6267,1.0,1.0,1.0,1
20.031801,0.6923973,898.9584,1.0,1207.3248,0.0,0.0,1.0,0
2.0487187,0.744715,979.6712,3.0,4640.6943,3.0,0.0,1.0,0
1.1574652,0.892722,2147.8457,0.0,4639.8643,0.0,0.0,1.0,0
2.4980795,0.50304514,1357.1,0.0,2486.2646,4.0,2.0,0.0,0
18.57183,0.96623605,3102.0566,3.0,4811.115,1.0,0.0,0.0,1
24.242973,0.8229947,2454.178,2.0,2084.4287,0.0,1.0,1.0,1
7.9180317,0.97532445,601.6805,0.0,1943.0205,2.0,2.0,0.0,0
25.632856,0.90869474,3934.4673,2.0,4585.362,1.0,0.0,1.0,1
2.6597264,0.9639191,2158.0012,1.0,3168.2559,3.0,2.0,0.0,0
24.227951,0.8005003,3073.63,1.0,3814.9617,3.0,0.0,0.0,1
27.906067,0.6786545,69.51455,1.0,2069.5918,2.0,0.0,0.0,0
23.391144,0.721457,3150.6802,1.0,2040.9384,2.0,0.0,1.0,1
21.245502,0.82901615,1450.1068,3.0,425.6855,3.0,0.0,0.0,0
25.301426,0.7134659,2497.1353,1.0,4834.052,3.0,1.0,1.0,1
2.1643877,0.8658364,1523.717,1.0,1147.5153,0.0,0.0,1.0,0
6.851681,0.545924,4981.4907,3.0,2476.3926,2.0,1.0,1.0,1
4.6227865,0.91499335,1192.6694,2.0,581.9053,3.0,1.0,1.0,0
15.631399,0.6020943,4568.655,0.0,3238.2986,1.0,0.0,0.0,1
22.610456,0.9719738,4593.935,2.0,1960.4685,4.0,0.0,1.0,0
19.270344,0.5777729,2133.9531,2.0,3840.6328,2.0,0.0,1.0,0
25.682802,0.5645821,1554.8154,2.0,2646.6094,1.0,0.0,0.0,0
5.501177,0.905938,1936.126,0.0,656.1018,1.0,1.0,1.0,0
22.304012,0.90935093,4947.2285,1.0,63.59514,3.0,2.0,0.0,1
6.598203,0.8693797,3113.0413,2.0,1070.1189,3.0,1.0,1.0,0
8.852004,0.98026526,2746.662,2.0,3624.489,1.0,1.0,1.0,0
21.587236,0.6352698,227.79352,2.0,4144.2856,0.0,0.0,0.0,0
29.42594,0.91332436,4246.823,3.0,1713.2618,0.0,0.0,0.0,1
18.734764,0.67602026,464.837,2.0,2684.266,2.0,0.0,0.0,0
2.5805092,0.7686993,282.5132,1.0,1207.6663,4.0,1.0,1.0,0
18.872961,0.7228,1410.5475,2.0,4403.4116,4.0,2.0,1.0,0
2.228166,0.50292504,2405.1536,1.0,4826.384,2.0,0.0,1.0,1
26.640226,0.7872311,4481.68,1.0,3767.1707,2.0,2.0,0.0,1
21.57777,0.87375295,3960.8901,2.0,453.54474,2.0,1.0,0.0,0
6.0207076,0.5872762,1028.2792,1.0,2191.2217,1.0,1.0,1.0,0
3.6599092,0.96582794,1891.7937,2.0,4952.6235,2.0,1.0,0.0,0
6.3224635,0.7651998,3912.1892,2.0,1154.6302,4.0,2.0,0.0,0
29.420788,0.589123,2659.1077,3.0,3355.6536,3.0,2.0,0.0,0
14.298259,0.8229738,913.7351,0.0,4693.4316,1.0,2.0,1.0,0
23.738348,0.59596133,2010.4733,1.0,3868.285,0.0,1.0,0.0,1
19.455841,0.53176665,3148.3823,3.0,3048.2122,3.0,0.0,0.0,1
17.599981,0.8426576,4867.4673,1.0,2538.4587,4.0,1.0,1.0,0
5.2087774,0.55534744,3325.9697,2.0,4644.7837,0.0,2.0,1.0,0
28.43471,0.55310875,130.16605,2.0,1979.7195,1.0,0.0,1.0,1
9.738936,0.86997175,3539.791,3.0,4507.3325,4.0,1.0,1.0,0
17.762499,0.5276011,1291.7808,0.0,2160.954,1.0,1.0,0.0,0
21.293503,0.9048846,4317.6865,1.0,3785.1597,0.0,1.0,0.0,0
19.82776,0.8980744,1950.255,1.0,4579.4126,1.0,2.0,1.0,0
28.277237,0.5706967,1038.0945,2.0,2757.708,1.0,1.0,0.0,0
5.304731,0.7591903,2366.3386,3.0,1556.3004,2.0,0.0,1.0,0
15.742229,0.5483127,1313.23,0.0,264.42374,4.0,0.0,1.0,1
12.716997,0.8162856,1217.3164,0.0,4048.2073,4.0,1.0,1.0,0
14.750894,0.531465,2887.646,3.0,3113.8296,2.0,2.0,1.0,0
4.4573083,0.97224045,3848.364,2.0,1322.5978,0.0,1.0,1.0,0
4.888744,0.6038654,4183.024,2.0,4388.284,1.0,2.0,1.0,1
9.064191,0.84144735,2018.4658,0.0,4602.311,0.0,0.0,0.0,0
9.836433,0.5641457,380.67862,2.0,4436.9585,0.0,0.0,0.0,0
13.409193,0.6047982,2445.6763,1.0,3011.5742,1.0,2.0,1.0,1
18.71864,0.72547483,2197.2183,2.0,4883.142,0.0,1.0,1.0,1
19.404243,0.7865481,1025.0458,0.0,4375.2803,2.0,2.0,0.0,0
12.942516,0.9994316,4485.9175,1.0,530.2594,1.0,2.0,1.0,0
12.854711,0.5129631,4872.0337,2.0,4905.7188,3.0,0.0,0.0,1
7.3112273,0.50015724,306.1486,2.0,2748.5437,2.0,2.0,0.0,0
18.06088,0.67518353,3988.9446,3.0,4600.979,4.0,1.0,1.0,1
10.194186,0.68307817,3246.2969,3.0,3804.1038,2.0,1.0,0.0,0
2.0457351,0.9419186,1344.1095,0.0,3241.3577,0.0,1.0,1.0,0
13.133601,0.95629126,3194.0227,0.0,1640.0952,4.0,0.0,0.0,0
14.749847,0.9402625,686.7838,1.0,144.87982,1.0,2.0,0.0,0
7.5421934,0.57158935,393.56223,3.0,1390.914,3.0,1.0,1.0,0
17.60128,0.7060524,4967.771,1.0,3432.2434,3.0,0.0,1.0,1
17.407385,0.87294257,3200.0308,3.0,4316.9434,4.0,0.0,1.0,1
21.358063,0.65630555,1303.452,0.0,21.70952,3.0,2.0,1.0,0
19.790506,0.831619,2277.668,3.0,1047.7892,2.0,2.0,0.0,0
19.920559,0.61857146,4752.9365,0.0,3368.608,1.0,1.0,0.0,0
10.170211,0.6617096,2221.6892,3.0,1425.3391,2.0,2.0,0.0,0
23.835535,0.9302148,4507.2,3.0,717.0972,3.0,1.0,1.0,1
16.925188,0.6252545,4350.6055,1.0,418.86115,2.0,2.0,0.0,0
13.511127,0.98216206,1753.5737,1.0,3193.016,0.0,0.0,0.0,0
19.154362,0.65312976,3495.2446,2.0,2978.3506,1.0,0.0,0.0,0
11.459063,0.51176405,3319.4675,2.0,4294.482,4.0,2.0,0.0,0
15.869438,0.62745047,3867.4988,0.0,1581.0399,1.0,2.0,1.0,1
22.364466,0.58560246,1861.3494,0.0,692.2259,2.0,1.0,0.0,0
26.705685,0.7534135,308.57068,3.0,3997.784,4.0,2.0,1.0,1
27.710659,0.55635804,896.6442,3.0,4941.048,1.0,1.0,0.0,0
15.605355,0.81302446,3101.9407,0.0,1808.3438,3.0,2.0,0.0,0
16.087978,0.9374495,3886.7458,3.0,4328.0947,3.0,1.0,1.0,1
24.196241,0.68125945,3792.4407,3.0,3815.1018,1.0,2.0,0.0,1
10.11907,0.58424634,2939.2239,3.0,4558.8105,4.0,1.0,0.0,1
25.284088,0.7000125,469.55283,0.0,2127.6187,2.0,1.0,0.0,1
15.330108,0.89298344,135.5787,2.0,515.4945,1.0,0.0,0.0,0
4.359845,0.7957438,3921.6018,0.0,600.5975,1.0,0.0,1.0,0
3.0897152,0.5505716,2769.4133,0.0,3818.36,1.0,0.0,0.0,0
25.417803,0.76859355,3924.4248,0.0,4318.026,2.0,0.0,0.0,1
2.6114695,0.7340427,855.80286,1.0,2290.5134,1.0,1.0,1.0,0
9.137732,0.6635561,2066.7446,2.0,307.25873,1.0,0.0,0.0,0
10.689771,0.5550803,4599.888,0.0,342.86313,3.0,1.0,0.0,0
6.016839,0.99055594,899.41003,0.0,2997.0156,4.0,0.0,1.0,0
10.102908,0.58802164,354.55817,1.0,4593.9355,3.0,0.0,1.0,0
22.538084,0.5963715,3284.6636,0.0,2003.9218,2.0,2.0,1.0,0
1.4258025,0.57279134,2992.9548,3.0,3256.5928,3.0,0.0,1.0,1
24.98803,0.7850965,4762.551,0.0,2714.6187,2.0,1.0,1.0,1
25.839893,0.7218348,4537.0186,1.0,4449.8916,1.0,0.0,1.0,1
11.795586,0.62477857,3759.6804,1.0,4163.6143,3.0,0.0,0.0,0
5.454774,0.71471167,144.82832,0.0,1004.7493,0.0,0.0,0.0,0
18.424372,0.83676094,2427.9155,3.0,3390.94,4.0,0.0,0.0,0
4.4705043,0.64085025,4485.7046,0.0,4239.041,2.0,0.0,0.0,1
11.582662,0.9576229,2196.573,1.0,4651.9443,4.0,1.0,1.0,0
28.794447,0.6531731,4812.621,2.0,2953.7363,0.0,0.0,1.0,1
29.86847,0.5990895,3279.8154,1.0,887.79706,2.0,2.0,1.0,0
23.391043,0.9772839,591.8128,1.0,2795.5781,2.0,1.0,1.0,0
10.017884,0.9052803,2570.8967,0.0,3332.4368,1.0,1.0,1.0,0
20.942286,0.6715688,3493.305,1.0,1369.7205,2.0,2.0,1.0,0
21.456785,0.9207159,373.57642,0.0,4865.2773,3.0,2.0,1.0,0
12.247409,0.7594071,1756.0151,1.0,1154.338,4.0,1.0,1.0,0
19.58577,0.67337626,3599.5513,1.0,4557.649,4.0,2.0,0.0,0
1.3111017,0.91980577,827.50323,1.0,2131.652,1.0,1.0,0.0,0
7.062672,0.87608254,1774.2825,0.0,12.765283,4.0,2.0,1.0,0
16.22756,0.6489374,3465.0562,3.0,2721.0125,2.0,2.0,1.0,1
5.748788,0.80333924,3888.9275,0.0,3145.1465,2.0,2.0,0.0,1
5.8112993,0.6846951,2616.6333,0.0,4348.123,0.0,1.0,1.0,0
25.252825,0.500526,4786.445,0.0,2707.4106,3.0,1.0,0.0,0
29.684856,0.98090786,4630.3877,3.0,479.70563,4.0,1.0,1.0,0
17.123114,0.77481455,2393.5134,1.0,4634.8,1.0,2.0,1.0,0
25.333023,0.79921633,843.35834,1.0,2831.1204,4.0,2.0,0.0,0
29.719328,0.7999457,3876.0112,3.0,1364.9407,0.0,0.0,0.0,1
5.106281,0.7753207,1253.5409,0.0,4495.3047,4.0,0.0,1.0,0
13.999123,0.64502394,4221.9653,0.0,613.3582,1.0,2.0,0.0,0
12.384609,0.98578805,2956.3645,0.0,496.43936,2.0,1.0,0.0,0
3.3214293,0.8108342,2000.7604,2.0,2679.6953,0.0,1.0,0.0,0
22.904575,0.83546066,2804.0977,3.0,3128.1724,4.0,2.0,0.0,0
13.579592,0.72739637,2687.4033,2.0,2559.6863,2.0,0.0,0.0,0
14.610481,0.6439307,4627.4277,3.0,4645.6704,4.0,0.0,1.0,1
5.3695164,0.53217447,1111.097,3.0,1321.476,1.0,2.0,1.0,0
6.246873,0.6751151,4644.3843,1.0,4951.273,0.0,2.0,1.0,0
27.306005,0.5880487,205.13815,0.0,106.55318,3.0,2.0,1.0,0
2.2948236,0.83104414,3857.5562,0.0,601.4846,0.0,2.0,1.0,0
7.752716,0.93950194,4602.3574,3.0,936.5248,3.0,2.0,0.0,0
9.469721,0.65137744,2000.5583,2.0,407.0829,0.0,2.0,1.0,1
15.215729,0.6664413,411.6826,3.0,2196.7073,0.0,2.0,0.0,0
18.00691,0.83518225,4033.1042,2.0,4328.207,3.0,1.0,1.0,1
15.305409,0.57463574,4222.181,3.0,4105.589,3.0,2.0,1.0,1
3.4393446,0.9647187,1714.4741,3.0,3726.3367,0.0,0.0,0.0,0
8.066356,0.6819234,2617.0369,3.0,46.972916,0.0,1.0,0.0,0
25.464064,0.5505997,4056.8718,3.0,4329.873,4.0,0.0,0.0,1
19.490072,0.587342,1000.61273,0.0,1988.5305,0.0,2.0,1.0,0
19.825323,0.966373,3163.43,2.0,3660.8723,1.0,1.0,1.0,0
20.435894,0.62355965,2181.6218,3.0,3637.3242,4.0,0.0,0.0,1
23.124187,0.8311344,913.358,1.0,895.82996,2.0,1.0,1.0,0
2.6851459,0.5780826,4165.629,3.0,2581.8203,0.0,0.0,1.0,0
11.631643,0.59705085,1657.1702,1.0,4631.643,4.0,0.0,1.0,0
16.646296,0.9396191,4675.409,0.0,1322.6127,1.0,1.0,0.0,0
10.815238,0.57401663,2866.2227,2.0,3577.989,3.0,1.0,0.0,0
25.489887,0.5093753,2596.8245,0.0,4790.675,3.0,1.0,1.0,0
14.994603,0.7506166,2145.3645,1.0,1809.5496,1.0,0.0,1.0,1
23.2902,0.9313634,2033.3209,3.0,1944.292,1.0,2.0,1.0,0
25.70845,0.6629955,4098.933,0.0,2268.2869,2.0,0.0,1.0,1
15.638953,0.56408113,3403.6292,0.0,4047.1057,1.0,2.0,0.0,0
27.377014,0.9911154,3879.766,3.0,2202.0308,0.0,0.0,0.0,0
18.026594,0.8383693,2134.3667,3.0,2436.3674,3.0,0.0,0.0,0
25.657955,0.9253453,1344.1143,1.0,1119.3643,3.0,1.0,1.0,0
10.877133,0.8760691,479.98282,1.0,4941.842,3.0,2.0,1.0,0
15.465692,0.84912115,3894.4473,3.0,4462.847,3.0,2.0,1.0,0
16.410921,0.692282,2105.6184,2.0,3005.269,2.0,1.0,1.0,0
4.0444117,0.66217,2570.6567,3.0,4803.195,4.0,0.0,0.0,0
12.5580225,0.8584793,2373.249,0.0,3438.119,4.0,2.0,0.0,0
27.602793,0.8583565,2184.1323,2.0,4795.937,4.0,0.0,1.0,0
19.294134,0.9752942,3435.303,2.0,816.06396,0.0,1.0,0.0,1
6.147691,0.7843299,3063.234,0.0,1135.0325,0.0,2.0,0.0,0
10.826814,0.64731055,4861.6665,2.0,4427.0605,2.0,1.0,1.0,1
6.556487,0.7447644,737.57434,0.0,2105.173,3.0,2.0,0.0,0
1.7198708,0.80685693,2888.9207,3.0,1862.0769,1.0,2.0,0.0,0
27.896353,0.7133649,363.03882,2.0,3774.1335,0.0,2.0,0.0,0
13.998013,0.8955666,4049.1963,0.0,3155.325,0.0,1.0,1.0,0
9.918517,0.7923066,3100.7412,2.0,1726.9172,2.0,2.0,0.0,0
18.355839,0.5047179,2170.475,0.0,1995.3243,4.0,0.0,1.0,1
1.2121192,0.7849199,4021.0664,3.0,2047.835,2.0,0.0,1.0,0
9.062641,0.8168019,2302.263,0.0,640.3933,3.0,0.0,0.0,1
21.38797,0.95763063,1177.5411,2.0,1155.4741,0.0,0.0,1.0,0
19.379324,0.70686084,2388.8787,0.0,2692.2761,1.0,0.0,1.0,1
29.472372,0.7872338,400.6174,0.0,3911.3174,3.0,2.0,1.0,0
18.990374,0.7374987,4494.4126,3.0,2101.051,2.0,1.0,1.0,0
14.847671,0.7658282,3668.244,1.0,1922.9304,0.0,1.0,0.0,1
23.081545,0.533652,3813.5632,0.0,3256.0757,1.0,1.0,0.0,0
27.196508,0.94864184,4378.7417,2.0,794.6968,3.0,1.0,1.0,0
21.900183,0.95520616,3968.2844,0.0,1909.9441,3.0,1.0,1.0,1
28.933125,0.7740298,2187.6704,2.0,1048.5999,4.0,0.0,0.0,0
23.67815,0.77827775,637.2502,3.0,3261.7146,1.0,2.0,0.0,0
26.137241,0.528778,1898.1556,2.0,570.6964,4.0,2.0,1.0,0
4.309018,0.7989752,4673.719,0.0,2244.636,4.0,0.0,0.0,0
22.239992,0.7145759,4747.998,0.0,2984.9485,1.0,0.0,0.0,1
13.762572,0.8545218,3850.9607,0.0,4170.0405,1.0,0.0,1.0,1
17.04001,0.52356243,1061.9314,2.0,3625.511,4.0,1.0,0.0,0
19.96897,0.85544384,1012.5268,2.0,4714.887,1.0,2.0,1.0,0
29.124638,0.6434469,4404.869,2.0,3402.5933,2.0,2.0,1.0,0
29.552765,0.8258527,752.4838,1.0,1752.4563,4.0,2.0,1.0,0
9.358619,0.813563,2941.4805,0.0,1166.3021,1.0,1.0,1.0,0
22.27885,0.6134207,1922.3458,3.0,292.3462,4.0,2.0,0.0,1
22.749523,0.72022617,1544.9545,2.0,1395.1622,0.0,0.0,1.0,0
11.048293,0.91781664,3403.041,2.0,692.87494,1.0,2.0,1.0,0
4.5922236,0.8027958,4799.8667,0.0,1852.4316,1.0,0.0,0.0,0
2.1874619,0.5343692,3899.287,1.0,3515.865,2.0,2.0,0.0,1
23.542952,0.72145444,2456.505,1.0,3463.2498,1.0,0.0,1.0,1
15.201292,0.65588576,2231.522,2.0,1597.6505,4.0,2.0,1.0,1
29.580666,0.82082283,4542.9375,3.0,2547.6763,3.0,1.0,0.0,1
14.48423,0.807282,2911.6301,3.0,1091.6902,3.0,1.0,0.0,0
29.359592,0.5051991,2508.3633,2.0,2519.8538,3.0,0.0,1.0,0
12.935704,0.80384773,3430.0376,1.0,2555.3086,3.0,0.0,1.0,0
24.016783,0.86742485,1223.9114,1.0,1513.4712,3.0,2.0,1.0,1
3.459759,0.884365,365.49066,2.0,1304.7443,3.0,0.0,0.0,0
17.108389,0.5294879,4282.802,1.0,4898.0767,3.0,0.0,1.0,1
24.259733,0.6518292,3055.9453,1.0,2690.2463,4.0,1.0,0.0,0
27.816349,0.7106368,866.14166,3.0,2814.7625,0.0,2.0,1.0,0
24.85491,0.58988583,1525.3373,2.0,48.89251,2.0,1.0,0.0,0
2.0721512,0.71036696,4950.171,1.0,917.3855,0.0,0.0,0.0,0
11.808368,0.5355648,3190.397,2.0,1789.5436,0.0,0.0,1.0,1
2.4122558,0.5566086,3198.7551,1.0,4830.244,4.0,2.0,1.0,0
4.1691866,0.83434737,407.21014,0.0,884.45624,2.0,0.0,0.0,0
20.583862,0.6312862,4846.5093,3.0,1523.4156,3.0,1.0,1.0,1
21.684488,0.85570294,4469.2754,1.0,4950.8833,3.0,2.0,0.0,1
23.4379,0.5240543,2761.5232,1.0,2410.7322,0.0,1.0,0.0,1
26.09824,0.7813515,1581.4751,0.0,1598.8549,2.0,0.0,0.0,0
22.443512,0.6957243,3505.3733,3.0,3175.451,0.0,2.0,1.0,0
24.225277,0.8984857,4175.203,2.0,2486.5483,1.0,2.0,1.0,1
2.4199476,0.89197576,3941.301,1.0,4787.671,0.0,1.0,1.0,0
7.8015194,0.68777984,4886.3843,2.0,425.14328,3.0,2.0,1.0,0
19.035036,0.811357,3202.4343,1.0,3954.8342,0.0,2.0,0.0,1
25.885633,0.6137744,1640.0659,1.0,1402.641,2.0,2.0,1.0,0
1.1305037,0.7902034,2514.7417,1.0,4035.28,1.0,1.0,0.0,0
15.924251,0.54063237,4090.77,0.0,4240.1245,4.0,0.0,1.0,1
20.641335,0.71730214,1363.4458,3.0,4247.622,3.0,2.0,1.0,0
1.8586113,0.59136385,1195.4708,3.0,4334.8115,1.0,2.0,1.0,0
12.639311,0.94169056,3637.9312,3.0,3593.4563,1.0,2.0,0.0,0
26.973412,0.72245044,2249.9158,1.0,720.5967,3.0,1.0,0.0,0
20.476772,0.79538685,4092.0234,3.0,268.99393,3.0,2.0,1.0,0
7.8920927,0.6801909,761.23376,1.0,1710.4186,2.0,0.0,0.0,0
25.730652,0.6443705,1711.6975,3.0,2480.3987,0.0,0.0,0.0,0
11.092912,0.6014599,1377.0945,0.0,1520.0782,0.0,1.0,0.0,0
25.746996,0.9559358,3504.4473,1.0,3713.6125,3.0,2.0,0.0,0
9.669366,0.8997329,3808.6797,2.0,3614.993,2.0,0.0,0.0,1
18.119287,0.5666306,2307.2134,3.0,4859.9033,4.0,0.0,0.0,1
12.511262,0.8733624,2416.2454,1.0,2008.8597,0.0,2.0,1.0,1
8.969927,0.7092654,703.5578,1.0,3930.781,0.0,1.0,0.0,0
26.710169,0.50769836,3524.049,3.0,3708.588,3.0,2.0,1.0,1
6.4402165,0.76418364,4961.972,1.0,4943.86,4.0,1.0,0.0,0
3.459536,0.56502324,3900.7131,2.0,3870.34,3.0,1.0,1.0,0
10.915881,0.6049672,1154.406,1.0,1425.0369,0.0,0.0,0.0,0
21.811535,0.8480205,3134.4575,0.0,86.209274,0.0,2.0,1.0,0
24.415516,0.62857103,1510.0363,1.0,4841.149,4.0,0.0,0.0,1
29.963558,0.94594413,199.37393,2.0,3583.1846,2.0,1.0,1.0,1
9.5945,0.82858485,940.1231,0.0,4064.907,2.0,1.0,1.0,1
12.830317,0.91614175,557.8382,0.0,3968.2883,4.0,2.0,0.0,0
4.967817,0.8075948,1019.86615,3.0,3681.4478,1.0,2.0,0.0,0
17.671286,0.9344248,3988.242,0.0,3759.8577,1.0,2.0,0.0,0
29.929821,0.68084234,1499.519,0.0,4647.9966,3.0,0.0,1.0,0
21.32555,0.7745703,3797.3477,2.0,4571.4155,4.0,0.0,1.0,1
18.261173,0.7579452,4746.8696,2.0,1902.3414,1.0,2.0,0.0,1
12.378704,0.95189536,2892.6519,0.0,164.498,0.0,2.0,1.0,0
27.543665,0.5824577,2452.7742,0.0,203.02115,0.0,1.0,1.0,0
15.410582,0.7890304,3763.1296,3.0,2238.7253,0.0,2.0,0.0,0
4.8966403,0.8772156,530.5962,2.0,4176.548,1.0,0.0,0.0,0
11.595976,0.68502486,2169.65,2.0,4239.58,2.0,1.0,0.0,0
2.9478333,0.93379074,2519.1816,0.0,2027.904,2.0,0.0,1.0,1
6.8573923,0.6865074,4163.704,0.0,1515.042,1.0,2.0,1.0,1
1.5123947,0.58665437,4080.3774,0.0,2537.9412,3.0,2.0,0.0,0
14.145118,0.7920242,4248.9136,3.0,4164.3906,4.0,0.0,1.0,0
19.401669,0.710284,3504.471,3.0,3186.1157,1.0,2.0,1.0,1
10.955482,0.50759506,2676.2512,2.0,707.631,3.0,0.0,1.0,1
13.1910715,0.5349193,4148.0024,2.0,1817.5474,2.0,2.0,0.0,1
28.817068,0.5976386,4372.748,0.0,2781.5752,3.0,0.0,1.0,1
22.80693,0.88466495,2428.3987,3.0,2695.9294,0.0,2.0,1.0,0
16.684843,0.94601977,4929.0264,2.0,4154.864,3.0,1.0,0.0,0
9.251685,0.7728204,4380.3496,2.0,4661.537,3.0,0.0,0.0,0
27.012907,0.5527827,2576.825,3.0,511.31085,3.0,0.0,1.0,0
7.8178163,0.7672095,392.9736,0.0,1129.7938,4.0,1.0,1.0,0
10.434939,0.92780274,1161.2356,1.0,1966.863,3.0,0.0,1.0,0
27.362879,0.8747388,3893.1729,0.0,1489.0264,4.0,1.0,1.0,1
16.35672,0.64554906,600.21356,1.0,2047.3696,3.0,2.0,1.0,0
22.52722,0.5619453,2375.5103,1.0,213.19893,2.0,2.0,0.0,0
18.1316,0.95034087,3044.0183,1.0,339.40622,4.0,1.0,1.0,0
19.949738,0.9270444,4397.817,2.0,4193.424,3.0,2.0,0.0,0
9.682116,0.5268577,4243.2134,1.0,521.8831,2.0,2.0,1.0,0
7.9997897,0.9118372,3833.1758,0.0,4122.135,2.0,1.0,1.0,0
10.352278,0.54860634,2068.0864,0.0,1539.4949,1.0,0.0,0.0,0
5.5078053,0.53164184,754.1338,2.0,1553.0247,3.0,2.0,1.0,1
26.355116,0.8793005,3364.7642,2.0,512.72766,2.0,0.0,1.0,1
9.214161,0.76815534,947.37866,3.0,76.18427,0.0,1.0,0.0,1
17.283192,0.707274,2828.5066,3.0,1782.8901,2.0,2.0,1.0,0
23.967258,0.9519311,4904.357,0.0,4178.431,4.0,1.0,1.0,1
23.7309,0.9196518,2774.0334,2.0,4600.5776,1.0,1.0,0.0,0
13.7132015,0.52881175,3245.5066,0.0,317.31192,3.0,1.0,1.0,0
14.811462,0.8080436,3403.9985,0.0,164.23123,2.0,1.0,1.0,0
29.846352,0.88613373,4160.4224,3.0,802.4151,1.0,2.0,1.0,1
20.563326,0.7752453,2203.1543,1.0,3833.7861,1.0,2.0,0.0,0
24.624516,0.99150276,2512.674,3.0,1032.365,4.0,2.0,1.0,0
27.174065,0.8430238,921.06146,0.0,1161.7438,0.0,0.0,1.0,0
23.840105,0.5520715,3092.6655,2.0,4445.824,3.0,0.0,1.0,1
6.370201,0.599149,1514.0021,1.0,4375.9956,4.0,1.0,0.0,1
17.302952,0.91312283,2562.7424,3.0,3354.7432,0.0,2.0,0.0,0
3.9549305,0.99837834,3844.458,2.0,828.4288,3.0,1.0,0.0,0
19.934742,0.54916966,136.97102,3.0,1911.9344,3.0,0.0,1.0,1
28.705133,0.55016464,2841.3818,1.0,1188.5253,1.0,0.0,0.0,0
15.86923,0.88169354,908.55286,3.0,3362.5095,0.0,0.0,0.0,0
13.556202,0.53217715,1432.9475,3.0,3901.856,4.0,2.0,1.0,1
2.0394397,0.53428006,221.83073,3.0,719.24725,0.0,2.0,0.0,0
28.833462,0.94440824,888.84064,1.0,4490.8,4.0,1.0,0.0,0
3.987078,0.9002249,4933.8154,3.0,2319.5012,3.0,1.0,1.0,0
2.1912937,0.9407816,4992.6875,2.0,3977.079,4.0,0.0,1.0,0
8.135932,0.8252567,3613.2473,0.0,267.67166,1.0,2.0,0.0,0
2.9003825,0.66126823,3078.6914,3.0,1809.3002,0.0,1.0,1.0,0
14.198418,0.9531566,3896.1843,0.0,83.75693,3.0,2.0,1.0,0
15.966546,0.6493618,4487.944,2.0,3595.2388,1.0,1.0,0.0,1
10.064528,0.6377554,2620.56,0.0,406.46033,2.0,1.0,0.0,0
2.477854,0.94320023,224.65579,3.0,1698.0461,2.0,1.0,0.0,0
4.2364106,0.8404113,3561.5093,2.0,3910.926,1.0,1.0,1.0,1
12.150627,0.94783604,4923.782,3.0,3747.3428,3.0,2.0,0.0,0
2.755325,0.57795066,1327.3622,2.0,3205.0452,2.0,1.0,1.0,1
21.247501,0.9761484,2344.1545,2.0,3473.163,3.0,2.0,1.0,0
7.003596,0.8063711,1838.3082,3.0,3259.6443,3.0,2.0,0.0,0
9.760076,0.8340175,1982.8141,1.0,3209.967,3.0,1.0,1.0,0
12.429647,0.9570303,3620.93,2.0,1754.7766,1.0,0.0,0.0,1
13.081679,0.69037646,1923.1017,1.0,150.54686,3.0,2.0,0.0,0
1.0481606,0.8597875,4708.366,0.0,2214.711,1.0,2.0,0.0,0
4.2500405,0.8201703,3958.8093,3.0,236.84366,4.0,2.0,0.0,0
26.020172,0.8938764,186.85277,1.0,2349.6482,4.0,2.0,1.0,0
1.0357589,0.94847137,4101.817,0.0,2325.7542,2.0,0.0,1.0,1
15.736854,0.84003043,3875.6443,3.0,901.8205,0.0,2.0,1.0,1
15.195559,0.5338198,2606.644,3.0,3923.4656,4.0,0.0,0.0,1
10.659731,0.5915702,2509.246,2.0,3524.0046,2.0,0.0,1.0,1
13.508484,0.9769891,4185.8584,1.0,2802.1023,4.0,0.0,0.0,0
23.636852,0.98432523,2152.6873,3.0,4630.2837,0.0,0.0,1.0,0
25.394907,0.98370665,839.3386,2.0,1443.0637,1.0,0.0,0.0,0
8.550108,0.5183997,1598.8492,1.0,1317.5408,1.0,0.0,0.0,1
10.352222,0.6912241,1362.752,1.0,925.3447,4.0,1.0,1.0,0
8.032002,0.8798364,3421.2422,3.0,2726.7546,2.0,1.0,1.0,0
14.9160385,0.8764429,935.4231,3.0,1034.7323,0.0,1.0,0.0,0
20.814493,0.54295444,3241.6235,2.0,4345.789,3.0,0.0,0.0,1
7.6193333,0.8047444,2356.5364,0.0,1528.5057,0.0,2.0,1.0,0
10.591336,0.5714348,4206.322,0.0,2459.7458,2.0,0.0,0.0,1
27.981153,0.7466047,2450.744,1.0,2652.2588,4.0,1.0,0.0,1
2.4085095,0.6198428,4652.5293,2.0,1545.1562,2.0,0.0,0.0,0
14.362319,0.5265806,4507.3223,3.0,3694.7139,2.0,0.0,0.0,0
21.635183,0.54000974,967.1735,3.0,3463.4438,0.0,0.0,0.0,1
5.3631663,0.9554465,3446.5234,1.0,3806.447,2.0,2.0,1.0,0
2.3738465,0.872323,1112.3925,0.0,3033.5432,4.0,0.0,0.0,0
5.0079556,0.965912,4125.3564,1.0,2306.3096,4.0,1.0,0.0,1
27.645872,0.73499495,3196.8296,0.0,2250.0962,4.0,1.0,1.0,0
1.2685337,0.70664626,1505.8826,3.0,3585.5076,1.0,0.0,0.0,0
6.461337,0.6792036,1283.162,0.0,1891.4059,0.0,1.0,1.0,0
1.9072219,0.80815357,2176.4094,3.0,2191.9263,1.0,0.0,0.0,0
4.2082543,0.6757797,4013.5786,2.0,826.7189,1.0,0.0,1.0,1
18.98433,0.87313664,3991.0,0.0,3401.356,0.0,2.0,1.0,1
8.007528,0.90065867,215.21231,2.0,393.8545,3.0,1.0,1.0,0
17.507149,0.9379223,1546.3218,2.0,4952.656,2.0,1.0,1.0,0
18.115665,0.6214005,2143.1123,0.0,727.2505,3.0,0.0,1.0,1
25.633625,0.763511,2948.6309,0.0,1921.0623,0.0,1.0,1.0,0
1.1375004,0.6117223,790.1587,1.0,1196.5254,3.0,2.0,1.0,0
25.747715,0.5187779,1709.651,0.0,1460.384,0.0,2.0,0.0,0
18.954454,0.85391265,4433.705,2.0,1619.0417,3.0,0.0,0.0,1
5.719561,0.77449065,2408.9102,2.0,3594.4998,4.0,2.0,0.0,0
23.415184,0.8619636,3733.509,0.0,891.9789,1.0,0.0,1.0,0
25.809256,0.54381144,2449.6536,0.0,1326.6442,1.0,2.0,0.0,1
8.373641,0.9977631,2351.6638,2.0,515.0184,2.0,1.0,0.0,0
27.645018,0.99717426,3128.5312,1.0,1663.9854,2.0,2.0,0.0,0
14.179265,0.7324999,1333.8544,1.0,4706.7964,2.0,1.0,1.0,0
18.49931,0.93302935,1286.5204,1.0,1906.7438,0.0,2.0,0.0,0
29.554836,0.62178427,4947.302,0.0,3888.9182,1.0,2.0,0.0,1
11.484547,0.86878306,4351.5103,3.0,2313.9026,2.0,0.0,1.0,0
24.581621,0.9396129,3701.8867,3.0,2253.5024,3.0,2.0,1.0,1
10.233575,0.90733314,728.8655,2.0,4121.615,3.0,1.0,1.0,0
24.177193,0.90588707,199.61232,1.0,143.82907,3.0,0.0,1.0,0
18.421284,0.7315133,918.2919,0.0,4325.7837,2.0,1.0,1.0,0
7.2743154,0.90999496,4691.768,1.0,2431.1902,2.0,0.0,1.0,0
13.006757,0.8453524,4090.6343,3.0,1762.1246,1.0,1.0,1.0,1
10.211433,0.5662257,2639.2263,0.0,4535.1064,1.0,1.0,1.0,0
3.2651434,0.5570922,4845.464,3.0,1705.8982,1.0,1.0,1.0,1
1.8652084,0.88596106,775.5814,1.0,4888.71,2.0,1.0,0.0,0
11.047881,0.81273204,2817.7947,1.0,4682.419,0.0,1.0,0.0,0
1.5519903,0.7596881,956.9495,3.0,1346.9369,1.0,2.0,0.0,0
5.7991447,0.9536309,1566.8215,3.0,1709.6075,0.0,1.0,1.0,0
22.030315,0.8297952,4703.6685,3.0,4062.716,2.0,0.0,1.0,1
21.534645,0.6980734,4347.9785,1.0,986.0943,2.0,1.0,0.0,0
22.41883,0.7069659,553.904,2.0,3662.4382,0.0,2.0,1.0,0
10.197442,0.8026222,1285.2418,1.0,654.46423,0.0,1.0,1.0,0
26.810564,0.8801376,2992.812,0.0,1035.9716,2.0,0.0,1.0,1
18.221087,0.7821767,353.6963,1.0,2507.524,1.0,2.0,0.0,0
4.6547637,0.75438046,2772.919,0.0,3731.9497,4.0,1.0,1.0,0
5.167841,0.86345035,2943.2327,0.0,3699.749,0.0,1.0,1.0,0
21.099768,0.8526323,1490.2876,2.0,3048.5222,2.0,0.0,0.0,0
6.015374,0.9151734,1500.9587,2.0,1367.8423,4.0,2.0,1.0,0
15.711489,0.53127587,1183.9424,1.0,2082.7356,0.0,0.0,0.0,0
29.76146,0.87747604,4681.598,2.0,1238.6091,2.0,1.0,0.0,1
1.1162206,0.7568802,1974.9121,3.0,1392.3169,2.0,1.0,0.0,0
1.4808142,0.53734654,2947.0818,3.0,1622.8878,2.0,1.0,0.0,0
29.799454,0.839505,1542.7942,2.0,2998.25,4.0,0.0,0.0,0
17.954527,0.8582701,3528.1868,0.0,1045.8984,2.0,2.0,1.0,0
4.6803894,0.7618136,552.1343,2.0,222.4219,1.0,1.0,1.0,0
27.021763,0.89689946,404.62564,0.0,3465.3486,1.0,2.0,0.0,0
26.531029,0.6501241,3734.2046,0.0,118.81394,3.0,2.0,0.0,0
16.549812,0.60095364,3647.0063,1.0,4854.2163,1.0,2.0,0.0,1
19.03197,0.675367,1361.7566,1.0,1757.9247,3.0,1.0,1.0,0
8.922428,0.70502526,1807.4812,0.0,42.84105,1.0,2.0,0.0,0
2.4650712,0.8479668,4788.4395,0.0,4424.0806,0.0,1.0,0.0,0
18.24246,0.92275995,566.43494,3.0,3003.0247,2.0,1.0,0.0,0
9.5479,0.8604591,956.578,2.0,4088.7876,1.0,1.0,1.0,0
20.24501,0.58699375,2178.69,2.0,2180.7734,1.0,2.0,1.0,0
25.25111,0.68310857,1446.3895,0.0,1777.3676,1.0,0.0,0.0,1
1.5266558,0.5792069,3262.5923,3.0,3279.3953,0.0,2.0,1.0,0
18.2757,0.8433621,3468.4785,1.0,2035.9443,1.0,0.0,1.0,1
7.7071357,0.62408596,2655.621,2.0,2785.481,4.0,2.0,1.0,0
26.342766,0.76269346,3075.4268,1.0,1396.3362,1.0,0.0,1.0,1
8.356271,0.8959149,2195.433,0.0,1669.9006,3.0,2.0,1.0,0
18.712334,0.83546966,3813.917,1.0,420.1319,2.0,2.0,1.0,0
17.052685,0.64918697,258.38757,0.0,3909.0461,0.0,2.0,1.0,1
12.488829,0.6664334,1598.8121,3.0,1750.7656,4.0,2.0,1.0,0
20.651003,0.82668215,3437.9287,1.0,4875.2456,4.0,1.0,1.0,0
22.04732,0.7747339,1681.7433,3.0,1306.1965,1.0,2.0,1.0,0
17.441196,0.54819673,438.74963,3.0,2380.513,0.0,1.0,0.0,0
22.994246,0.9369958,1757.8165,0.0,1534.6057,4.0,0.0,0.0,0
29.519094,0.75630665,3571.8992,1.0,3472.6875,0.0,1.0,1.0,1
13.158899,0.7366805,653.8251,0.0,4043.7458,4.0,0.0,0.0,0
15.922909,0.5992197,3636.9253,0.0,2440.1836,0.0,1.0,0.0,0
1.3616265,0.6884969,3888.5059,3.0,1840.9685,4.0,0.0,0.0,0
24.084827,0.6664124,3194.7388,2.0,3726.309,4.0,0.0,0.0,1
16.086672,0.6353679,1258.9585,1.0,965.36066,1.0,2.0,0.0,0
12.830881,0.78370327,4036.212,0.0,3001.337,1.0,2.0,1.0,1
3.728087,0.7311377,1111.4904,2.0,3670.7861,0.0,1.0,0.0,0
26.800035,0.94459885,4533.8135,2.0,1353.6554,3.0,1.0,1.0,1
12.45521,0.970672,3547.8962,0.0,3281.9397,1.0,1.0,1.0,1
20.794867,0.60973674,320.86365,0.0,3678.7786,3.0,1.0,1.0,1
5.3318505,0.5500527,4006.4712,1.0,595.909,3.0,2.0,1.0,0
28.88494,0.8926688,2556.846,2.0,1626.2983,2.0,0.0,0.0,0
6.174811,0.9974307,2290.612,3.0,2037.4672,1.0,1.0,0.0,0
6.786718,0.9318,2131.5305,1.0,3882.0273,1.0,0.0,0.0,0
25.910503,0.5118487,3052.8188,0.0,2841.8506,2.0,2.0,1.0,0
27.4649,0.62563175,3636.6636,3.0,2253.3118,0.0,1.0,0.0,1
7.1522746,0.5216711,4485.0845,1.0,1600.6746,2.0,2.0,0.0,1
14.624226,0.91038966,1401.0768,2.0,30.266222,3.0,1.0,0.0,0
22.271353,0.7907035,3172.3425,0.0,110.898254,2.0,0.0,0.0,0
26.472607,0.75685924,3447.396,0.0,1209.8267,1.0,0.0,0.0,0
11.992528,0.77722496,3390.2458,0.0,592.28613,4.0,2.0,0.0,0
15.993566,0.62622565,2490.3533,3.0,606.7371,2.0,0.0,1.0,0
22.509775,0.80081916,1985.5616,0.0,3017.6707,3.0,2.0,1.0,1
22.202944,0.5153335,3823.7751,3.0,3031.2222,0.0,1.0,1.0,1
23.705843,0.82300586,1535.0486,3.0,233.41283,4.0,0.0,1.0,0
17.52808,0.86721694,1079.8632,2.0,2973.7368,3.0,0.0,0.0,0
4.033838,0.8365131,2751.8545,3.0,737.63477,4.0,2.0,0.0,0
27.215225,0.6660588,1374.6737,3.0,1892.3564,3.0,0.0,0.0,1
26.101604,0.9131315,214.50415,2.0,4948.5225,2.0,0.0,1.0,1
24.144825,0.857772,305.29993,3.0,2614.8066,2.0,2.0,0.0,0
3.8960118,0.56414866,3490.302,2.0,180.59819,3.0,1.0,1.0,1
6.9275236,0.5975721,4867.072,0.0,1744.8145,2.0,2.0,1.0,0
22.564411,0.8185542,2300.7075,0.0,3357.7817,3.0,0.0,1.0,1
1.6710627,0.64470804,777.9526,1.0,1130.7434,1.0,2.0,0.0,0
29.397514,0.55971646,4099.5117,1.0,4822.6016,3.0,0.0,0.0,1
11.937196,0.5774845,1344.1077,1.0,2132.2156,1.0,0.0,0.0,0
21.860064,0.5828086,4978.351,0.0,115.22566,2.0,0.0,1.0,1
26.739561,0.7388955,2838.1577,2.0,2707.425,0.0,0.0,0.0,0
12.444266,0.8036927,1201.5311,1.0,3384.1863,4.0,1.0,0.0,0
10.254842,0.58820117,2505.2236,3.0,2285.396,3.0,0.0,0.0,0
18.653492,0.8562483,1710.1373,3.0,4641.5723,1.0,1.0,0.0,0
17.848692,0.6405063,3908.3862,2.0,4510.6416,0.0,1.0,0.0,1
12.865059,0.65577906,573.78864,3.0,703.41077,4.0,2.0,1.0,0
18.451468,0.6117493,4292.1636,1.0,408.94135,0.0,0.0,1.0,0
28.12606,0.89260304,3848.3176,3.0,1568.4219,2.0,0.0,0.0,1
14.561567,0.9799069,4313.751,3.0,3044.582,0.0,0.0,0.0,1
6.705523,0.7462499,4480.219,0.0,3011.9607,3.0,1.0,0.0,0
11.938973,0.52101535,1187.4003,2.0,1365.499,1.0,1.0,0.0,0
12.429103,0.63028467,2628.9788,1.0,4755.9917,2.0,0.0,0.0,0
4.802152,0.57902515,4257.1147,1.0,1543.5853,2.0,1.0,0.0,1
5.7232738,0.9213811,1918.0704,1.0,4022.955,1.0,1.0,0.0,0
20.8523,0.542427,349.01752,3.0,4161.581,3.0,1.0,0.0,0
10.844855,0.9832381,1493.5901,3.0,501.19073,2.0,1.0,0.0,0
28.692053,0.79425687,1247.5055,1.0,1170.4391,2.0,1.0,1.0,1
8.064305,0.7588699,4356.81,1.0,1083.8057,1.0,2.0,0.0,0
3.8688107,0.9236753,2346.0396,2.0,4599.06,2.0,2.0,1.0,1
22.851633,0.5137738,3433.544,2.0,1762.0135,1.0,2.0,0.0,0
26.550045,0.8885764,4812.4897,1.0,4183.992,2.0,1.0,0.0,1
9.065288,0.55830204,1530.9799,1.0,2395.3098,3.0,0.0,1.0,1
6.860555,0.92038906,3817.9377,3.0,2291.523,2.0,0.0,1.0,0
6.387218,0.7645881,162.6824,1.0,4518.0728,0.0,1.0,1.0,0
16.138357,0.5305647,565.37506,1.0,2210.098,4.0,1.0,0.0,0
14.584083,0.9166225,851.2322,1.0,3726.811,3.0,1.0,1.0,0
8.523755,0.51365703,1596.4708,1.0,2127.6438,4.0,0.0,0.0,0
2.3100204,0.5691854,2044.7867,2.0,518.32996,0.0,2.0,0.0,0
14.963249,0.89891225,2411.2288,2.0,274.94302,4.0,0.0,0.0,0
28.820639,0.7324356,1264.3901,0.0,1049.1185,2.0,1.0,1.0,0
19.923058,0.94069433,377.76584,3.0,3614.1174,4.0,1.0,1.0,1
15.36969,0.81771463,3403.7393,1.0,1874.5121,3.0,1.0,0.0,1
4.21007,0.81176436,167.1237,0.0,2275.9968,4.0,0.0,1.0,0
8.320652,0.64611757,4056.8796,2.0,518.3632,0.0,1.0,1.0,1
9.548445,0.5668403,4649.3164,0.0,3118.9575,2.0,0.0,0.0,1
23.179302,0.9805862,3566.3262,3.0,4019.2065,3.0,2.0,0.0,0
26.424614,0.55239886,3000.0046,3.0,3127.1694,2.0,2.0,1.0,1
27.147614,0.7645053,3302.2417,2.0,4923.224,4.0,2.0,0.0,0
29.55249,0.6362843,3278.499,3.0,91.54354,3.0,2.0,0.0,1
29.488634,0.6320703,4661.9404,1.0,88.19244,0.0,2.0,1.0,0
28.636974,0.7972931,4823.314,1.0,2505.028,0.0,0.0,0.0,0
3.082842,0.8989671,2162.2227,2.0,1339.3762,3.0,2.0,1.0,0
4.9960127,0.88858974,3104.542,1.0,3435.687,1.0,1.0,0.0,0
9.829529,0.93440086,4023.895,3.0,3968.1187,1.0,0.0,0.0,0
17.03405,0.64645135,55.138878,1.0,521.1552,4.0,2.0,0.0,0
3.8123589,0.7328757,2658.7288,1.0,4587.5176,0.0,2.0,1.0,0
25.528112,0.5046673,3281.7378,2.0,159.31546,2.0,0.0,0.0,1
18.88593,0.8734288,3600.167,0.0,3445.1355,1.0,2.0,0.0,0
16.728567,0.65117157,1875.5076,2.0,1928.6588,0.0,2.0,1.0,0
5.7940283,0.78074676,1513.44,3.0,3340.5217,1.0,1.0,1.0,0
8.344409,0.58465016,951.6057,3.0,497.20523,2.0,0.0,0.0,0
5.649049,0.90969974,2811.187,0.0,4686.031,2.0,2.0,1.0,0
25.706062,0.9086361,4600.552,0.0,4687.6675,0.0,2.0,0.0,0
17.942608,0.9387265,4485.092,0.0,2601.81,3.0,0.0,0.0,0
22.318754,0.5229685,1831.8313,3.0,2552.827,1.0,0.0,0.0,0
9.584953,0.99622935,1326.3829,1.0,3177.6929,2.0,0.0,1.0,0
11.766327,0.6238897,3954.5295,0.0,2904.544,2.0,0.0,0.0,0
12.740794,0.65471685,3638.6511,2.0,2722.2974,2.0,1.0,0.0,0
23.040434,0.6246679,2551.4321,3.0,2950.0637,2.0,2.0,0.0,0
23.398237,0.63376635,1975.6998,0.0,4294.5645,1.0,2.0,1.0,0
6.9975924,0.77633065,662.7996,0.0,3059.2231,2.0,2.0,0.0,0
28.304626,0.6199053,3936.436,0.0,987.21344,2.0,0.0,1.0,1
4.499005,0.69688565,3106.449,0.0,4570.421,0.0,0.0,0.0,0
26.987541,0.8278033,1915.5643,0.0,1087.6434,3.0,0.0,1.0,0
3.9114738,0.9180131,4598.0005,0.0,834.15686,2.0,2.0,0.0,0
8.671655,0.84637076,3315.38,2.0,4985.3184,1.0,0.0,0.0,0
25.547878,0.7971614,4649.7324,0.0,1074.9493,0.0,2.0,0.0,1
6.2052703,0.5738643,2398.3418,2.0,509.46585,1.0,1.0,1.0,0
12.99347,0.9080578,2300.3582,1.0,2814.416,2.0,1.0,1.0,0
14.045919,0.5186374,4689.3345,2.0,4137.697,4.0,2.0,1.0,1
8.112511,0.6320958,4800.968,2.0,313.1461,3.0,0.0,1.0,1
21.59711,0.52852947,4805.7983,2.0,2455.6199,2.0,1.0,1.0,1
25.688705,0.8337145,4103.542,3.0,351.8267,0.0,0.0,0.0,1
26.362679,0.68418556,2338.9104,0.0,2149.1687,1.0,0.0,1.0,0
10.8403425,0.82602423,1090.9816,2.0,1726.3611,4.0,2.0,1.0,0
16.39466,0.6735155,1948.0323,1.0,694.2758,0.0,1.0,1.0,0
8.203786,0.72787035,4694.5728,2.0,4655.795,3.0,0.0,1.0,0
8.099098,0.7289805,1849.5938,0.0,3178.086,2.0,0.0,1.0,0
5.6763678,0.5227903,3795.7512,1.0,4216.851,1.0,0.0,1.0,0
28.260551,0.7151133,4618.8716,3.0,4530.663,4.0,2.0,1.0,1
26.751677,0.8205322,4853.4414,3.0,4651.625,1.0,0.0,1.0,1
23.543404,0.7730261,4740.987,1.0,3743.092,3.0,2.0,0.0,0
16.012184,0.5376419,2797.5352,0.0,1541.6721,0.0,0.0,1.0,1
15.22763,0.834028,2484.8064,2.0,4146.3735,4.0,1.0,0.0,0
16.362625,0.6544314,4938.8203,1.0,2605.7126,0.0,1.0,1.0,1
16.560472,0.5072174,1129.987,1.0,1365.5531,1.0,0.0,1.0,1
13.602329,0.5777978,978.2748,0.0,1935.0114,4.0,1.0,0.0,0
4.82089,0.74877983,4817.7524,1.0,1513.1055,3.0,0.0,1.0,0
4.644252,0.65520084,3461.5144,0.0,2336.3582,3.0,0.0,0.0,0
28.615242,0.8471915,2704.7048,0.0,3908.8623,1.0,0.0,1.0,0
14.978892,0.62032676,703.6465,2.0,2429.488,3.0,0.0,1.0,0
28.64296,0.8863981,2590.5393,3.0,1346.6143,4.0,2.0,0.0,1
5.7437296,0.6432386,4723.8945,0.0,446.14136,3.0,0.0,1.0,1
17.07808,0.81043184,3034.312,0.0,4280.2227,1.0,1.0,1.0,0
7.0238004,0.8996082,2052.9116,0.0,2092.6694,4.0,0.0,0.0,0
8.342354,0.69277805,2777.96,2.0,2215.1936,0.0,0.0,1.0,0
1.8715827,0.52340245,4436.418,3.0,3820.9707,4.0,0.0,1.0,0
4.449646,0.7677228,4568.601,1.0,4250.1353,0.0,1.0,1.0,0
27.588604,0.9977045,2030.4364,0.0,2560.613,0.0,2.0,1.0,0
10.324457,0.98449594,3059.9019,0.0,3165.5154,0.0,1.0,1.0,0
18.635748,0.6105111,1432.053,2.0,1203.392,0.0,0.0,1.0,1
14.48541,0.87784827,2282.8723,1.0,4675.9893,3.0,0.0,0.0,0
12.613086,0.67247593,1138.4191,1.0,2843.9272,1.0,0.0,1.0,1
16.424696,0.58013624,2680.7876,0.0,3600.8284,0.0,0.0,1.0,1
6.4299293,0.8329573,2912.2886,3.0,579.92316,1.0,1.0,1.0,0
29.669514,0.75043434,1722.2919,1.0,3188.2356,4.0,1.0,0.0,1
24.730928,0.7696153,1396.9856,2.0,1851.0594,2.0,2.0,1.0,0
22.506824,0.91369635,797.5768,2.0,2255.8142,3.0,0.0,0.0,0
14.59402,0.66827184,740.74115,0.0,3413.9885,1.0,2.0,1.0,1
5.4334364,0.83354735,3571.7324,0.0,3983.6746,2.0,0.0,1.0,0
27.69931,0.68309575,1147.1082,3.0,1753.3325,3.0,2.0,0.0,1
10.900225,0.52136195,633.98627,3.0,4367.4517,3.0,2.0,0.0,0
2.453094,0.6890076,4994.415,1.0,1102.7616,0.0,0.0,1.0,0
10.929707,0.97501725,1336.5867,0.0,2818.8623,3.0,0.0,1.0,0
24.039253,0.74163127,4485.439,1.0,764.81476,3.0,0.0,1.0,0
19.058554,0.55411524,3065.4705,3.0,1453.3563,0.0,2.0,0.0,1
22.774319,0.84391344,3589.5974,2.0,4478.103,1.0,0.0,1.0,1
24.015427,0.9816897,2826.5486,0.0,67.66831,3.0,0.0,1.0,0
7.1466837,0.95397264,945.01544,2.0,4578.9,0.0,0.0,0.0,0
27.789717,0.7859804,4242.9053,0.0,1648.7262,3.0,0.0,0.0,1
13.701698,0.6881404,4148.4653,1.0,3482.019,4.0,2.0,0.0,0
19.531395,0.7903388,1780.943,1.0,467.6743,2.0,0.0,1.0,1
1.0669544,0.90796554,3831.061,1.0,3209.9446,2.0,1.0,0.0,0
29.807686,0.93061864,2738.0493,2.0,4548.212,0.0,1.0,0.0,0
9.145995,0.9094219,4549.7935,0.0,2780.4575,3.0,2.0,0.0,0
2.7998302,0.7277382,4023.9807,3.0,1816.9863,4.0,2.0,0.0,0
14.289599,0.559429,252.92906,2.0,3969.9524,4.0,2.0,1.0,0
4.741872,0.7845867,4402.416,1.0,3566.4998,2.0,1.0,1.0,0
5.4174747,0.5782144,4844.404,3.0,597.2859,0.0,2.0,1.0,0
19.3362,0.5304792,3723.673,1.0,3331.8506,1.0,0.0,1.0,1
12.394895,0.7493339,643.57196,1.0,3326.6326,1.0,1.0,1.0,0
27.73372,0.8276867,4046.5107,0.0,3762.0867,0.0,2.0,0.0,0
10.255538,0.92707366,3255.0708,3.0,1588.3712,0.0,2.0,0.0,0
22.059223,0.8914178,1727.1903,3.0,2012.3771,2.0,0.0,0.0,0
14.371883,0.9286203,4425.951,0.0,4800.59,0.0,1.0,1.0,0
20.138588,0.8800344,2849.5552,3.0,2871.55,0.0,2.0,0.0,0
18.391165,0.8516197,4271.993,3.0,2547.44,4.0,0.0,1.0,1
14.710735,0.5050688,3367.063,1.0,4934.38,3.0,1.0,0.0,1
28.551771,0.81305116,1478.1547,3.0,1155.4926,4.0,1.0,1.0,1
10.938696,0.5602409,4876.343,2.0,1995.7052,1.0,0.0,0.0,1
6.1398296,0.5293336,2876.4775,2.0,3801.819,1.0,2.0,0.0,1
20.664728,0.57820606,2607.9385,0.0,3568.3718,3.0,1.0,1.0,1
25.53422,0.91164607,2047.3727,0.0,4833.8364,3.0,2.0,1.0,0
2.1673584,0.8719247,724.9038,2.0,3274.9587,1.0,1.0,0.0,0
14.039348,0.9743862,3446.7537,1.0,1572.3439,4.0,1.0,0.0,0
26.882143,0.9894881,2182.456,3.0,1994.2833,3.0,2.0,1.0,0
22.73894,0.946642,4676.332,0.0,457.66748,1.0,2.0,0.0,0
29.762424,0.56646305,4827.231,3.0,4619.3643,0.0,1.0,1.0,1
16.411001,0.93919134,3849.8223,2.0,652.0534,0.0,1.0,1.0,0
20.139875,0.91931856,1250.3491,3.0,2733.0615,4.0,2.0,0.0,0
9.771928,0.93554294,3594.0994,3.0,2012.9617,4.0,2.0,1.0,0
28.478533,0.5758428,151.08766,3.0,679.7758,2.0,2.0,1.0,0
11.623729,0.5583959,4140.6826,1.0,1472.0314,3.0,0.0,0.0,1
22.416811,0.96190447,2493.4119,2.0,3171.5093,4.0,0.0,0.0,1
12.691066,0.58691335,4686.8613,0.0,165.94495,0.0,0.0,1.0,1
17.29275,0.68431085,1919.9122,1.0,4830.2876,4.0,1.0,0.0,0
21.873693,0.7279924,1352.7094,1.0,4546.387,2.0,0.0,1.0,0
15.75909,0.5622213,4975.529,1.0,432.16122,2.0,2.0,1.0,0
27.305504,0.51031715,2676.8555,2.0,4343.084,0.0,2.0,1.0,0
13.159729,0.9970452,4322.7534,0.0,1649.5704,3.0,0.0,0.0,0
19.765081,0.9383286,4559.733,2.0,346.8472,3.0,2.0,0.0,1
10.928511,0.95616895,2616.4202,1.0,1537.503,0.0,1.0,0.0,1
12.836543,0.64228153,2305.784,0.0,4046.3486,3.0,0.0,0.0,1
13.761453,0.6100508,2786.7854,2.0,3332.499,0.0,0.0,1.0,1
4.6484036,0.7129333,4246.3105,3.0,1200.4124,1.0,0.0,1.0,1
3.6599867,0.72665966,4825.0684,2.0,3598.6907,3.0,1.0,0.0,0
20.357208,0.5027997,1675.1945,0.0,3542.0273,3.0,0.0,1.0,0
20.010014,0.88962656,3706.2205,2.0,3716.8782,0.0,0.0,0.0,1
20.224382,0.9983335,1462.6036,2.0,2707.8767,2.0,2.0,1.0,0
1.5732269,0.7643454,3074.2175,2.0,4096.5386,1.0,1.0,0.0,0
10.469858,0.69412935,4033.7085,1.0,3210.3975,3.0,1.0,0.0,1
6.7364855,0.69637597,4438.1074,0.0,635.74207,4.0,0.0,0.0,1
23.566391,0.54803854,2271.145,0.0,4053.1775,3.0,1.0,0.0,0
25.958282,0.6330809,1880.2906,1.0,1625.6028,3.0,1.0,0.0,0
8.153731,0.7510664,1304.5854,2.0,3528.1233,2.0,0.0,0.0,0
20.367626,0.715924,710.415,2.0,3378.9072,2.0,1.0,0.0,1
4.751521,0.7725174,1856.3419,2.0,1686.2035,1.0,0.0,1.0,0
8.9794235,0.92453283,4366.29,1.0,816.80145,4.0,2.0,1.0,0
5.0209804,0.6126211,2123.1072,1.0,3477.8408,1.0,2.0,0.0,0
9.222102,0.5138321,1620.6012,0.0,4246.6265,4.0,2.0,1.0,0
20.56736,0.5191127,3708.7046,3.0,4192.7744,3.0,1.0,0.0,1
27.39948,0.56708443,1117.1432,1.0,3136.2593,4.0,2.0,1.0,1
6.87315,0.7852415,1318.6196,2.0,1144.7623,3.0,0.0,1.0,0
16.720291,0.90409243,4682.748,1.0,1587.8877,1.0,2.0,0.0,1
21.340342,0.94340295,453.869,1.0,3775.592,1.0,0.0,1.0,0
28.634752,0.8175566,2102.4243,0.0,2060.1611,0.0,0.0,0.0,0
18.691753,0.70157164,2904.9185,3.0,3665.162,4.0,0.0,0.0,1
8.398101,0.57725734,1189.7905,0.0,1554.1555,0.0,1.0,1.0,0
19.138866,0.70070916,1441.0118,3.0,41.52805,4.0,0.0,0.0,1
10.294244,0.66620755,1148.1345,0.0,3021.4155,3.0,0.0,1.0,0
29.307724,0.93501294,1758.6686,0.0,3008.5725,0.0,0.0,1.0,1
12.590608,0.7433597,4497.6035,3.0,3141.4978,4.0,0.0,1.0,0
20.877403,0.61309797,2186.3574,3.0,1348.2463,0.0,2.0,1.0,0
1.6735998,0.64440054,2118.2537,3.0,4057.2441,0.0,0.0,0.0,0
12.601782,0.5682351,1963.5753,3.0,2442.4595,2.0,0.0,0.0,0
26.37812,0.9592927,4822.373,1.0,3814.3157,0.0,0.0,0.0,0
18.696596,0.52517295,630.6322,0.0,3059.3564,0.0,1.0,0.0,0
13.874344,0.5064231,4365.783,2.0,2086.1934,3.0,2.0,1.0,1
28.142187,0.59149444,1669.4473,2.0,3401.338,4.0,1.0,1.0,1
25.765547,0.905437,4784.7324,2.0,2879.137,0.0,0.0,1.0,1
10.3442545,0.7617334,1610.3749,0.0,2558.4485,3.0,0.0,0.0,0
16.791904,0.81292164,460.2281,0.0,3246.3171,3.0,2.0,1.0,0
15.204904,0.67886585,2624.2073,2.0,438.83548,0.0,1.0,1.0,0
19.333872,0.534339,1177.9346,3.0,4552.2026,0.0,1.0,1.0,0
10.689227,0.92807907,3777.2996,3.0,1682.0594,2.0,2.0,1.0,0
8.081945,0.59594715,3303.6628,2.0,1131.2179,3.0,2.0,0.0,0
27.467484,0.5165296,3448.0222,1.0,3861.264,1.0,0.0,0.0,1
27.79236,0.78635204,1007.77295,1.0,1163.7972,2.0,2.0,1.0,0
25.456364,0.54164463,3557.7197,2.0,4978.8906,2.0,2.0,1.0,1
29.367928,0.54788095,1591.0886,2.0,2108.2578,3.0,2.0,1.0,1
22.604753,0.9001885,4993.4365,0.0,1490.1558,1.0,0.0,1.0,1
23.17535,0.7458048,3672.25,1.0,319.7047,3.0,2.0,1.0,1
23.115112,0.62075424,2972.5369,2.0,218.60284,4.0,0.0,0.0,0
14.937621,0.6743132,4342.233,3.0,484.7514,2.0,1.0,0.0,0
14.237114,0.8646205,2967.093,3.0,35.113815,3.0,0.0,0.0,0
7.966562,0.5331771,2786.1118,3.0,1642.179,0.0,1.0,1.0,0
19.699757,0.5582403,1224.7123,0.0,1559.1675,4.0,2.0,1.0,0
9.390284,0.80813104,3406.6543,1.0,2156.1577,1.0,1.0,1.0,0
8.476444,0.8034859,1904.4899,2.0,1172.2854,0.0,1.0,1.0,0
17.99288,0.9862311,263.259,3.0,323.07837,2.0,0.0,1.0,0
12.889489,0.68727475,4089.5059,1.0,365.101,1.0,2.0,0.0,0
7.346842,0.53253883,306.7722,3.0,918.9104,2.0,2.0,0.0,0
24.665625,0.7687687,3377.8855,2.0,1589.7817,4.0,0.0,0.0,0
25.956528,0.8191734,825.76843,2.0,748.48035,2.0,0.0,0.0,0
5.863286,0.5698014,2191.219,2.0,1831.938,1.0,1.0,1.0,0
1.2177039,0.77643096,4302.504,3.0,4611.8784,4.0,1.0,0.0,0
10.747769,0.59888357,517.3768,2.0,1315.399,1.0,0.0,0.0,0
24.127813,0.922365,3352.3958,2.0,850.3126,4.0,0.0,1.0,1
25.336042,0.9175807,3082.463,1.0,3327.2334,4.0,0.0,0.0,1
5.011543,0.71481454,4344.2725,1.0,2459.4963,2.0,2.0,1.0,0
23.455742,0.9833716,905.0376,2.0,245.79755,3.0,1.0,0.0,0
4.355421,0.98988694,4008.9482,3.0,3941.1587,3.0,0.0,1.0,0
12.311815,0.56462556,2278.0999,2.0,3579.5615,4.0,0.0,1.0,1
29.959677,0.6838569,2171.7874,3.0,4886.7188,2.0,2.0,0.0,1
6.585134,0.8001607,1840.8325,2.0,4692.15,2.0,1.0,1.0,1
5.464944,0.5424189,1958.592,1.0,2925.399,1.0,1.0,0.0,0
13.2612095,0.69132775,2623.8,2.0,3433.2463,2.0,1.0,0.0,1
18.970387,0.630586,578.6591,2.0,2053.439,3.0,0.0,0.0,0
28.054123,0.9760251,2154.0762,3.0,4443.451,2.0,2.0,0.0,0
29.443813,0.7057929,3277.3071,1.0,2768.516,1.0,0.0,1.0,0
3.0195785,0.88133544,2516.0522,0.0,1634.5011,2.0,2.0,1.0,0
5.001928,0.6933527,870.8559,0.0,57.362545,2.0,1.0,0.0,0
23.9314,0.56590605,1847.106,0.0,2936.3843,0.0,0.0,1.0,1
8.848332,0.9315758,2242.6604,2.0,2631.915,3.0,1.0,0.0,0
26.660624,0.50020844,3360.9304,3.0,4061.267,4.0,0.0,0.0,1
20.240145,0.52797043,4508.7935,2.0,943.1531,1.0,2.0,1.0,1
4.2434993,0.6821922,2774.359,0.0,4078.8523,1.0,1.0,0.0,0
25.143349,0.8434491,3398.0222,1.0,86.26521,0.0,2.0,1.0,1
6.114335,0.6708521,432.08865,3.0,2940.6938,2.0,0.0,1.0,0
13.281366,0.5331564,4774.612,0.0,1990.2935,2.0,1.0,0.0,0
17.013363,0.65892,1610.283,2.0,1664.2874,4.0,0.0,0.0,0
15.522219,0.6224904,1803.7441,1.0,2172.147,4.0,0.0,0.0,0
20.898724,0.5027099,1153.0718,3.0,1125.7216,3.0,1.0,0.0,0
19.927916,0.767401,469.11685,2.0,925.294,1.0,0.0,0.0,0
29.769218,0.55832297,3960.7317,2.0,4027.4834,0.0,1.0,1.0,1
29.983236,0.64374816,1240.4259,2.0,1146.5139,2.0,0.0,1.0,1
15.977323,0.8205949,1449.3043,3.0,3687.4902,3.0,1.0,1.0,1
3.7607734,0.8625578,949.89154,2.0,3559.6892,0.0,0.0,0.0,0
22.107456,0.6317278,4875.682,2.0,176.66808,2.0,0.0,0.0,0
29.323257,0.66459686,3916.1223,3.0,4406.5513,0.0,1.0,0.0,1
10.231465,0.62345463,4653.0034,2.0,3948.882,1.0,0.0,1.0,1
14.375057,0.9784443,4315.531,2.0,3982.3755,1.0,2.0,0.0,1
13.318531,0.59525985,4536.169,1.0,4047.8633,0.0,0.0,1.0,0
2.4911554,0.5915903,2421.2185,1.0,2916.9407,1.0,1.0,0.0,0
20.495668,0.72251767,894.1801,0.0,4966.9707,3.0,0.0,1.0,0
11.246793,0.5946532,1668.0576,2.0,903.9692,4.0,2.0,1.0,1
23.836452,0.57835424,1497.635,1.0,370.9563,3.0,2.0,1.0,1
25.131483,0.5479398,3599.8125,3.0,3523.7957,1.0,0.0,0.0,1
24.815693,0.82008564,177.0798,3.0,1476.7468,4.0,0.0,1.0,1
13.083314,0.8060411,753.10895,3.0,3045.0837,2.0,0.0,0.0,0
10.324824,0.82508147,3430.2812,1.0,1964.5911,1.0,0.0,0.0,0
22.715803,0.88665,661.0397,2.0,1674.2855,4.0,0.0,0.0,0
24.240294,0.663179,289.04465,3.0,4467.3105,1.0,2.0,0.0,1
15.246466,0.9592119,590.61505,2.0,718.7969,3.0,1.0,0.0,0
26.8979,0.8666023,3468.8372,2.0,953.0384,0.0,1.0,1.0,1
5.1733522,0.9023543,739.66003,1.0,3342.526,1.0,0.0,0.0,0
26.492994,0.8604811,774.2066,1.0,3915.179,4.0,0.0,0.0,1
3.7867618,0.6792278,1189.986,2.0,4162.7505,1.0,1.0,0.0,1
5.45224,0.64151627,3767.008,3.0,1163.4371,4.0,2.0,1.0,1
16.48136,0.71125853,1041.747,0.0,4411.746,2.0,1.0,0.0,0
2.958036,0.5485152,225.10822,0.0,3051.6577,4.0,1.0,0.0,0
2.531406,0.72564024,4534.0234,0.0,4117.86,2.0,0.0,1.0,0
1.0150436,0.5215705,4387.7764,2.0,351.92447,2.0,2.0,1.0,0
13.653183,0.501973,964.85406,1.0,1790.9027,1.0,2.0,1.0,0
23.464092,0.96574944,1363.4458,1.0,2629.0713,1.0,2.0,1.0,0
2.010312,0.84466845,983.36,3.0,2889.0156,4.0,2.0,0.0,0
19.91547,0.7809235,3611.696,0.0,504.36707,2.0,2.0,0.0,0
24.870691,0.670551,1287.544,0.0,2697.9045,2.0,0.0,1.0,0
5.8720245,0.785269,4660.6763,0.0,3330.7773,1.0,0.0,1.0,1
5.2590485,0.9457879,4146.823,1.0,1814.3595,3.0,0.0,1.0,1
25.963228,0.82619005,2962.5857,2.0,2508.6887,1.0,1.0,1.0,0
24.870613,0.801241,94.24421,0.0,1469.9065,1.0,1.0,0.0,0
16.62931,0.73010224,4424.1636,0.0,4353.7964,0.0,0.0,1.0,1
24.756796,0.6728485,3652.4202,0.0,3000.041,4.0,2.0,1.0,0
3.6899261,0.84927356,3950.1416,3.0,2760.8567,0.0,1.0,1.0,0
12.439964,0.9904905,405.53476,0.0,4722.3438,4.0,1.0,0.0,0
22.39613,0.71237886,3557.3728,2.0,3328.0083,1.0,2.0,1.0,1
8.466106,0.6961026,4032.7178,2.0,1406.319,0.0,1.0,1.0,1
22.81754,0.71405673,4785.345,0.0,3212.348,4.0,0.0,0.0,1
15.62118,0.712772,2923.3289,2.0,4808.501,3.0,2.0,0.0,0
22.757713,0.9953124,2564.8071,1.0,127.555695,3.0,2.0,0.0,0
14.47571,0.85338914,2155.714,2.0,3136.6892,2.0,0.0,1.0,0
11.669226,0.67959225,3521.374,0.0,792.60645,3.0,1.0,0.0,0
7.3564873,0.6857512,4608.0654,2.0,4084.133,0.0,1.0,1.0,0
7.0430007,0.7153985,3018.7876,3.0,3207.0159,1.0,0.0,0.0,1
22.793234,0.5183561,1175.0541,0.0,4685.5776,2.0,0.0,0.0,0
4.4484,0.7639082,136.99106,2.0,3351.1936,3.0,2.0,1.0,0
3.493488,0.9056905,3114.6099,2.0,95.92228,2.0,1.0,1.0,0
6.1124496,0.8302839,4329.76,0.0,2556.6658,2.0,1.0,1.0,0
6.0850487,0.59921044,376.57764,2.0,4519.3037,3.0,2.0,0.0,0
24.870121,0.8640171,2017.9775,2.0,1169.192,0.0,1.0,0.0,0
12.556692,0.8597293,4703.2324,1.0,423.65305,2.0,2.0,0.0,1
29.721266,0.63126963,2533.301,1.0,3602.2405,1.0,1.0,0.0,1
4.9791265,0.8114373,1142.2582,2.0,2517.5178,2.0,2.0,0.0,0
19.952656,0.8054745,1800.5992,2.0,247.50035,0.0,0.0,0.0,0
14.013156,0.9198938,2070.2908,3.0,1406.777,4.0,2.0,0.0,0
12.394628,0.56803614,630.58307,0.0,1640.4757,4.0,0.0,0.0,0
26.377441,0.59741926,3320.9216,3.0,3342.6287,4.0,2.0,0.0,1
29.292274,0.7429848,2981.2134,0.0,2363.2852,4.0,1.0,1.0,0
26.31291,0.52207255,3256.2283,2.0,2441.0798,3.0,1.0,1.0,1
6.5767198,0.7077971,3073.4182,1.0,4034.9524,1.0,2.0,0.0,0
7.4031396,0.89410955,132.52673,0.0,1399.3013,0.0,1.0,0.0,0
20.026142,0.5743572,913.5911,2.0,3366.138,3.0,2.0,1.0,0
9.383424,0.7299744,869.5814,2.0,1844.111,4.0,2.0,0.0,0
22.30703,0.9948846,534.85986,2.0,2097.6665,1.0,2.0,1.0,0
17.426199,0.75296,3690.605,1.0,2783.9531,4.0,0.0,1.0,0
16.976355,0.7491619,644.6792,1.0,3481.2776,0.0,2.0,1.0,1
25.02786,0.7793968,3357.5605,2.0,4726.5244,1.0,1.0,0.0,0
21.60545,0.5930022,933.03204,0.0,1352.3657,3.0,0.0,1.0,0
1.7707552,0.57358193,635.6354,3.0,527.68866,2.0,2.0,1.0,0
2.434315,0.8386773,854.52374,2.0,2149.6716,3.0,2.0,1.0,1
18.445194,0.6978834,2566.5972,3.0,2738.1128,1.0,2.0,0.0,1
15.09957,0.6449533,3245.1384,0.0,1147.738,3.0,2.0,0.0,1
8.545355,0.5156958,4069.028,2.0,4453.5737,1.0,1.0,0.0,1
13.1410265,0.92302525,686.38293,2.0,3996.2466,0.0,1.0,0.0,0
22.979399,0.5161644,3100.1245,3.0,2473.3828,2.0,0.0,1.0,0
24.971733,0.87499154,3880.506,1.0,2255.819,2.0,1.0,0.0,0
17.275469,0.69099426,1596.4056,3.0,213.29887,2.0,0.0,0.0,0
12.1757145,0.7993439,444.59213,0.0,2689.0798,0.0,2.0,0.0,0
8.850206,0.623839,821.9325,3.0,2982.778,2.0,2.0,0.0,0
16.135635,0.57769984,503.2153,2.0,4459.2427,0.0,2.0,0.0,0
10.127739,0.766694,4441.699,3.0,2510.4792,4.0,1.0,1.0,1
17.358759,0.84780884,1914.6732,0.0,795.31335,0.0,2.0,1.0,0
20.62292,0.5977467,2640.5757,1.0,908.48395,4.0,0.0,1.0,0
2.9162972,0.71817946,3855.0063,2.0,807.7384,0.0,1.0,0.0,0
1.0309565,0.7223275,1888.9172,2.0,4693.289,3.0,2.0,1.0,0
7.156037,0.60798955,3263.058,0.0,3969.0125,1.0,2.0,0.0,0
26.940834,0.7825247,429.56528,2.0,4125.583,0.0,2.0,0.0,0
19.742432,0.5729678,2430.483,1.0,4203.763,1.0,1.0,0.0,1
5.9868503,0.7548746,527.76886,0.0,487.21686,0.0,0.0,0.0,0
26.817656,0.5567157,1279.0065,2.0,3513.8625,3.0,2.0,0.0,0
14.628722,0.7427712,1502.0371,2.0,3524.6401,4.0,1.0,0.0,0
14.806661,0.6557995,3602.0398,0.0,1131.8604,1.0,1.0,1.0,1
28.130716,0.72612315,3386.8157,3.0,2458.422,2.0,0.0,0.0,1
2.725114,0.71687466,3748.0464,2.0,3315.53,0.0,2.0,0.0,0
7.24017,0.95396656,355.68747,1.0,4487.709,2.0,0.0,0.0,0
17.987368,0.7449678,4969.8755,3.0,561.0233,4.0,2.0,0.0,0
6.669109,0.9092494,319.37915,3.0,4462.044,2.0,2.0,1.0,0
20.706284,0.61282617,4137.4517,3.0,4612.8506,4.0,0.0,0.0,0
7.2086763,0.6760414,3714.3313,3.0,4618.813,3.0,1.0,1.0,0
3.8755522,0.53754467,2979.221,0.0,34.12611,0.0,2.0,1.0,0
7.0025697,0.7103739,2222.343,0.0,1112.7839,0.0,1.0,0.0,0
13.259287,0.83434993,3797.8052,0.0,3459.3137,1.0,2.0,0.0,0
6.108011,0.91908354,3712.2961,3.0,1615.4816,4.0,1.0,0.0,0
4.906069,0.78295743,729.0328,1.0,314.80563,0.0,0.0,1.0,0
25.948175,0.82003635,3973.5308,1.0,3817.081,0.0,0.0,0.0,0
10.291519,0.58863354,438.85715,3.0,152.67503,4.0,0.0,1.0,1
11.462002,0.518603,2527.7034,0.0,2235.6465,0.0,1.0,0.0,1
2.6028419,0.8958441,3243.155,1.0,4738.405,1.0,2.0,0.0,0
11.363719,0.5835191,4117.36,1.0,2206.7617,3.0,0.0,1.0,1
8.679408,0.54558474,2342.3955,1.0,4560.3174,0.0,0.0,0.0,0
18.704067,0.9687812,1222.4475,2.0,2050.9312,0.0,1.0,1.0,0
6.956319,0.9817607,2478.7651,2.0,1739.9637,3.0,0.0,1.0,0
26.762598,0.80812865,1288.5302,1.0,545.8402,0.0,1.0,0.0,0
27.960333,0.68931866,2667.1907,0.0,1796.8737,3.0,1.0,0.0,0
3.8951006,0.9166198,2339.4155,2.0,1691.5626,2.0,0.0,0.0,0
4.1146855,0.60235995,3913.4973,2.0,4234.2905,1.0,0.0,1.0,1
4.3444667,0.71469617,1238.446,2.0,4600.377,3.0,0.0,0.0,0
18.967508,0.67850864,1039.9266,1.0,119.43113,1.0,1.0,1.0,0
4.5371,0.95634997,2397.2175,3.0,500.2995,4.0,0.0,1.0,0
25.719088,0.9598887,299.9966,2.0,3219.71,2.0,2.0,0.0,0
22.873875,0.82544297,1185.2361,3.0,2428.867,3.0,0.0,0.0,0
24.774456,0.5553701,1800.8394,2.0,1491.4244,1.0,0.0,0.0,0
16.255754,0.7410964,2463.767,1.0,1306.9363,4.0,1.0,1.0,0
29.903639,0.62266415,1383.7117,1.0,1131.1262,1.0,1.0,1.0,1
2.281078,0.94245785,2825.1506,2.0,2631.9998,2.0,2.0,0.0,0
12.636684,0.5692014,4398.153,2.0,97.224884,4.0,0.0,1.0,1
10.394163,0.52715516,2741.451,2.0,3697.033,4.0,2.0,1.0,0
28.51072,0.8522145,1469.8556,2.0,1508.9362,3.0,2.0,0.0,0
17.728968,0.726643,356.80582,1.0,2139.889,3.0,1.0,1.0,0
24.379538,0.9191824,726.4982,0.0,2639.9905,3.0,1.0,1.0,0
5.9398947,0.53731483,2828.026,1.0,1064.6844,2.0,1.0,1.0,0
29.38039,0.9005381,3434.3586,3.0,4419.6763,3.0,2.0,0.0,0
15.4605465,0.5186674,295.85632,2.0,3413.6453,2.0,0.0,0.0,1
15.31649,0.514035,968.4717,3.0,4352.779,2.0,2.0,1.0,0
29.155657,0.7306579,1629.4523,2.0,2382.4985,1.0,0.0,1.0,1
12.041239,0.61064565,1632.8768,3.0,2167.9778,1.0,2.0,1.0,0
12.528226,0.7968593,4794.1147,0.0,1193.3414,0.0,0.0,0.0,0
17.957829,0.5129085,1058.6644,2.0,2728.7534,3.0,1.0,0.0,0
4.713526,0.5176948,359.47574,0.0,2969.8862,0.0,1.0,1.0,0
10.311483,0.86357427,1797.4235,0.0,2105.4177,0.0,1.0,0.0,0
6.603041,0.6050826,715.48773,0.0,735.459,1.0,1.0,1.0,0
3.995221,0.82820857,676.58075,1.0,1372.7913,0.0,0.0,0.0,0
26.118193,0.8749611,2066.8809,0.0,81.115036,3.0,2.0,0.0,0
18.090603,0.5296656,1566.6361,1.0,1602.5024,0.0,1.0,1.0,1
11.401511,0.88487697,504.04755,0.0,2907.9873,2.0,1.0,0.0,0
12.851412,0.6342106,3041.302,0.0,4778.9985,3.0,1.0,0.0,0
13.514051,0.69477296,2533.4138,1.0,897.705,2.0,1.0,1.0,0
19.361326,0.5433196,431.64337,1.0,286.768,2.0,1.0,0.0,0
27.876312,0.919315,4320.585,1.0,1488.5934,1.0,1.0,1.0,0
28.05061,0.7803644,1459.3296,1.0,792.42053,2.0,0.0,1.0,0
12.353268,0.7523326,4808.835,1.0,3480.64,3.0,0.0,0.0,1
10.548612,0.9842774,4661.116,0.0,38.68833,2.0,1.0,0.0,0
14.080349,0.6672529,2198.7783,1.0,4904.527,3.0,0.0,1.0,0
17.470093,0.9453896,1181.4064,3.0,4279.777,4.0,1.0,0.0,0
14.392719,0.85984397,4182.521,0.0,2458.4463,1.0,1.0,0.0,0
20.10385,0.9642641,1838.3649,0.0,4605.5015,0.0,1.0,1.0,0
17.077572,0.95390105,859.5759,3.0,3144.016,2.0,0.0,0.0,0
10.300751,0.9955149,2780.4583,2.0,4968.8867,1.0,1.0,1.0,0
11.026194,0.5658384,2472.542,1.0,1398.7479,0.0,2.0,0.0,0
11.979191,0.89800817,4257.5884,3.0,4984.5615,3.0,1.0,1.0,1
3.7445533,0.9022472,3659.9429,1.0,909.43396,3.0,0.0,1.0,1
5.8158164,0.82218677,4386.8906,2.0,1773.5576,3.0,1.0,0.0,0
21.9703,0.63943046,3686.7793,2.0,4677.267,3.0,1.0,0.0,1
12.283805,0.98257416,3228.766,0.0,1859.006,2.0,1.0,1.0,0
7.22163,0.60221106,2525.877,3.0,1057.0835,2.0,1.0,1.0,1
17.3175,0.7497877,4938.3887,2.0,306.84067,1.0,2.0,1.0,1
22.910646,0.76074356,4797.8657,0.0,753.30145,3.0,1.0,1.0,1
8.465248,0.5809147,4251.8223,3.0,1782.565,4.0,2.0,0.0,0
24.976906,0.8612644,3887.83,2.0,2111.948,4.0,0.0,0.0,0
27.89764,0.5444336,2908.9197,3.0,2716.831,2.0,0.0,1.0,1
18.324442,0.8465489,1335.7792,3.0,4069.8042,0.0,1.0,1.0,0
20.399483,0.92430776,4383.4233,1.0,76.9401,4.0,0.0,0.0,1
2.5247037,0.67469823,103.53987,3.0,4207.1694,2.0,2.0,0.0,0
28.420076,0.8547104,1175.8279,0.0,2890.474,3.0,2.0,0.0,0
12.382057,0.578387,2048.4756,1.0,3784.8254,1.0,1.0,0.0,0
27.793112,0.9229745,2951.478,2.0,3787.3264,4.0,2.0,1.0,0
17.790348,0.97601587,2826.3525,2.0,4516.9814,4.0,2.0,0.0,0
1.1339451,0.5763469,920.2883,0.0,475.96725,0.0,0.0,0.0,0
2.117718,0.84592974,568.7511,0.0,2861.8613,2.0,1.0,0.0,0
20.732145,0.75291556,1150.5282,3.0,4546.057,2.0,1.0,1.0,1
17.317373,0.7657497,1776.1085,3.0,3598.8396,3.0,2.0,0.0,0
1.7694407,0.85324484,119.56576,2.0,491.9587,1.0,0.0,0.0,0
22.560339,0.7443702,3477.6562,2.0,3073.682,0.0,0.0,1.0,1
25.712215,0.8001632,1276.2509,3.0,4001.4058,1.0,2.0,0.0,1
15.396107,0.6154505,1789.4519,0.0,1381.5603,2.0,2.0,0.0,0
14.506966,0.6892533,1707.7634,3.0,3166.1414,1.0,0.0,0.0,0
1.1587201,0.93262017,2583.5576,0.0,4203.657,2.0,1.0,0.0,0
23.812841,0.55495125,4306.009,2.0,2624.0962,1.0,2.0,0.0,0
10.590766,0.79878765,789.4803,1.0,978.99414,3.0,0.0,1.0,0
26.484144,0.59214354,1736.5992,3.0,2752.9138,2.0,1.0,1.0,0
11.818757,0.9232698,3475.5425,0.0,2944.1396,0.0,2.0,1.0,0
17.387259,0.789522,268.9455,2.0,2020.2354,3.0,2.0,1.0,0
8.839911,0.7015244,4158.394,0.0,3401.2869,1.0,0.0,0.0,0
5.657061,0.6249123,4811.0347,0.0,2172.331,1.0,2.0,1.0,0
23.47233,0.71842235,3057.8042,1.0,4388.2515,3.0,1.0,0.0,1
15.401124,0.97880614,4784.7163,3.0,3960.2112,1.0,1.0,0.0,0
16.55815,0.75460464,2094.656,1.0,4025.8115,0.0,0.0,1.0,0
28.997063,0.7347448,2104.407,2.0,2635.1228,1.0,2.0,0.0,0
28.943817,0.8731369,575.9321,2.0,989.77563,1.0,0.0,1.0,0
25.813622,0.6895235,225.46233,3.0,3624.865,3.0,2.0,0.0,0
6.4406695,0.713712,1260.2964,1.0,353.91754,3.0,0.0,0.0,0
18.233908,0.66847384,2416.7368,0.0,2592.699,0.0,2.0,0.0,1
26.466276,0.5754599,2563.0278,3.0,274.36563,3.0,0.0,0.0,0
11.859454,0.8569046,1126.9982,1.0,2646.8093,3.0,1.0,0.0,0
3.9320788,0.93651545,3083.3882,0.0,3432.7517,0.0,0.0,1.0,0
24.517923,0.95279634,946.96906,3.0,2101.7993,1.0,0.0,0.0,0
14.971143,0.9404015,1664.7451,3.0,2090.3467,3.0,0.0,0.0,0
17.367388,0.7258919,1018.7621,0.0,622.74133,2.0,2.0,0.0,0
29.482185,0.6420331,3498.4849,3.0,1516.2295,1.0,0.0,1.0,1
18.60913,0.81896186,2607.034,2.0,2226.9258,3.0,0.0,1.0,1
13.324402,0.97735244,3693.7004,1.0,4319.1753,3.0,1.0,1.0,0
11.729547,0.86352533,333.37845,2.0,4490.92,2.0,2.0,0.0,0
13.110959,0.7474243,2155.5422,0.0,4768.3647,0.0,0.0,0.0,0
4.4335732,0.8444043,4836.445,0.0,510.31586,3.0,0.0,0.0,1
24.047766,0.886269,315.4166,0.0,1488.0919,0.0,1.0,1.0,0
25.293789,0.9596346,2120.9746,0.0,2319.9355,4.0,1.0,0.0,0
9.247517,0.8816079,249.97118,2.0,3212.3018,0.0,0.0,1.0,0
9.8101015,0.7165953,775.93396,3.0,3516.9644,0.0,2.0,1.0,0
26.355694,0.63680327,2339.5059,1.0,3932.2212,1.0,1.0,0.0,0
1.6951404,0.7499408,829.69135,0.0,2484.4104,1.0,2.0,1.0,0
16.093266,0.66408896,2617.8394,1.0,2787.3555,1.0,1.0,1.0,0
14.446596,0.9713823,4617.522,2.0,4803.2476,4.0,1.0,0.0,0
21.013676,0.7539829,1042.0175,3.0,1207.7411,1.0,2.0,1.0,1
5.7383595,0.7360282,580.57324,2.0,4020.7612,4.0,0.0,1.0,0
20.381592,0.67409813,4135.119,1.0,3561.972,0.0,2.0,1.0,1
11.925286,0.8197035,2328.3357,2.0,709.0483,3.0,0.0,1.0,0
18.942728,0.7600256,4418.925,0.0,4633.1934,0.0,0.0,1.0,1
2.1627553,0.5645245,1565.3103,1.0,4278.227,1.0,0.0,0.0,0
14.390089,0.9346039,3156.2834,2.0,3899.7283,0.0,1.0,1.0,0
16.145275,0.6795064,4620.402,0.0,642.60016,1.0,1.0,0.0,0
7.2154655,0.7162892,899.8942,0.0,706.95593,2.0,1.0,0.0,0
5.049086,0.6028335,4013.6064,3.0,3419.1604,4.0,1.0,1.0,1
6.465755,0.7766991,3176.0078,0.0,545.2774,3.0,1.0,0.0,0
10.980091,0.85102755,4074.0864,0.0,575.4449,3.0,0.0,0.0,0
3.8074944,0.94058263,894.93207,2.0,2007.3945,2.0,2.0,1.0,0
28.472275,0.5258038,2198.728,1.0,36.835667,1.0,1.0,0.0,0
12.744828,0.98666596,687.74426,3.0,3610.2021,1.0,0.0,1.0,0
24.46012,0.85190886,4802.4062,3.0,2705.6328,0.0,2.0,1.0,1
29.258097,0.6421493,360.32404,3.0,400.08902,3.0,1.0,0.0,1
3.3413231,0.6022374,374.14282,1.0,2722.478,3.0,2.0,0.0,0
19.898415,0.64804393,4495.873,3.0,279.8985,2.0,1.0,0.0,0
26.270863,0.9378629,1538.7726,1.0,362.77356,2.0,1.0,1.0,0
19.3928,0.6456951,3005.2493,0.0,2432.4763,1.0,2.0,1.0,0
13.441757,0.73141056,1473.0039,3.0,2504.118,4.0,2.0,1.0,0
13.501214,0.85286903,3261.354,2.0,1701.5839,4.0,2.0,1.0,1
2.0410676,0.9359949,1002.7234,0.0,3112.6396,2.0,1.0,1.0,0
16.503422,0.82928556,2321.4038,3.0,1942.9185,3.0,1.0,1.0,1
29.812746,0.8765546,2690.7864,0.0,2938.9333,1.0,1.0,1.0,0
28.802519,0.5866634,1701.5323,2.0,1755.4269,0.0,1.0,0.0,1
2.1715777,0.9387039,1295.918,1.0,3577.685,1.0,1.0,1.0,0
21.468113,0.6378596,744.023,0.0,2900.6377,4.0,0.0,1.0,0
9.751182,0.5641891,3545.4146,3.0,808.6173,2.0,2.0,0.0,0
27.186686,0.98812217,882.99945,2.0,3434.4817,4.0,0.0,0.0,0
2.3083277,0.60081995,1496.0256,3.0,3921.8403,1.0,0.0,1.0,0
28.140348,0.568326,1717.6984,2.0,338.7116,2.0,0.0,1.0,1
25.286797,0.81301045,2299.1157,3.0,3053.7034,0.0,0.0,0.0,0
4.407627,0.6594316,3527.715,3.0,3954.244,3.0,1.0,0.0,0
2.7349057,0.5666746,2168.3284,3.0,582.118,1.0,2.0,0.0,0
25.206522,0.80056053,4361.9136,2.0,4509.2456,0.0,0.0,0.0,1
5.5169725,0.87949264,3414.939,0.0,2079.846,1.0,2.0,1.0,0
16.512047,0.8965992,4200.5093,1.0,3691.8208,3.0,2.0,1.0,0
27.5566,0.5777563,3595.9521,2.0,4496.259,4.0,2.0,1.0,1
17.455996,0.77843356,785.7274,0.0,4948.2896,4.0,1.0,1.0,0
12.519766,0.9068392,4890.74,0.0,2923.7861,1.0,2.0,1.0,0
13.905465,0.5805435,3943.602,1.0,3524.327,2.0,2.0,1.0,0
2.8303978,0.6038411,2884.9727,3.0,1265.9813,2.0,2.0,0.0,1
29.093817,0.5012057,867.8931,1.0,1457.3314,3.0,1.0,0.0,0
10.008971,0.76231706,904.7692,3.0,4255.3394,3.0,0.0,0.0,0
6.4915414,0.5973408,3090.9392,3.0,1997.237,0.0,1.0,1.0,0
9.295372,0.8621213,2110.1758,1.0,4113.9453,0.0,2.0,1.0,1
28.966824,0.98110694,3395.5046,0.0,262.47812,2.0,1.0,0.0,0
3.7342956,0.60437775,1893.5172,3.0,1099.0846,2.0,0.0,0.0,1
26.151789,0.8245485,2588.5835,3.0,858.76953,4.0,1.0,0.0,0
21.527473,0.6059172,980.3923,2.0,2640.0667,4.0,0.0,0.0,1
25.070557,0.5090034,818.24567,3.0,411.84744,0.0,2.0,1.0,0
29.30103,0.8792771,424.4416,0.0,1725.9135,2.0,2.0,0.0,0
25.422485,0.71700233,4107.2144,1.0,4931.3633,2.0,1.0,1.0,1
28.358088,0.97339344,2799.1619,2.0,3973.1436,2.0,0.0,1.0,1
4.6811223,0.76714295,4738.348,0.0,3805.351,0.0,0.0,1.0,0
24.077868,0.57874143,3759.957,3.0,684.22235,4.0,0.0,1.0,1
16.824594,0.7248872,3855.3777,2.0,1829.1499,0.0,1.0,0.0,0
16.761372,0.6014459,2569.8394,1.0,3406.134,4.0,0.0,1.0,1
27.068726,0.9390146,4086.497,0.0,117.909935,4.0,2.0,1.0,0
29.18231,0.8454516,4713.214,0.0,2175.5427,4.0,2.0,1.0,1
21.440311,0.6706194,3622.6143,2.0,4643.663,0.0,1.0,0.0,1
15.005214,0.7639102,572.6653,3.0,420.87564,2.0,2.0,0.0,0
14.235712,0.8347401,3272.5483,0.0,4532.234,0.0,1.0,1.0,0
12.203902,0.8914289,646.1444,1.0,980.6629,3.0,0.0,0.0,0
11.486372,0.54007363,432.25098,2.0,953.645,4.0,2.0,1.0,0
12.353699,0.51125944,3479.857,1.0,985.22546,2.0,1.0,0.0,1
3.6028438,0.55722636,4182.188,2.0,4656.968,0.0,2.0,0.0,0
3.2456465,0.69749814,836.2654,2.0,3022.6875,1.0,2.0,0.0,0
23.616226,0.7333533,417.0356,3.0,3756.4368,0.0,2.0,0.0,0
13.936114,0.5682308,4438.288,2.0,1838.3739,2.0,1.0,1.0,0
27.989851,0.7055766,704.4362,2.0,4367.522,1.0,1.0,1.0,1
18.75441,0.72081137,223.67616,1.0,2913.8662,4.0,0.0,0.0,0
2.0201035,0.554545,3619.2192,0.0,3003.1763,1.0,0.0,1.0,0
5.5681767,0.95833,4246.192,0.0,3764.082,1.0,0.0,1.0,1
6.968774,0.79957294,2596.643,0.0,3870.4768,1.0,0.0,0.0,0
29.296345,0.69426775,2722.63,3.0,3412.4993,4.0,1.0,0.0,0
7.3424225,0.7534536,1717.4596,0.0,603.3606,1.0,2.0,0.0,0
15.956915,0.65709877,1230.3928,1.0,4334.966,4.0,0.0,0.0,0
28.149132,0.9271655,3788.3987,2.0,1311.8866,3.0,1.0,0.0,0
29.338589,0.78750753,4253.958,2.0,4981.009,1.0,2.0,1.0,0
7.8544526,0.7474479,1640.1615,0.0,1933.6846,2.0,1.0,0.0,0
2.4244118,0.9554427,1405.4049,3.0,608.7865,0.0,0.0,1.0,0
5.454453,0.91898984,1375.569,1.0,1587.2716,4.0,1.0,1.0,0
2.836526,0.9064009,300.44733,0.0,2871.9358,4.0,2.0,0.0,0
6.658603,0.6128046,1441.3214,0.0,1963.3168,1.0,2.0,0.0,0
17.488522,0.57656157,176.97205,3.0,4145.1216,0.0,2.0,1.0,0
27.461016,0.84504825,3952.6177,3.0,3414.2095,2.0,1.0,1.0,1
16.579348,0.7343211,1316.8378,3.0,1075.1183,3.0,1.0,1.0,1
19.153698,0.84185636,3466.268,1.0,2698.878,3.0,2.0,1.0,0
6.8541503,0.88031363,2738.7825,3.0,3939.7847,0.0,2.0,0.0,0
24.216925,0.64765674,4195.445,1.0,4457.2563,0.0,0.0,0.0,1
18.915878,0.6423252,4803.8745,0.0,1980.7722,1.0,0.0,0.0,0
26.059969,0.7454158,1868.0935,3.0,4623.079,3.0,1.0,1.0,0
28.51645,0.63677466,487.28705,1.0,189.48761,1.0,0.0,1.0,0
11.089123,0.8336476,3760.7466,2.0,3386.6892,4.0,1.0,1.0,0
3.6267927,0.8733652,155.44652,2.0,3912.1038,1.0,1.0,0.0,0
7.55194,0.7360195,1153.6685,0.0,2131.4556,4.0,2.0,1.0,0
13.697406,0.8618999,313.59082,3.0,64.762634,4.0,2.0,0.0,0
28.425116,0.7552188,4495.8345,0.0,3438.3054,3.0,0.0,1.0,1
11.970984,0.85643584,76.22056,3.0,1719.3956,0.0,2.0,0.0,0
23.352423,0.6124841,2489.0737,1.0,767.54663,0.0,2.0,1.0,1
16.673824,0.86942154,2148.7957,1.0,793.9728,0.0,1.0,1.0,1
6.3014545,0.857562,3281.0862,1.0,3848.1287,3.0,0.0,1.0,0
10.30129,0.63330287,1484.2333,2.0,945.07324,3.0,2.0,1.0,0
19.942564,0.7779855,4374.792,0.0,2425.6504,4.0,0.0,0.0,0
20.512749,0.9276558,3685.0115,0.0,4852.2427,4.0,0.0,0.0,0
13.608032,0.62476134,2189.8574,2.0,3796.5054,1.0,1.0,0.0,0
7.6307225,0.8679899,1822.23,2.0,2740.4963,1.0,0.0,1.0,0
21.935297,0.97698337,4088.6467,3.0,2646.094,3.0,1.0,1.0,0
5.8973184,0.93312097,3797.4485,3.0,844.9639,3.0,0.0,1.0,0
28.163422,0.70076007,2025.0503,3.0,2237.6536,1.0,0.0,0.0,1
6.449204,0.8036039,1739.7908,3.0,733.04926,0.0,2.0,0.0,0
4.1120586,0.9958851,242.49554,3.0,427.07477,0.0,0.0,0.0,0
15.431784,0.7842187,454.45087,1.0,554.5948,4.0,1.0,1.0,0
16.066938,0.5575138,316.89636,3.0,3036.9897,1.0,2.0,1.0,1
15.737595,0.5227154,170.85666,3.0,975.8294,3.0,1.0,1.0,1
13.663357,0.8951573,806.71826,2.0,755.23413,4.0,0.0,1.0,0
29.849632,0.71181417,4292.852,0.0,4336.9834,4.0,2.0,1.0,0
15.102138,0.62340647,4000.8887,0.0,618.84467,2.0,2.0,0.0,0
14.860451,0.673836,4235.5903,1.0,3531.1191,3.0,0.0,1.0,0
13.2312155,0.8786864,3137.8118,2.0,2090.8313,0.0,2.0,1.0,0
2.9379468,0.7326237,3139.1123,2.0,2899.608,4.0,0.0,0.0,0
18.195742,0.93424976,663.46216,3.0,126.54352,4.0,2.0,1.0,0
7.6110654,0.8674628,3509.8784,2.0,10.096005,1.0,0.0,0.0,0
19.49066,0.9870071,1436.1307,2.0,4088.0703,1.0,0.0,1.0,0
2.4741704,0.9442519,2620.304,3.0,2382.4514,3.0,0.0,0.0,0
29.460226,0.6272736,4775.877,3.0,365.82162,2.0,2.0,0.0,1
14.601148,0.82952964,4359.5464,2.0,1723.846,3.0,1.0,1.0,1
27.005905,0.5102715,1204.3079,2.0,2536.7087,0.0,1.0,0.0,0
14.791274,0.9955534,3696.4207,0.0,686.1124,1.0,0.0,0.0,0
2.7495937,0.63050306,565.2492,2.0,2736.2263,3.0,0.0,1.0,0
24.844193,0.8323975,182.3753,0.0,2648.466,4.0,2.0,1.0,0
19.797329,0.9245768,189.46266,1.0,3018.1475,0.0,2.0,1.0,0
23.670954,0.5802323,892.7201,2.0,4053.2063,3.0,2.0,1.0,1
13.416926,0.92393965,3489.9946,0.0,2069.7664,0.0,0.0,1.0,0
19.500166,0.5061228,1848.3641,2.0,4443.9146,4.0,2.0,0.0,0
25.83064,0.7209886,128.91507,1.0,2378.622,1.0,1.0,0.0,0
19.300898,0.73601884,4940.712,2.0,2291.1733,1.0,0.0,1.0,0
11.082536,0.68704534,2690.2231,1.0,3281.8716,3.0,0.0,1.0,1
20.213358,0.7931924,1999.707,1.0,3091.431,4.0,1.0,0.0,0
20.483772,0.9574212,2618.307,1.0,67.06034,2.0,1.0,0.0,0
28.857021,0.6634946,2623.856,0.0,4912.3286,1.0,0.0,0.0,0
11.756457,0.78962994,2377.6711,0.0,4714.041,4.0,1.0,1.0,0
13.327372,0.93873125,3084.0972,3.0,1413.6168,4.0,0.0,1.0,0
24.551565,0.8864977,4433.8516,0.0,2797.3308,2.0,2.0,0.0,1
15.667108,0.5203666,1543.4828,1.0,3854.721,0.0,1.0,0.0,0
22.36062,0.9713954,2460.4946,0.0,4603.1343,4.0,1.0,1.0,0
14.331574,0.5233235,68.03778,2.0,2933.674,3.0,1.0,0.0,0
7.249359,0.79437923,4306.0806,2.0,104.51126,2.0,2.0,1.0,0
22.610912,0.7876768,1564.2242,1.0,3406.583,0.0,2.0,1.0,0
4.8034997,0.8931951,1392.9197,3.0,474.45956,4.0,1.0,1.0,0
6.7589264,0.57422155,4987.809,1.0,3359.177,3.0,2.0,1.0,1
19.177925,0.5896852,2942.745,2.0,2941.2637,1.0,1.0,1.0,1
22.670824,0.87605345,659.0641,1.0,3206.9414,1.0,0.0,1.0,0
26.94595,0.5747524,1364.3486,2.0,954.39594,1.0,1.0,1.0,1
8.905008,0.73472255,1798.4716,0.0,2473.1133,4.0,2.0,0.0,0
4.2110033,0.86582404,4930.997,1.0,3093.6045,2.0,2.0,1.0,0
28.725353,0.82562095,2181.5774,2.0,1508.4617,4.0,0.0,0.0,0
5.4782696,0.6053021,1189.1632,3.0,916.30005,3.0,2.0,0.0,0
6.7323427,0.6519801,2870.1682,1.0,1121.1769,1.0,2.0,0.0,0
9.448554,0.9844875,2053.5603,1.0,4291.5034,2.0,0.0,0.0,0
16.352348,0.7243353,322.05392,1.0,2328.0723,4.0,1.0,0.0,0
26.601942,0.5222287,4311.5522,1.0,3308.756,2.0,2.0,0.0,0
23.055834,0.6097925,127.65326,3.0,2579.2954,3.0,0.0,1.0,0
21.53657,0.67121756,4497.494,2.0,4172.295,0.0,2.0,0.0,0
6.0802364,0.9997447,3969.7007,1.0,2547.3894,2.0,1.0,0.0,0
11.372796,0.6513458,425.3249,1.0,475.6933,2.0,0.0,0.0,0
14.873743,0.5131979,3631.8748,2.0,997.9436,1.0,0.0,1.0,0
5.2753525,0.7564608,3866.1614,2.0,76.19442,4.0,1.0,1.0,1
8.9294615,0.5418027,3031.42,1.0,4159.306,1.0,2.0,0.0,0
9.941663,0.6370338,2909.4705,3.0,3319.7314,4.0,2.0,0.0,0
4.6910095,0.99619156,295.95078,1.0,3798.4175,0.0,0.0,1.0,0
16.956951,0.85231924,344.50705,1.0,3577.951,2.0,2.0,1.0,0
21.445818,0.5253333,3650.0789,0.0,4124.154,2.0,2.0,0.0,0
3.0280173,0.72434336,572.5476,1.0,4934.978,1.0,0.0,1.0,1
14.95257,0.58581877,1247.1283,3.0,3270.822,2.0,0.0,0.0,1
23.684124,0.56147236,2519.2412,3.0,1268.8053,4.0,0.0,0.0,0
22.691713,0.7935327,862.61017,1.0,515.93634,2.0,2.0,0.0,0
24.63712,0.75282794,3959.7058,0.0,2952.842,2.0,1.0,0.0,1
13.998979,0.8714333,4046.5212,2.0,3856.0776,4.0,0.0,1.0,1
24.796156,0.9461531,4218.609,2.0,2812.243,4.0,2.0,0.0,0
7.981839,0.6233409,295.36218,3.0,1524.7383,0.0,2.0,1.0,0
11.463507,0.961496,2167.9722,2.0,3601.4768,3.0,2.0,0.0,0
6.1143117,0.7589959,4242.2427,0.0,2245.3828,4.0,2.0,1.0,0
14.557052,0.6294175,1847.936,3.0,1440.0796,4.0,2.0,0.0,1
12.3697405,0.9228929,3494.3108,2.0,4207.0117,4.0,0.0,0.0,0
7.9868865,0.517765,2966.7673,3.0,2886.8286,0.0,0.0,1.0,1
22.801641,0.7797547,1768.6826,0.0,1424.4055,3.0,0.0,1.0,0
10.101557,0.86081076,1418.2039,1.0,1649.7356,4.0,1.0,1.0,0
8.911325,0.63998884,3281.0784,1.0,2862.609,2.0,1.0,1.0,0
4.7958198,0.93174595,711.43945,1.0,2120.3887,0.0,1.0,0.0,0
13.725829,0.6201423,4307.6064,3.0,810.9904,0.0,2.0,0.0,1
9.7859745,0.91993713,2903.395,0.0,3056.2449,1.0,2.0,1.0,0
11.708913,0.5392725,601.9423,0.0,3448.6592,4.0,2.0,1.0,0
7.8439207,0.5799638,3532.462,0.0,10.542893,0.0,1.0,1.0,0
23.13151,0.6904923,2184.007,3.0,2688.9778,3.0,0.0,1.0,0
27.970097,0.92702776,1060.203,0.0,2890.036,0.0,1.0,0.0,0
15.440023,0.5722927,4807.293,2.0,1666.9996,4.0,2.0,1.0,1
19.646954,0.9377191,3612.2566,0.0,1700.269,0.0,2.0,0.0,0
26.147997,0.6148658,2985.3184,1.0,1595.1178,1.0,2.0,1.0,1
29.966059,0.7262542,4251.8926,2.0,2232.187,0.0,1.0,1.0,1
18.791979,0.6763672,2742.1555,0.0,4061.58,2.0,2.0,0.0,0
26.803604,0.55906314,2235.2795,0.0,2350.4402,3.0,1.0,0.0,0
27.34964,0.97215486,987.76196,2.0,4968.307,2.0,0.0,0.0,0
23.952093,0.71908915,809.2826,0.0,1887.0317,2.0,2.0,0.0,0
14.36701,0.8451656,2188.248,1.0,3499.3186,3.0,0.0,0.0,0
3.353466,0.78763384,2307.0742,2.0,2749.3386,2.0,1.0,1.0,1
1.4583611,0.75085795,3679.897,0.0,3813.8203,3.0,2.0,0.0,0
14.838819,0.8082888,2238.3208,0.0,4442.939,1.0,0.0,1.0,1
15.335121,0.9491711,2986.138,1.0,2563.2996,0.0,2.0,0.0,0
12.813509,0.84965616,4170.967,2.0,2477.4512,0.0,2.0,1.0,0
17.476852,0.76624006,4967.007,0.0,4714.168,0.0,1.0,0.0,1
17.012718,0.822593,1646.5004,1.0,4668.9614,0.0,2.0,1.0,0
25.261778,0.80319715,4514.675,3.0,4985.0137,0.0,2.0,1.0,1
4.151056,0.7165606,4039.952,1.0,790.8148,0.0,2.0,1.0,1
7.5301523,0.812382,386.63312,1.0,27.80793,0.0,0.0,1.0,0
23.997145,0.7217849,1704.0867,2.0,2192.1785,3.0,2.0,0.0,0
25.587269,0.8788072,1134.2627,1.0,3669.3674,1.0,2.0,1.0,1
29.849903,0.98445624,3338.7021,1.0,373.55148,2.0,0.0,0.0,0
26.31445,0.97993267,2798.7307,3.0,1874.2721,0.0,1.0,1.0,1
26.807072,0.9103679,2499.5127,0.0,2911.483,4.0,2.0,1.0,1
10.116091,0.8008794,3829.6406,2.0,1070.6117,1.0,2.0,0.0,0
12.648188,0.874666,1699.878,1.0,3658.3987,2.0,2.0,0.0,0
8.774468,0.5890241,1944.6239,3.0,1155.393,3.0,2.0,0.0,0
18.582682,0.7395092,4334.888,2.0,4204.953,4.0,0.0,1.0,1
28.225355,0.6286524,4862.432,3.0,1747.8839,3.0,1.0,1.0,1
10.994586,0.5017475,3892.9688,0.0,2997.2559,2.0,0.0,0.0,0
17.153051,0.9833688,1124.5013,0.0,2725.3286,1.0,0.0,1.0,0
9.5926895,0.9319243,607.62555,3.0,1489.2692,1.0,0.0,0.0,0
5.924199,0.7568493,1085.5654,1.0,2200.9673,0.0,2.0,0.0,0
6.6603804,0.62707615,2142.6687,3.0,4231.406,1.0,1.0,1.0,0
2.680415,0.8464876,1221.6503,2.0,2746.238,3.0,2.0,1.0,0
28.529512,0.71740055,4510.154,1.0,287.37894,1.0,1.0,1.0,1
12.683509,0.90167475,3370.0784,0.0,3568.0312,1.0,1.0,0.0,0
25.189507,0.9997591,2112.8098,0.0,920.438,0.0,1.0,1.0,1
20.758554,0.6745413,1405.368,2.0,2435.4531,1.0,2.0,1.0,0
6.565714,0.6222015,1934.272,0.0,2348.009,0.0,0.0,0.0,0
6.088405,0.63369125,2406.4504,0.0,2437.5698,2.0,0.0,1.0,0
24.547657,0.5466731,3583.4207,0.0,164.75989,1.0,2.0,0.0,1
8.67664,0.6970231,492.24072,3.0,1369.2188,4.0,1.0,0.0,0
27.48527,0.50871253,4251.723,2.0,263.17,2.0,2.0,1.0,1
5.061607,0.55719775,681.4222,2.0,2080.634,1.0,2.0,1.0,1
20.65355,0.63584787,1349.1279,2.0,3110.4702,2.0,0.0,0.0,0
24.619743,0.5799314,4968.27,2.0,3273.8298,4.0,2.0,0.0,1
7.8224354,0.86607957,991.5327,1.0,332.09454,0.0,0.0,1.0,0
9.010014,0.5528024,550.6538,1.0,603.25665,1.0,2.0,0.0,0
28.971048,0.93299705,3210.1062,2.0,3310.919,2.0,0.0,0.0,1
8.67333,0.61055726,1995.9889,3.0,2660.6265,0.0,2.0,0.0,1
13.468755,0.5542953,504.5854,3.0,4168.726,2.0,2.0,1.0,0
13.542953,0.50505334,68.52502,2.0,1033.6594,0.0,1.0,1.0,0
8.338008,0.8576025,441.8498,3.0,610.508,4.0,0.0,1.0,0
23.497942,0.62830836,2637.541,3.0,1816.5005,3.0,0.0,1.0,0
23.38363,0.7547493,1192.92,2.0,3188.965,0.0,1.0,0.0,0
11.971223,0.555808,3898.883,3.0,2434.9766,2.0,2.0,1.0,1
25.218647,0.99264795,4294.668,0.0,501.9804,1.0,2.0,1.0,1
7.179173,0.56269234,766.92346,0.0,365.74753,2.0,1.0,1.0,0
1.1248674,0.70596296,1718.2484,1.0,3391.6912,2.0,0.0,1.0,1
17.563854,0.92582476,775.54193,0.0,1491.8713,4.0,1.0,0.0,0
29.828255,0.6224435,1469.1289,1.0,3350.7175,0.0,2.0,0.0,1
2.120685,0.6334859,1234.0619,0.0,1481.6252,2.0,1.0,1.0,0
7.0319443,0.9042498,3944.9812,3.0,1580.8231,4.0,2.0,0.0,1
16.048525,0.6366698,1760.1244,2.0,1056.9755,0.0,0.0,0.0,1
24.488281,0.50143564,2503.0457,0.0,4918.7476,1.0,1.0,0.0,1
3.5822182,0.71395683,3385.7808,2.0,90.19075,3.0,0.0,1.0,0
12.461805,0.5062676,4120.1704,2.0,644.9896,0.0,1.0,1.0,0
22.665197,0.95489615,1540.985,1.0,4183.088,1.0,1.0,0.0,0
11.774753,0.82090664,1085.6423,3.0,699.42706,4.0,0.0,1.0,0
6.4762564,0.7915071,4893.344,3.0,1410.6775,2.0,2.0,1.0,0
6.6693788,0.60079473,1634.7303,3.0,1321.297,0.0,2.0,1.0,1
12.891415,0.8499731,3371.787,0.0,3487.958,4.0,1.0,1.0,0
14.903095,0.83862734,3405.3132,1.0,2061.8938,2.0,1.0,0.0,0
25.992619,0.5302318,2594.4458,3.0,4204.533,2.0,0.0,0.0,1
19.62532,0.94042325,1180.8148,1.0,3739.6616,4.0,0.0,1.0,1
21.021656,0.7897067,750.21423,1.0,2660.1956,1.0,1.0,1.0,0
29.506628,0.89623344,2460.73,1.0,1252.8182,1.0,1.0,0.0,0
12.9434595,0.63145703,2579.1013,1.0,3964.17,2.0,2.0,1.0,0
12.697278,0.5610239,3878.1655,2.0,4331.293,1.0,2.0,1.0,1
27.777061,0.8512248,3563.6755,0.0,4183.05,0.0,0.0,0.0,0
8.130392,0.89694136,4564.6045,3.0,268.0517,0.0,0.0,0.0,0
22.164642,0.69301677,4855.76,2.0,3492.8137,1.0,1.0,0.0,0
22.882622,0.5118461,3652.864,0.0,3522.6538,0.0,1.0,0.0,1
3.835852,0.909127,428.73068,3.0,4715.947,2.0,2.0,1.0,0
14.578711,0.60304695,2055.3357,2.0,1324.7571,4.0,0.0,0.0,0
6.816312,0.66951597,3063.5718,1.0,3933.8706,1.0,1.0,0.0,1
6.375883,0.8141155,2971.4656,1.0,3448.5916,0.0,1.0,1.0,0
14.451015,0.54997736,948.1467,2.0,4394.8477,0.0,1.0,0.0,1
9.393461,0.53599787,2935.5764,0.0,3469.6072,0.0,0.0,1.0,1
24.085752,0.5128519,1780.9185,2.0,4263.748,2.0,2.0,1.0,0
27.320541,0.9583199,1727.6879,2.0,1804.281,2.0,1.0,0.0,0
24.278898,0.6556914,4178.3345,1.0,796.54584,2.0,0.0,1.0,0
8.714895,0.8303294,2138.569,1.0,1823.1267,3.0,1.0,0.0,0
8.949898,0.99461764,2660.6099,2.0,4077.108,1.0,0.0,0.0,0
8.387122,0.8347254,2836.2207,2.0,666.9334,3.0,1.0,0.0,0
4.916105,0.7625474,2836.834,1.0,3193.3464,4.0,0.0,1.0,1
28.370153,0.76045996,1104.9515,3.0,4937.905,0.0,0.0,1.0,0
12.659386,0.68845856,3017.2942,3.0,4476.124,0.0,2.0,1.0,1
7.5159945,0.7998898,1706.3868,1.0,3359.2048,1.0,1.0,0.0,1
25.553461,0.9793957,3292.3503,2.0,3965.2253,0.0,2.0,1.0,0
12.576664,0.894022,771.2031,3.0,591.2175,4.0,1.0,1.0,1
2.0183876,0.7121133,4970.872,0.0,2499.1804,4.0,2.0,1.0,1
5.6963058,0.6662224,3871.6143,2.0,2664.243,2.0,0.0,0.0,1
19.53826,0.9417658,2115.3945,3.0,3915.6519,0.0,2.0,0.0,0
23.704252,0.5678929,1541.6917,0.0,1420.1407,4.0,1.0,0.0,1
7.1170974,0.92479265,1969.6201,1.0,541.3616,4.0,2.0,0.0,0
27.604471,0.6275384,3619.981,3.0,3493.5881,2.0,0.0,1.0,1
25.678917,0.8578146,3294.2686,3.0,2468.0447,3.0,0.0,1.0,1
25.603043,0.90311027,3525.358,3.0,4213.0474,3.0,1.0,1.0,1
7.6021733,0.7384983,4450.546,2.0,2412.6335,2.0,0.0,1.0,0
2.4655437,0.596142,2308.6614,0.0,4232.891,1.0,0.0,0.0,0
26.155283,0.92238384,3364.1296,0.0,2544.0967,1.0,2.0,1.0,0
9.868207,0.68375415,2235.4644,3.0,3915.6655,1.0,2.0,1.0,0
18.948576,0.66034013,3208.5854,2.0,3606.5186,1.0,2.0,1.0,1
23.03904,0.7550081,2400.377,0.0,1337.7518,3.0,1.0,1.0,1
4.7205043,0.7175431,3894.4849,0.0,1553.8976,4.0,1.0,0.0,0
23.644312,0.8415261,76.03761,0.0,4496.986,0.0,2.0,1.0,0
28.216833,0.5685989,1117.7693,3.0,1162.7256,0.0,1.0,1.0,1
22.122873,0.71784484,1517.3662,3.0,3490.5278,2.0,2.0,1.0,1
13.79546,0.9458509,4729.7026,3.0,734.1495,3.0,1.0,0.0,0
26.423666,0.51803136,2559.8787,0.0,3778.2402,2.0,0.0,1.0,1
16.29627,0.72866917,1853.5417,2.0,1124.2163,4.0,1.0,1.0,0
22.598356,0.830266,2051.345,3.0,2974.3862,3.0,2.0,1.0,0
24.794672,0.9438555,2286.5203,2.0,2825.575,3.0,1.0,1.0,1
22.731234,0.7968931,4345.7603,3.0,1025.5361,2.0,2.0,1.0,1
9.347792,0.9122421,4813.5625,2.0,2462.1025,0.0,2.0,1.0,1
4.4174733,0.6113455,4228.6147,0.0,4397.4478,0.0,0.0,0.0,1
7.9118176,0.6764047,4216.201,1.0,3405.8416,3.0,2.0,0.0,0
15.583373,0.9710661,1035.1248,1.0,4963.345,1.0,2.0,0.0,0
15.65303,0.94298756,1379.9564,0.0,3924.9258,3.0,0.0,1.0,0
17.896687,0.7789765,3000.4434,2.0,3220.8425,1.0,1.0,0.0,0
12.457953,0.73774415,3297.8801,3.0,2820.3784,0.0,2.0,0.0,0
23.81985,0.7255337,1053.3916,0.0,4687.769,3.0,0.0,1.0,1
27.481459,0.5293948,3744.0952,1.0,2639.797,4.0,0.0,0.0,0
8.155026,0.94618857,1039.8196,2.0,2019.3372,2.0,0.0,0.0,0
22.359173,0.9090748,1351.9027,1.0,4174.123,0.0,0.0,0.0,1
20.661184,0.7281256,1568.638,0.0,4701.82,2.0,0.0,1.0,0
16.169624,0.63971996,4237.6577,0.0,2399.7954,4.0,2.0,0.0,0
6.4673767,0.67146033,3673.8152,0.0,694.82025,1.0,2.0,1.0,1
24.061735,0.5615803,2676.8928,3.0,3045.7803,0.0,2.0,0.0,0
28.858162,0.86089486,4107.759,1.0,3707.0024,3.0,1.0,1.0,1
21.933254,0.7783349,4073.9949,3.0,1874.4441,1.0,2.0,0.0,1
27.617939,0.6170517,1979.6738,2.0,3741.9155,0.0,0.0,1.0,1
29.541372,0.8115028,3918.1145,1.0,2659.9463,3.0,0.0,0.0,0
11.20947,0.9896151,1070.9017,3.0,1513.7671,1.0,0.0,0.0,0
19.508484,0.5611976,2540.983,1.0,3151.311,0.0,0.0,0.0,1
14.744049,0.7292425,635.2966,0.0,1950.8484,0.0,2.0,0.0,0
29.612234,0.74707943,2162.6328,3.0,3936.2593,0.0,2.0,0.0,1
3.7204268,0.5833986,2625.8105,2.0,25.369339,0.0,2.0,0.0,0
12.958873,0.7657901,445.5959,1.0,4092.7087,0.0,2.0,1.0,0
26.390633,0.80298865,2339.933,2.0,1539.8107,1.0,2.0,1.0,1
9.237488,0.5786723,3275.7693,3.0,4798.5366,4.0,1.0,0.0,1
23.845993,0.57736194,3089.7368,1.0,3798.2327,1.0,0.0,1.0,1
12.100712,0.9281744,319.05176,3.0,1212.791,0.0,0.0,0.0,0
29.419378,0.6556937,521.93146,3.0,4894.208,4.0,2.0,0.0,0
26.622366,0.8151667,1789.2134,3.0,2502.9072,3.0,1.0,0.0,1
9.738291,0.81338656,4221.2944,0.0,2619.3896,4.0,2.0,0.0,0
23.3356,0.91958547,4355.2925,0.0,4548.4956,2.0,0.0,0.0,1
10.76884,0.8699473,1582.5837,0.0,4592.8315,2.0,1.0,0.0,0
18.584522,0.9202882,3608.5159,2.0,3487.4436,2.0,0.0,1.0,1
20.095942,0.8126074,2908.0835,1.0,4892.464,0.0,1.0,0.0,0
25.058268,0.7247286,4917.94,3.0,1651.0629,1.0,1.0,1.0,1
1.7090744,0.69678324,518.48737,0.0,1169.3595,2.0,1.0,1.0,1
7.3845787,0.6895149,2762.0098,1.0,155.99104,1.0,0.0,0.0,0
21.645617,0.70919657,2983.0613,1.0,1738.2612,4.0,2.0,1.0,0
17.342175,0.56465465,1572.9595,3.0,3017.1404,4.0,2.0,0.0,0
15.372547,0.7119792,282.41858,0.0,1533.8414,2.0,1.0,0.0,0
2.6010888,0.6947225,307.91745,1.0,2902.3052,3.0,1.0,0.0,0
11.1,0.5172858,2295.4094,3.0,251.4449,1.0,0.0,1.0,1
26.087906,0.6375654,3477.7454,3.0,1776.9144,4.0,1.0,0.0,0
1.8958923,0.8759535,3515.87,3.0,3742.5444,3.0,1.0,1.0,1
12.496651,0.7889728,945.8008,2.0,530.591,3.0,1.0,1.0,0
28.4093,0.90308374,4296.962,0.0,3577.0388,2.0,1.0,0.0,0
2.4755414,0.771344,1916.954,0.0,3818.9224,4.0,2.0,1.0,0
22.741467,0.9270419,4823.621,1.0,2848.1199,2.0,0.0,1.0,1
8.470766,0.89803356,634.8902,1.0,4431.5767,4.0,1.0,1.0,0
26.131657,0.5491423,4190.4507,2.0,4773.272,3.0,2.0,0.0,1
22.635971,0.98850316,4546.274,0.0,183.04063,2.0,2.0,1.0,0
26.68545,0.50737375,4122.2437,2.0,3398.6243,1.0,2.0,0.0,1
7.261819,0.798419,4053.7637,1.0,1193.5007,4.0,1.0,1.0,0
16.40749,0.89625573,1838.4846,0.0,2046.8347,0.0,1.0,0.0,0
23.59883,0.6659471,3581.0483,3.0,3119.5398,0.0,1.0,0.0,0
8.125293,0.7992849,2917.7654,1.0,3564.2385,0.0,2.0,1.0,1
7.6916428,0.68106127,2151.1716,0.0,4202.5527,0.0,2.0,1.0,0
1.7882819,0.5303075,4965.903,1.0,3529.8806,1.0,0.0,1.0,1
28.796944,0.50423074,1487.7509,3.0,3889.221,2.0,0.0,1.0,1
21.59049,0.547431,2095.063,3.0,2999.3652,1.0,0.0,0.0,0
19.43125,0.5492048,4519.162,0.0,594.1248,2.0,0.0,0.0,0
22.575848,0.8054449,1480.591,2.0,116.93727,2.0,0.0,0.0,0
16.416775,0.7629326,805.77167,2.0,2653.6174,2.0,2.0,1.0,0
14.80788,0.72773165,1584.4988,3.0,3580.5498,0.0,0.0,1.0,0
14.036435,0.84596074,3808.5928,3.0,553.23926,2.0,1.0,0.0,0
19.572737,0.5084131,4306.2773,2.0,2152.1868,1.0,1.0,0.0,0
6.8445144,0.6354917,616.5027,2.0,1288.3252,2.0,0.0,0.0,0
26.753702,0.8886964,3127.4778,1.0,2839.7944,0.0,0.0,1.0,1
24.54082,0.95498854,2858.07,3.0,1958.6088,4.0,2.0,1.0,0
11.137344,0.7191683,3360.549,3.0,1015.3228,3.0,1.0,0.0,1
17.779669,0.540742,3371.729,3.0,31.919641,1.0,0.0,0.0,0
5.089792,0.89936435,4799.364,3.0,1614.4103,1.0,1.0,0.0,0
29.198042,0.94258523,1765.3196,2.0,2585.6492,1.0,1.0,0.0,0
27.183887,0.70683014,1533.8463,3.0,4646.7534,4.0,1.0,0.0,0
27.735027,0.62167764,2927.0652,3.0,1145.1053,3.0,2.0,0.0,0
10.632729,0.5219858,2175.6213,0.0,2566.1528,2.0,2.0,1.0,0
5.9049067,0.7955414,2395.0837,0.0,2836.8176,3.0,2.0,1.0,1
7.1413927,0.9549347,392.9211,3.0,3249.646,0.0,1.0,0.0,0
3.6100404,0.838944,783.79877,1.0,1649.5461,4.0,1.0,1.0,0
4.483208,0.6586243,4680.106,3.0,506.41428,2.0,0.0,0.0,0
3.0678315,0.82144415,388.0427,1.0,4607.568,1.0,0.0,1.0,0
29.704868,0.9160342,2971.2207,1.0,4764.2495,3.0,2.0,1.0,0
3.147673,0.73791504,3785.1465,3.0,2196.7734,0.0,2.0,1.0,0
4.8437204,0.90987426,108.724464,2.0,2907.069,2.0,0.0,1.0,0
24.990383,0.69595486,1152.6033,2.0,154.8417,4.0,2.0,0.0,0
17.826965,0.67425287,1916.5066,1.0,245.60605,3.0,0.0,1.0,1
23.4581,0.7914943,2558.7463,2.0,392.5704,0.0,0.0,1.0,1
19.296448,0.7323432,1740.8967,1.0,3696.344,2.0,0.0,0.0,0
26.583076,0.98855597,3262.5464,3.0,1143.9001,3.0,1.0,0.0,0
19.515558,0.7581947,1170.6677,1.0,930.39166,2.0,0.0,1.0,1
16.141628,0.692586,176.14053,0.0,51.59331,1.0,1.0,0.0,0
21.66974,0.6974668,57.776703,2.0,124.25874,3.0,1.0,0.0,0
13.97439,0.77396995,1760.2844,3.0,2032.8649,2.0,0.0,1.0,0
11.035851,0.677456,1840.2308,3.0,2712.973,4.0,0.0,1.0,0
14.561921,0.8614533,4745.5903,0.0,2899.5054,4.0,2.0,0.0,0
5.921709,0.69033146,271.66452,3.0,2294.9768,4.0,1.0,0.0,0
24.10058,0.6920722,2673.822,1.0,2303.2107,2.0,2.0,1.0,0
8.56041,0.80848664,2910.176,3.0,3768.1794,3.0,0.0,1.0,0
5.452415,0.53042346,3511.4114,2.0,1454.955,0.0,0.0,0.0,0
8.144215,0.8276775,3211.7363,3.0,1196.2119,3.0,0.0,1.0,0
25.420034,0.7524861,90.2905,1.0,4273.0776,3.0,2.0,1.0,0
10.575837,0.726513,3177.6956,2.0,3449.4265,3.0,0.0,1.0,0
20.895447,0.8596265,1645.8203,2.0,2389.5635,0.0,2.0,0.0,1
25.835878,0.8791279,3875.7014,0.0,1384.27,2.0,0.0,0.0,0
3.2545953,0.92313045,982.4087,3.0,691.5433,1.0,2.0,1.0,0
23.185707,0.68740153,3595.218,0.0,196.73177,4.0,1.0,1.0,0
9.922298,0.66351885,3146.202,3.0,4263.303,2.0,2.0,1.0,1
7.2820487,0.85717106,3278.8398,0.0,2970.9937,3.0,0.0,0.0,0
20.978142,0.79090244,920.94104,0.0,238.68916,2.0,0.0,0.0,0
27.384102,0.8159008,3362.4114,1.0,801.35114,0.0,2.0,0.0,0
9.555557,0.77776146,3698.0432,0.0,1405.0258,3.0,2.0,1.0,0
17.49618,0.8863465,2472.5808,0.0,1322.7272,3.0,1.0,0.0,1
9.4051895,0.5950205,1734.8102,0.0,2746.471,1.0,0.0,1.0,1
17.074282,0.77785605,874.44653,1.0,2003.2236,3.0,1.0,1.0,0
19.033998,0.5790509,1485.3046,1.0,4412.2607,1.0,1.0,0.0,0
18.699726,0.703626,3830.9504,0.0,3599.8594,3.0,2.0,1.0,1
19.082844,0.8319969,2076.5337,0.0,4554.5557,1.0,1.0,1.0,0
4.917314,0.7465358,3528.4307,2.0,4315.465,3.0,2.0,1.0,0
21.112673,0.6897958,3713.4521,1.0,4607.632,4.0,0.0,0.0,1
20.56776,0.942485,3387.1426,3.0,4900.2573,2.0,1.0,1.0,0
20.795055,0.88641286,3384.0151,3.0,1565.3652,0.0,2.0,1.0,1
3.148046,0.7631454,3073.5007,0.0,1056.3062,3.0,1.0,1.0,0
13.958326,0.9750266,2616.1887,3.0,834.1103,4.0,1.0,0.0,0
12.862019,0.71218264,1029.1926,2.0,3144.1614,3.0,2.0,0.0,0
3.514633,0.8940365,4221.877,3.0,3408.024,1.0,1.0,1.0,0
7.44867,0.5839681,4823.1074,1.0,448.30908,2.0,1.0,1.0,1
13.787916,0.64289623,2359.0962,0.0,4107.1475,1.0,1.0,0.0,0
22.544283,0.66904277,4669.5317,3.0,3917.502,3.0,2.0,0.0,0
7.8748,0.5529104,4990.0728,2.0,3146.085,3.0,0.0,1.0,0
25.062748,0.7509024,2456.6697,0.0,2183.7063,3.0,2.0,1.0,0
16.82815,0.5961301,3635.559,0.0,776.7499,1.0,0.0,1.0,1
23.052229,0.81709296,3236.7622,0.0,2532.9055,0.0,0.0,1.0,1
14.7041235,0.59504616,1224.4608,1.0,804.25476,3.0,0.0,1.0,1
15.476632,0.56175315,283.09274,1.0,3028.8442,1.0,0.0,0.0,0
18.971863,0.9845434,2294.109,1.0,1556.724,4.0,2.0,1.0,0
27.911148,0.82912016,3946.6648,3.0,1244.0582,0.0,0.0,0.0,1
15.262565,0.9682255,1659.4166,3.0,2210.8464,4.0,2.0,1.0,1
16.331068,0.7449439,3932.9717,2.0,2907.7568,3.0,0.0,0.0,0
18.457912,0.5167012,3291.2683,2.0,1843.6456,2.0,1.0,1.0,1
22.38794,0.7871856,3492.9297,3.0,4818.381,4.0,1.0,1.0,1
3.0836596,0.77916443,1464.4174,1.0,39.429203,3.0,1.0,0.0,0
15.954936,0.5074878,2376.7346,2.0,4565.1763,0.0,2.0,0.0,1
14.966156,0.930621,949.43384,2.0,13.413407,1.0,1.0,1.0,1
27.728865,0.80998534,1270.5736,1.0,1091.3926,4.0,2.0,0.0,0
15.311691,0.87234557,494.75772,3.0,4981.7925,3.0,0.0,1.0,0
14.581296,0.7469606,677.5284,0.0,3643.196,0.0,0.0,0.0,0
28.9038,0.80920124,1092.0417,0.0,3226.0469,0.0,0.0,0.0,0
14.066717,0.62873495,2922.1594,1.0,3633.2034,4.0,0.0,1.0,0
6.2456484,0.9868789,2233.995,3.0,2047.398,0.0,1.0,1.0,0
7.2905674,0.70036,1371.3506,1.0,3923.2065,4.0,0.0,1.0,0
3.7604387,0.5811633,4312.507,0.0,782.7915,2.0,0.0,0.0,1
1.0164758,0.52795774,2649.481,3.0,3971.523,4.0,1.0,0.0,0
13.526424,0.81808597,4619.392,0.0,4698.2383,1.0,2.0,1.0,0
23.308035,0.9916899,3193.0767,0.0,4289.8574,1.0,2.0,0.0,0
22.270527,0.94789726,128.1486,3.0,3700.9082,3.0,0.0,0.0,0
1.9323236,0.8510523,4571.7046,1.0,3260.3728,0.0,0.0,1.0,0
17.529505,0.995299,4294.4434,0.0,2610.25,0.0,1.0,1.0,1
5.4742107,0.86141413,3194.5925,1.0,1982.1642,3.0,2.0,1.0,0
28.291212,0.6696256,2697.1292,2.0,4329.6113,0.0,1.0,0.0,0
5.853585,0.80060905,2291.9841,3.0,3240.8184,4.0,2.0,0.0,0
19.172537,0.5398833,2436.7654,0.0,2180.1526,3.0,2.0,0.0,1
10.460913,0.6108413,3857.642,1.0,3926.1106,3.0,2.0,0.0,0
19.605278,0.7087701,2590.051,2.0,279.97772,2.0,2.0,1.0,0
12.9555,0.60090923,921.32227,2.0,4067.465,3.0,0.0,1.0,0
23.029648,0.9767505,337.97894,2.0,4055.4038,4.0,1.0,0.0,0
7.6896944,0.99779874,674.6221,1.0,1150.3618,0.0,0.0,1.0,0
27.267963,0.68546796,1294.6335,3.0,197.98123,1.0,0.0,0.0,1
15.50608,0.8546145,1870.2839,0.0,3571.4026,3.0,1.0,0.0,0
22.9267,0.7038854,4467.4595,3.0,1007.35944,0.0,1.0,1.0,1
25.642176,0.5697546,1233.4818,3.0,4980.149,1.0,2.0,0.0,1
29.96603,0.6684634,1632.0128,2.0,55.8204,0.0,0.0,1.0,1
7.4944243,0.61668587,1153.922,1.0,1156.662,0.0,0.0,1.0,1
9.31988,0.66403913,2751.422,1.0,219.89136,2.0,0.0,1.0,0
8.26256,0.60751086,3104.579,1.0,3915.4521,3.0,2.0,1.0,0
8.623269,0.55617255,2684.0312,0.0,2897.6904,0.0,1.0,0.0,0
17.890898,0.6087142,4761.6904,0.0,4243.6885,4.0,1.0,0.0,1
29.812153,0.95287853,4977.121,2.0,4813.441,3.0,0.0,0.0,1
29.718065,0.5426108,4195.1104,2.0,3054.4731,3.0,1.0,0.0,1
16.276424,0.6623783,4036.2158,1.0,1166.45,0.0,0.0,1.0,1
19.53179,0.76422495,1861.9613,1.0,472.3207,2.0,0.0,1.0,1
25.939146,0.67725635,2919.9285,0.0,4332.6426,4.0,1.0,1.0,1
28.05507,0.75880355,1789.7885,3.0,1233.1151,1.0,1.0,1.0,1
6.911958,0.52171004,3932.5615,3.0,4468.656,2.0,1.0,1.0,0
16.32771,0.8242848,900.56415,0.0,4392.6553,2.0,2.0,1.0,0
25.152275,0.7817394,1122.525,1.0,3142.768,3.0,2.0,0.0,0
9.79286,0.8404831,241.53564,2.0,3023.9392,4.0,0.0,1.0,0
13.754462,0.7836289,3064.2515,0.0,4754.624,0.0,0.0,1.0,1
29.583012,0.71895176,3458.2644,0.0,3782.5154,0.0,1.0,1.0,1
29.566355,0.67507076,66.64332,3.0,3419.576,0.0,1.0,1.0,1
27.277098,0.6132176,2578.3896,0.0,2184.3464,1.0,1.0,1.0,1
24.155003,0.75003386,1915.5289,2.0,2425.1523,1.0,2.0,0.0,1
8.804785,0.51302624,3972.285,3.0,1950.7163,4.0,0.0,1.0,0
10.304652,0.66412044,242.50919,2.0,4732.142,2.0,2.0,1.0,0
16.871202,0.83893615,290.40015,1.0,3194.2148,3.0,0.0,0.0,0
17.262545,0.55435854,3120.0352,0.0,3904.0144,2.0,1.0,0.0,0
15.659582,0.5314456,2978.6123,2.0,195.62668,4.0,0.0,0.0,0
19.463438,0.8260893,4163.8955,1.0,4263.6074,1.0,1.0,1.0,0
12.841368,0.69888735,2981.7212,3.0,2094.0151,3.0,2.0,0.0,0
22.726051,0.9009125,4749.3857,2.0,3688.4302,1.0,1.0,0.0,1
10.672948,0.96865565,1606.204,0.0,209.72632,1.0,1.0,1.0,0
10.589633,0.9785202,2019.7109,1.0,4470.4272,4.0,0.0,1.0,0
4.689553,0.71279645,4889.4897,2.0,3302.6294,0.0,2.0,0.0,1
6.472654,0.6321636,582.245,2.0,2292.929,1.0,0.0,1.0,0
25.665106,0.80430686,3989.729,2.0,1524.7549,1.0,0.0,0.0,0
13.942188,0.81409645,107.26514,0.0,1562.0105,0.0,2.0,0.0,0
7.6081657,0.8111725,2458.2405,0.0,1523.9567,3.0,2.0,0.0,0
23.020891,0.6608893,809.34155,0.0,663.81903,1.0,0.0,1.0,0
17.065453,0.53187585,3014.3655,2.0,2324.4097,2.0,1.0,0.0,1
1.6135243,0.6050024,4000.9414,0.0,2272.897,1.0,0.0,0.0,0
10.174482,0.5772097,213.5594,3.0,2065.564,4.0,2.0,1.0,0
6.133041,0.56195015,860.675,1.0,3518.4402,2.0,1.0,0.0,1
20.020313,0.9631417,1745.9214,1.0,2104.8762,3.0,0.0,1.0,0
8.975901,0.5069238,1316.2048,0.0,454.12854,3.0,0.0,1.0,0
2.8834567,0.8009289,1946.9385,1.0,4261.7773,4.0,0.0,0.0,0
2.5931146,0.9737369,4761.748,3.0,2131.2534,3.0,0.0,1.0,0
17.870092,0.6800266,550.97034,0.0,3279.8755,4.0,0.0,1.0,0
1.6299802,0.76354903,2145.2463,2.0,4650.1826,3.0,1.0,0.0,0
25.614971,0.8478918,2312.6023,0.0,3839.4014,0.0,2.0,1.0,0
5.5065165,0.65858483,1437.6931,0.0,2698.6064,0.0,2.0,0.0,0
18.590424,0.738826,1428.6074,2.0,2729.6611,3.0,1.0,0.0,0
13.895953,0.90855145,3588.0232,2.0,4249.1597,0.0,2.0,0.0,1
13.842694,0.8726778,3108.327,2.0,4119.9253,0.0,1.0,0.0,1
3.082117,0.9042247,4073.5186,0.0,901.4771,3.0,0.0,0.0,0
24.279816,0.9936701,2055.1125,0.0,3136.2405,1.0,1.0,1.0,0
26.898521,0.68516374,3053.2195,1.0,4329.921,1.0,0.0,0.0,1
1.3194834,0.87354565,4473.261,0.0,4018.5042,0.0,0.0,1.0,1
6.179521,0.80139226,4264.076,3.0,632.33295,1.0,2.0,0.0,0
27.21322,0.8333024,4604.1157,1.0,2184.1072,4.0,2.0,0.0,0
16.935314,0.86993694,1381.4264,2.0,2595.9832,2.0,1.0,1.0,0
5.3511477,0.87486565,4927.835,0.0,1296.4697,4.0,1.0,1.0,0
6.8809233,0.9428726,4091.1301,2.0,3400.702,3.0,2.0,0.0,0
20.1396,0.67466086,3984.2986,0.0,2386.37,1.0,2.0,1.0,1
22.019688,0.8267407,3354.5142,1.0,1494.5685,0.0,0.0,1.0,0
18.383377,0.64014524,4917.1763,1.0,1690.954,4.0,1.0,0.0,1
28.641302,0.79728436,2235.738,0.0,4284.775,4.0,0.0,0.0,0
15.327845,0.8755876,3720.6196,0.0,4332.337,0.0,1.0,1.0,0
9.707886,0.89550054,3509.116,3.0,4063.7546,1.0,0.0,0.0,1
14.839754,0.71006227,3673.84,1.0,4570.2056,3.0,0.0,1.0,0
11.430323,0.75436014,3769.7507,2.0,4762.0093,4.0,2.0,0.0,0
7.508061,0.66692495,994.24164,2.0,2464.2212,4.0,0.0,1.0,0
2.3329341,0.5845182,1777.8048,2.0,492.5511,1.0,2.0,0.0,0
11.214162,0.6302587,1991.6572,2.0,4002.3542,4.0,1.0,0.0,0
21.63087,0.9560685,3752.599,3.0,3170.8254,3.0,0.0,1.0,0
1.5346963,0.65448475,3595.4275,2.0,1908.7808,2.0,0.0,1.0,1
13.7361765,0.98737967,4175.1626,1.0,4877.9106,1.0,2.0,0.0,0
19.676273,0.62073904,3953.17,1.0,1700.0392,4.0,2.0,1.0,1
18.70172,0.86153555,3000.3677,3.0,4539.0938,4.0,2.0,0.0,0
23.522804,0.78695166,742.745,1.0,2966.9963,4.0,0.0,1.0,1
24.505072,0.84843504,3195.5034,2.0,192.8435,2.0,2.0,0.0,0
21.63947,0.821979,4440.9434,3.0,4303.0723,1.0,0.0,0.0,1
3.9811332,0.8533743,3233.7131,0.0,3813.4377,4.0,1.0,1.0,0
14.775651,0.9527735,4483.3506,0.0,3216.013,1.0,0.0,0.0,0
18.498774,0.78173476,4995.3125,0.0,3076.7898,3.0,0.0,0.0,0
8.121415,0.5339244,1828.051,0.0,1101.9891,2.0,0.0,1.0,0
2.2340028,0.6354127,3630.284,2.0,1080.2858,2.0,2.0,0.0,0
7.4841194,0.85410947,2722.7952,2.0,155.57042,1.0,0.0,0.0,0
14.191937,0.7470373,2302.1104,1.0,779.14594,1.0,0.0,0.0,0
13.00398,0.774276,1237.342,0.0,1689.0415,3.0,0.0,0.0,1
6.1233425,0.79829025,1267.2772,2.0,2708.2173,1.0,0.0,1.0,1
24.90805,0.69131464,965.6128,0.0,662.7347,3.0,1.0,0.0,0
27.844913,0.88694775,3175.8433,2.0,2792.2852,4.0,0.0,1.0,1
6.8391013,0.8617675,753.16284,3.0,1323.9674,0.0,0.0,1.0,0
27.957615,0.8571497,2185.363,1.0,1277.266,4.0,1.0,0.0,0
1.5179678,0.8576551,2640.4995,1.0,4740.2417,0.0,2.0,1.0,0
27.823912,0.945179,2219.2607,2.0,4961.7993,0.0,0.0,0.0,0
28.605934,0.7976964,4281.901,0.0,4059.0786,4.0,1.0,1.0,1
1.349504,0.9835361,2243.6882,2.0,281.416,1.0,1.0,0.0,0
23.12756,0.55959636,460.01886,1.0,3645.8723,3.0,2.0,1.0,1
29.135845,0.8159795,4961.3877,1.0,900.3444,0.0,2.0,1.0,1
27.271164,0.8584633,4232.669,0.0,2850.4143,0.0,2.0,0.0,0
29.150595,0.7386102,3317.2153,3.0,4469.631,1.0,1.0,0.0,1
16.959381,0.6441042,3793.802,1.0,1907.1761,2.0,0.0,0.0,1
3.2665281,0.77501875,684.54395,0.0,4644.92,1.0,2.0,1.0,0
25.643887,0.6823738,3841.2783,3.0,3544.7773,1.0,1.0,0.0,1
18.80102,0.954562,1078.3573,3.0,1512.049,4.0,2.0,1.0,0
18.827366,0.6783962,2470.432,2.0,483.6368,0.0,2.0,0.0,0
13.100355,0.5878535,931.01483,0.0,4078.603,0.0,2.0,0.0,0
17.583418,0.7881946,3781.2356,3.0,2295.7166,0.0,1.0,1.0,1
5.4538136,0.6979963,1267.3727,0.0,372.7405,4.0,1.0,1.0,0
22.453331,0.5479491,1303.3817,0.0,524.58057,2.0,2.0,1.0,0
3.1755018,0.7824212,590.65063,2.0,4835.137,4.0,2.0,1.0,0
22.163643,0.7689232,3617.002,1.0,1222.5797,4.0,0.0,1.0,0
25.620375,0.5865985,1514.4309,0.0,4833.29,1.0,1.0,0.0,0
14.7015915,0.79881907,2615.486,2.0,3408.9863,3.0,1.0,1.0,0
15.785081,0.7836795,1694.6056,1.0,1509.4506,2.0,0.0,0.0,1
10.054214,0.8868063,3884.7712,3.0,1924.8021,2.0,1.0,0.0,0
29.1143,0.68078494,1171.0941,0.0,3887.4219,2.0,2.0,0.0,0
22.26061,0.62437975,4707.131,3.0,2182.7207,3.0,0.0,0.0,1
11.700668,0.97560996,1640.6329,2.0,383.00638,1.0,1.0,0.0,0
6.069414,0.7806088,564.06555,0.0,1156.7725,0.0,1.0,0.0,0
7.3678083,0.51356995,1239.5109,2.0,4303.1216,3.0,2.0,1.0,0
14.453746,0.91035587,416.0076,3.0,3483.909,4.0,0.0,0.0,0
28.334484,0.598379,2370.2568,0.0,2510.0703,2.0,1.0,1.0,0
22.290243,0.8930182,1288.7435,3.0,1235.0234,0.0,0.0,1.0,0
7.242069,0.8525812,4435.9277,1.0,2378.2073,0.0,1.0,1.0,1
25.927273,0.9844069,2609.7866,3.0,3946.3567,2.0,2.0,0.0,0
11.967815,0.98278964,1205.1738,0.0,416.90054,4.0,2.0,1.0,0
25.699944,0.6372053,2283.788,2.0,4973.8916,3.0,1.0,0.0,0
8.009289,0.8832248,1020.17163,3.0,4300.2153,1.0,1.0,0.0,0
18.941158,0.65842754,934.7104,1.0,1596.6493,3.0,2.0,1.0,0
27.873444,0.814599,1538.2495,0.0,4354.1777,0.0,1.0,0.0,1
8.478927,0.79887307,586.0922,1.0,3411.7556,2.0,0.0,0.0,0
21.094872,0.52727175,983.8053,2.0,3335.1086,4.0,2.0,1.0,1
29.632067,0.5025909,4693.332,2.0,707.15173,3.0,2.0,0.0,1
5.36735,0.528882,3350.673,1.0,4530.414,0.0,1.0,0.0,1
3.5636663,0.56397104,4609.458,3.0,2257.2056,1.0,0.0,0.0,0
20.55166,0.62882626,1321.3923,2.0,4018.1064,0.0,0.0,0.0,1
10.852343,0.9534776,4292.216,2.0,1504.6237,2.0,0.0,0.0,0
3.0660899,0.7593163,1843.2504,3.0,1546.9382,1.0,2.0,1.0,0
14.783863,0.89844584,763.76514,3.0,4823.799,4.0,0.0,0.0,0
22.85935,0.9191559,4033.3,1.0,2488.333,1.0,0.0,1.0,0
9.26855,0.8674716,345.26816,1.0,308.85464,0.0,2.0,0.0,0
10.716359,0.69569254,2054.0215,2.0,4180.1763,2.0,1.0,0.0,0
25.525282,0.9319297,4105.6074,2.0,1143.8778,3.0,1.0,0.0,1
16.082085,0.87102485,3105.0654,1.0,4394.9814,3.0,0.0,1.0,0
25.439226,0.8715757,2614.4253,2.0,4583.035,4.0,0.0,1.0,1
13.945295,0.9507872,1800.4879,2.0,373.10242,1.0,0.0,0.0,0
28.63628,0.7993317,421.52637,3.0,2916.3218,2.0,1.0,0.0,0
19.873043,0.76428723,4955.3115,1.0,4907.805,2.0,2.0,1.0,0
4.3610673,0.9450813,915.12994,3.0,4655.289,0.0,2.0,1.0,0
26.667696,0.72723085,1313.777,0.0,2630.964,0.0,0.0,1.0,1
15.18869,0.9057853,1217.7831,3.0,3405.6611,3.0,2.0,1.0,0
5.10753,0.5269232,4544.31,0.0,3025.2676,1.0,2.0,1.0,0
5.428014,0.500645,3830.2576,3.0,1024.2343,3.0,0.0,0.0,1
20.938484,0.76414627,2313.7825,0.0,3268.458,4.0,1.0,0.0,0
2.3738027,0.5368059,4779.344,3.0,1672.3745,1.0,1.0,1.0,0
9.311219,0.98827153,311.27774,3.0,1696.48,3.0,0.0,1.0,0
5.05384,0.5027506,4473.6685,3.0,2105.741,1.0,2.0,1.0,1
13.791245,0.85907483,349.11533,3.0,4262.363,3.0,2.0,0.0,0
13.016259,0.62169236,1986.0969,1.0,1199.3457,0.0,1.0,1.0,1
16.134417,0.983776,317.32416,0.0,1261.4504,1.0,0.0,0.0,0
9.109453,0.6907708,4994.8965,3.0,46.626167,2.0,1.0,0.0,1
1.9292641,0.5136417,4576.228,2.0,783.48425,2.0,1.0,1.0,0
18.817198,0.5134679,2944.755,3.0,4893.61,0.0,2.0,1.0,0
11.837822,0.77668667,1128.3307,2.0,2175.011,4.0,2.0,0.0,0
19.888716,0.993356,1420.0497,2.0,983.8718,0.0,2.0,0.0,0
4.151342,0.98988676,2275.2397,1.0,4828.7524,4.0,2.0,1.0,0
1.3995433,0.6686365,1647.762,1.0,145.31816,1.0,2.0,0.0,0
8.200533,0.74135184,155.50383,1.0,2425.9902,3.0,0.0,0.0,0
14.239872,0.5502279,3298.4673,2.0,4024.9646,3.0,0.0,0.0,1
12.428087,0.76108843,3086.468,2.0,3866.3977,2.0,2.0,1.0,1
24.498774,0.7998508,4526.338,0.0,954.19415,2.0,1.0,0.0,1
11.957292,0.62553084,2410.4275,0.0,3541.8704,0.0,2.0,1.0,0
16.382793,0.8060572,1756.3093,0.0,3115.2202,4.0,2.0,1.0,0
18.211952,0.9498464,2582.01,2.0,3379.6284,0.0,1.0,0.0,0
1.6331104,0.5004777,1013.74023,2.0,1337.863,3.0,1.0,1.0,1
15.938868,0.6144669,3146.4248,0.0,4055.5647,0.0,1.0,1.0,1
11.000107,0.6049598,3861.6628,2.0,2800.5952,3.0,2.0,0.0,0
13.217124,0.5619431,809.6355,0.0,3628.1394,1.0,1.0,1.0,1
3.9083345,0.5830506,1625.997,3.0,4698.4717,2.0,1.0,1.0,0
23.701796,0.8129563,4345.6147,2.0,4278.931,0.0,1.0,1.0,1
28.329723,0.5513472,2552.382,2.0,3913.864,1.0,0.0,1.0,1
1.6457958,0.8692658,2682.5913,2.0,1455.3473,2.0,1.0,1.0,0
18.43981,0.9435113,3625.9207,1.0,279.87473,3.0,1.0,0.0,0
23.151478,0.96329385,2910.5693,3.0,2877.4758,2.0,0.0,0.0,0
9.25942,0.8300879,394.41986,2.0,182.22014,1.0,2.0,0.0,0
23.839111,0.5986982,4029.6106,0.0,3573.807,2.0,2.0,1.0,0
19.338297,0.5426483,4618.0386,3.0,3686.7402,1.0,0.0,1.0,1
27.945717,0.61601245,313.7223,2.0,2818.9272,2.0,0.0,0.0,0
29.449139,0.9809786,650.1863,1.0,849.07806,2.0,1.0,0.0,0
2.2280374,0.9811726,3524.7773,3.0,4379.85,1.0,0.0,0.0,0
13.903195,0.69095945,3042.146,0.0,2983.647,1.0,0.0,1.0,1
16.862646,0.6628958,1943.4591,2.0,2579.3108,2.0,1.0,0.0,1
5.2555537,0.7550053,2719.2808,2.0,2842.283,2.0,2.0,0.0,0
10.752289,0.64584404,3531.526,3.0,423.60657,4.0,0.0,0.0,0
29.641775,0.9898312,2547.1584,2.0,3704.781,2.0,1.0,0.0,0
1.4706832,0.6106107,743.9322,3.0,313.27017,2.0,1.0,1.0,0
14.12273,0.6845713,492.70834,1.0,2896.157,2.0,0.0,0.0,0
25.436983,0.71468544,2222.3508,3.0,854.59283,4.0,1.0,0.0,0
10.393137,0.562532,4618.28,0.0,1046.4326,1.0,1.0,1.0,1
14.914157,0.6914124,2811.0068,3.0,1173.9387,1.0,0.0,1.0,1
29.363327,0.92836535,1823.1893,3.0,81.38514,1.0,2.0,0.0,0
14.771428,0.5701805,4548.0957,2.0,4460.276,3.0,0.0,0.0,1
4.796718,0.79201096,1973.7291,0.0,4023.134,3.0,1.0,1.0,0
2.4999232,0.7033186,2570.2751,1.0,166.11937,2.0,0.0,0.0,0
28.41708,0.5852684,626.6717,0.0,294.36057,1.0,1.0,1.0,0
8.708473,0.50616807,3700.1348,3.0,3916.5554,3.0,1.0,1.0,1
15.617853,0.63667166,3516.4998,1.0,43.948406,1.0,0.0,1.0,0
3.6303513,0.5309145,3981.5078,3.0,2350.3047,4.0,0.0,1.0,1
13.285998,0.68838423,1659.697,3.0,545.41327,3.0,2.0,1.0,0
27.97306,0.90510494,2208.4634,0.0,2962.2449,2.0,2.0,0.0,1
15.569977,0.85984266,883.29144,3.0,4991.7188,1.0,0.0,1.0,0
29.16292,0.9736919,4824.2993,1.0,868.3874,3.0,1.0,1.0,0
8.506233,0.7135077,476.08286,0.0,4783.8525,3.0,2.0,1.0,0
15.631812,0.8539007,3262.616,1.0,4328.738,4.0,1.0,1.0,0
25.926394,0.83267087,3541.0242,2.0,4929.4165,3.0,0.0,0.0,1
13.999318,0.60852313,830.79553,3.0,3833.2812,3.0,0.0,0.0,0
9.105134,0.6517913,1858.3499,2.0,4286.4014,0.0,2.0,1.0,0
25.808786,0.76491475,263.4765,0.0,2977.0422,0.0,0.0,0.0,1
12.306794,0.89832866,2805.211,1.0,4337.7476,3.0,2.0,0.0,0
16.390976,0.73090637,4974.944,1.0,566.44617,0.0,0.0,1.0,1
29.319284,0.61387074,2177.9304,2.0,3710.855,4.0,2.0,1.0,0
6.4080157,0.99673283,4950.5405,2.0,3147.3308,4.0,0.0,0.0,1
9.740619,0.5577894,674.81586,0.0,308.63394,2.0,1.0,0.0,0
1.9010184,0.97794443,1992.649,0.0,1465.036,3.0,2.0,0.0,0
12.363294,0.90452313,4514.7266,0.0,1088.3729,2.0,2.0,1.0,0
6.8053193,0.91944677,4389.6426,3.0,2031.8254,4.0,0.0,0.0,0
20.721014,0.8974588,1651.7783,2.0,999.7832,0.0,1.0,0.0,1
6.2583222,0.60408545,3409.1223,1.0,1381.3999,1.0,0.0,0.0,0
20.56957,0.8162912,4436.4927,3.0,1487.1904,3.0,0.0,1.0,0
8.640787,0.87837493,3846.0435,0.0,3003.0564,3.0,2.0,1.0,0
11.301317,0.8728429,3160.9573,0.0,683.0201,1.0,2.0,0.0,0
11.116959,0.63578266,805.24927,1.0,1213.0952,4.0,2.0,1.0,0
21.7858,0.5905597,411.36334,0.0,1592.5688,2.0,2.0,1.0,0
14.528769,0.6640615,3092.38,3.0,2250.849,4.0,1.0,1.0,1
11.477668,0.7399222,2526.3645,3.0,200.06227,1.0,1.0,0.0,0
25.726059,0.7868904,1228.2815,2.0,4996.065,3.0,1.0,1.0,0
17.586569,0.9184752,1499.2104,3.0,1508.956,1.0,2.0,1.0,0
7.2010937,0.88451713,1990.8315,1.0,1443.8508,0.0,0.0,1.0,0
27.102648,0.8380753,2502.8281,0.0,2778.8042,3.0,2.0,0.0,0
10.936858,0.6317446,1981.7819,1.0,4271.6206,3.0,2.0,1.0,1
2.1304018,0.73944026,1967.0938,0.0,2289.4788,1.0,2.0,1.0,0
15.343407,0.66771793,622.87744,3.0,1251.7076,3.0,1.0,1.0,1
4.5942035,0.61746407,4334.6724,2.0,2833.7188,4.0,1.0,1.0,1
7.915527,0.50512266,3065.3127,3.0,2419.8833,1.0,1.0,1.0,0
22.666216,0.66973096,773.2058,1.0,2121.1433,2.0,1.0,0.0,1
4.7918024,0.62805814,2148.1782,2.0,4919.5757,1.0,0.0,0.0,1
24.401382,0.78595114,2112.7437,1.0,4979.792,2.0,2.0,1.0,0
28.170311,0.5311509,3023.0732,1.0,2814.0996,4.0,1.0,0.0,0
18.589432,0.6352598,3063.9045,2.0,349.3396,3.0,0.0,1.0,0
21.600416,0.52238476,3243.8496,3.0,2838.9187,0.0,2.0,1.0,1
21.694012,0.82070893,3504.62,2.0,4762.836,3.0,1.0,1.0,1
29.791431,0.78409475,561.60254,2.0,4629.2056,2.0,0.0,1.0,0
10.90461,0.66874003,1559.3649,2.0,1085.3492,0.0,1.0,0.0,0
5.72284,0.5736673,135.8717,1.0,958.6962,3.0,1.0,0.0,0
16.05585,0.9789599,2300.4756,3.0,769.7567,1.0,0.0,0.0,1
16.464245,0.7921962,2175.679,3.0,4100.724,4.0,0.0,0.0,0
6.159462,0.8395567,3684.9182,1.0,2455.3748,4.0,1.0,1.0,1
18.780172,0.76567435,877.2289,3.0,1696.8524,3.0,2.0,1.0,0
1.4096173,0.9032666,3175.8975,1.0,1630.7877,3.0,2.0,0.0,0
27.902384,0.94819003,1568.1362,2.0,1384.3121,1.0,0.0,0.0,0
8.672654,0.6913553,1940.4866,2.0,4414.2725,0.0,1.0,0.0,0
2.1472461,0.84501266,3610.47,3.0,2054.3027,0.0,2.0,1.0,0
4.1392336,0.61494374,404.16284,3.0,1227.6486,2.0,1.0,0.0,0
7.9672194,0.8259275,1746.7753,1.0,3554.92,1.0,1.0,1.0,0
8.943279,0.6995778,1987.05,2.0,3180.9182,4.0,2.0,0.0,0
1.95149,0.5033908,3592.959,2.0,3579.674,1.0,1.0,0.0,0
9.10129,0.97776395,1036.1609,3.0,4111.561,1.0,2.0,1.0,0
6.59531,0.9342208,4739.6943,0.0,515.15625,4.0,1.0,1.0,0
11.980007,0.6454183,4988.922,2.0,19.92382,4.0,1.0,0.0,0
12.169865,0.99887866,4103.605,2.0,262.32553,1.0,1.0,1.0,0
10.831224,0.65856385,1533.5769,1.0,3536.8984,0.0,2.0,1.0,0
10.509792,0.7294221,3336.14,1.0,4673.1377,0.0,1.0,0.0,0
3.602207,0.9256295,461.58276,2.0,1662.2158,2.0,0.0,0.0,0
1.7309434,0.65229815,4362.8325,1.0,3908.159,4.0,1.0,0.0,0
6.861315,0.72527015,2604.1648,0.0,3648.6306,1.0,0.0,0.0,1
22.942833,0.8327936,923.3739,3.0,4890.5273,0.0,0.0,0.0,1
29.733482,0.56523377,1670.7119,1.0,2359.2576,1.0,2.0,1.0,1
27.92726,0.7111752,4013.6765,0.0,838.7041,0.0,1.0,1.0,1
15.622361,0.654705,4357.6226,0.0,3828.5046,2.0,0.0,1.0,1
16.422892,0.83838713,2622.5813,3.0,4095.9062,2.0,2.0,1.0,0
10.122866,0.5679847,2427.542,1.0,3539.4275,3.0,2.0,1.0,0
23.444244,0.61636573,3766.137,1.0,4317.2764,0.0,0.0,0.0,1
23.177944,0.8556881,4139.6387,1.0,1862.201,2.0,0.0,0.0,0
25.483898,0.5781122,3835.9917,0.0,3454.6719,0.0,2.0,1.0,1
26.969633,0.7110096,1952.9188,2.0,1326.6047,2.0,0.0,0.0,0
13.596128,0.85644037,3227.5325,0.0,2237.7363,4.0,2.0,1.0,0
23.239391,0.8827342,4293.9316,3.0,1220.0359,3.0,1.0,0.0,1
24.385563,0.5474406,801.21515,1.0,781.12305,4.0,1.0,0.0,0
9.945329,0.9259978,1971.2766,0.0,189.40671,0.0,1.0,1.0,0
27.948025,0.86198616,330.2635,1.0,3360.407,3.0,0.0,0.0,0
3.7359035,0.6696473,2073.9426,0.0,4377.613,4.0,2.0,1.0,0
29.833807,0.88190144,3872.7964,1.0,1578.953,3.0,1.0,1.0,1
23.33263,0.86414945,1025.2908,0.0,2151.8845,3.0,0.0,0.0,0
3.7048562,0.8004456,2732.3413,2.0,27.699272,0.0,2.0,0.0,0
20.03066,0.7792406,231.09938,3.0,2070.1453,3.0,0.0,0.0,0
1.991203,0.8673518,4493.3677,1.0,1413.7974,4.0,1.0,1.0,0
23.33542,0.99963,4109.0234,0.0,2875.258,1.0,1.0,0.0,0
24.177465,0.7892761,2645.8254,0.0,4543.501,2.0,0.0,1.0,1
18.469898,0.9043589,3543.6458,3.0,2535.7014,2.0,0.0,1.0,0
25.848951,0.87213683,564.385,1.0,3380.908,0.0,0.0,1.0,0
3.8386152,0.9279042,4233.787,1.0,3530.3594,0.0,2.0,0.0,1
9.001791,0.97726244,3590.5447,0.0,770.63525,1.0,1.0,0.0,0
13.011148,0.5965416,643.8386,2.0,1739.3873,0.0,2.0,1.0,0
2.2312806,0.5827298,4904.412,0.0,574.5963,2.0,0.0,0.0,1
13.998266,0.79317594,161.5257,3.0,2209.3254,0.0,0.0,1.0,0
8.69119,0.7246475,3161.1287,0.0,4437.5557,0.0,0.0,1.0,1
12.389316,0.78536135,900.18726,0.0,2409.8623,3.0,0.0,0.0,0
13.327976,0.8990214,3610.3254,2.0,2286.2034,1.0,1.0,0.0,0
26.502941,0.96585727,398.51096,1.0,1054.5245,1.0,0.0,0.0,0
8.839889,0.7087079,451.44937,2.0,1557.9843,1.0,1.0,0.0,0
26.91855,0.85896635,2358.144,0.0,4683.632,2.0,2.0,0.0,0
13.353158,0.5983996,4970.3467,3.0,1521.9467,2.0,0.0,0.0,1
10.506424,0.767276,1418.7554,1.0,3659.6191,0.0,0.0,0.0,0
15.572849,0.5109024,3082.0144,3.0,220.28691,0.0,2.0,1.0,1
13.114555,0.7518753,2617.0654,3.0,650.2867,2.0,1.0,0.0,0
8.463797,0.77266824,4218.492,2.0,1564.2748,2.0,0.0,0.0,0
15.577701,0.8677227,1478.5186,1.0,4508.0903,3.0,2.0,1.0,0
5.4022503,0.8247424,2796.9746,1.0,1104.2654,0.0,0.0,1.0,0
11.205968,0.6791984,4755.5864,2.0,3636.4556,0.0,1.0,0.0,1
17.407917,0.50286543,1696.2998,0.0,845.9471,2.0,0.0,0.0,0
12.988839,0.55774295,2225.0576,0.0,3068.0818,4.0,2.0,1.0,0
24.89346,0.9865303,4449.626,2.0,2938.273,1.0,0.0,1.0,1
8.444931,0.96116656,1695.8694,0.0,3113.52,0.0,1.0,1.0,0
29.123375,0.6625466,1934.3351,1.0,1438.5199,2.0,1.0,1.0,0
23.756939,0.6294265,1555.3881,2.0,818.894,2.0,1.0,0.0,0
29.060198,0.71820813,4057.1804,1.0,4433.564,3.0,0.0,1.0,1
25.30596,0.84497,4655.4155,3.0,2851.5251,0.0,0.0,0.0,1
5.1210136,0.6784138,3173.9395,3.0,1068.0955,3.0,2.0,1.0,0
16.267344,0.53364694,3136.9692,0.0,2072.512,1.0,1.0,1.0,1
5.929377,0.70139754,1980.518,0.0,344.78656,0.0,2.0,1.0,0
24.728594,0.6302945,111.79456,3.0,2382.1267,4.0,1.0,1.0,0
17.940702,0.662465,910.9911,0.0,2125.215,2.0,0.0,1.0,0
8.64003,0.5814786,779.8199,1.0,672.3039,1.0,1.0,0.0,0
27.95837,0.82942003,623.6159,3.0,2227.418,4.0,2.0,0.0,0
4.3403955,0.76331544,3287.5342,2.0,3201.2664,3.0,0.0,1.0,0
17.352009,0.6354316,724.9273,1.0,4643.1675,1.0,1.0,1.0,0
21.910175,0.7769312,473.88806,0.0,3518.894,4.0,2.0,1.0,0
2.7066076,0.7463539,1943.7784,1.0,2517.152,2.0,2.0,0.0,0
18.337826,0.8979874,1282.6622,2.0,3852.5552,1.0,1.0,1.0,0
24.661135,0.9779921,772.0097,0.0,1406.8771,2.0,0.0,0.0,1
2.958292,0.5653353,773.333,2.0,3347.2202,0.0,1.0,0.0,0
15.855046,0.94195676,1318.2183,1.0,35.260212,4.0,1.0,0.0,0
8.498158,0.85239846,2707.4062,1.0,372.03015,1.0,2.0,0.0,0
20.22481,0.84627676,3802.5732,3.0,3125.0854,2.0,0.0,0.0,0
4.4416437,0.6871505,4271.244,3.0,970.8224,0.0,1.0,0.0,0
28.174492,0.6719541,3769.5183,2.0,3446.7607,4.0,0.0,0.0,0
26.947128,0.5028197,3159.6555,2.0,3187.3987,1.0,2.0,1.0,1
6.393258,0.99110246,4542.7417,1.0,327.69708,3.0,2.0,1.0,0
10.374711,0.80325294,2622.6973,0.0,1968.5583,1.0,2.0,0.0,0
18.041414,0.7011643,3185.1165,1.0,3068.8809,2.0,0.0,1.0,1
21.823809,0.7718844,2087.5217,0.0,3570.2734,2.0,2.0,1.0,1
13.837025,0.5202635,1670.5518,1.0,4082.26,1.0,1.0,0.0,1
5.5324483,0.5868255,1691.9733,1.0,1658.91,2.0,1.0,1.0,1
4.0203934,0.81167996,784.17053,2.0,4185.213,2.0,0.0,0.0,0
29.993195,0.75713086,3993.1584,1.0,1777.7296,1.0,1.0,1.0,0
14.205212,0.8935374,324.07202,1.0,44.864338,0.0,2.0,1.0,0
26.303421,0.82937133,3389.692,2.0,3053.9294,0.0,0.0,0.0,1
14.988904,0.80071783,4329.078,0.0,1215.9263,2.0,1.0,1.0,1
27.748371,0.9076328,2512.2703,0.0,630.6627,1.0,0.0,0.0,0
3.545022,0.5341315,397.49387,2.0,1299.2054,1.0,0.0,1.0,0
4.3065567,0.8454434,2170.6665,2.0,4141.291,3.0,1.0,0.0,0
27.959333,0.85779536,1748.9717,3.0,4570.8667,3.0,1.0,0.0,0
28.477299,0.63758177,4928.4194,2.0,4808.866,4.0,0.0,1.0,1
10.126806,0.5978248,3471.7627,3.0,1521.1235,3.0,0.0,1.0,1
11.299782,0.60692626,3620.731,2.0,2285.0842,2.0,2.0,1.0,0
14.121057,0.5990704,2603.3433,3.0,4014.6052,4.0,0.0,0.0,0
13.068688,0.76189107,3561.6006,0.0,1596.3345,4.0,1.0,0.0,0
6.511311,0.56781316,3626.7263,2.0,1931.8645,1.0,2.0,1.0,0
27.052887,0.82964295,378.47647,3.0,1193.9998,0.0,2.0,0.0,1
8.345921,0.5525391,1151.9023,3.0,2866.113,4.0,2.0,0.0,1
21.4529,0.51344484,114.1894,1.0,3299.7407,4.0,0.0,0.0,0
2.9475148,0.65964514,2573.5466,3.0,1599.013,4.0,2.0,0.0,0
2.1237886,0.59592986,4385.2095,1.0,130.91028,2.0,2.0,1.0,1
19.958183,0.994331,3067.295,0.0,3682.18,4.0,0.0,1.0,1
10.83146,0.65149814,2526.0273,3.0,3086.8206,3.0,2.0,1.0,1
20.008322,0.61103207,4633.531,1.0,1102.804,3.0,0.0,1.0,1
3.726615,0.5983849,902.4816,0.0,1580.0919,3.0,1.0,1.0,0
28.54569,0.6869264,419.29132,0.0,4785.9966,1.0,2.0,0.0,1
22.706919,0.80292445,4590.6636,0.0,3154.7156,3.0,1.0,0.0,0
26.411749,0.8909726,4518.7695,3.0,2981.434,4.0,0.0,0.0,0
4.957646,0.6822881,3430.7139,3.0,3202.057,4.0,0.0,1.0,0
10.284668,0.8129855,1267.5968,3.0,4772.678,2.0,2.0,1.0,0
11.681981,0.74103,4850.332,0.0,1705.8967,0.0,0.0,0.0,1
16.578007,0.9232477,3838.4644,3.0,1411.7708,3.0,1.0,0.0,1
9.609186,0.78452086,3385.778,2.0,1889.945,1.0,2.0,0.0,1
2.7582915,0.64494586,1153.411,1.0,4006.736,1.0,2.0,1.0,0
11.697473,0.85179365,2589.7915,2.0,613.5848,0.0,2.0,1.0,0
8.38193,0.9100323,4121.7524,3.0,1042.0553,0.0,1.0,0.0,1
12.191717,0.7327203,4308.288,1.0,1148.9451,2.0,0.0,0.0,0
6.711827,0.99359864,2829.079,0.0,3185.5232,1.0,2.0,0.0,0
8.594995,0.93954843,2637.8296,3.0,3211.4993,1.0,1.0,1.0,0
19.181618,0.59847736,3503.535,0.0,1865.713,2.0,1.0,0.0,1
12.256461,0.89337796,2664.8318,0.0,1388.1995,2.0,2.0,0.0,0
11.016118,0.8004756,2117.5212,2.0,3775.7131,2.0,2.0,1.0,0
16.483263,0.7674056,472.8241,3.0,168.31557,2.0,1.0,1.0,1
23.383955,0.7569693,673.9459,3.0,3696.3013,4.0,0.0,0.0,0
11.987171,0.9267056,3813.3635,3.0,1059.2672,1.0,0.0,0.0,0
18.038065,0.8054364,172.08711,3.0,4514.8574,0.0,1.0,0.0,0
29.019876,0.768853,308.90988,0.0,2074.3293,4.0,0.0,0.0,0
16.137423,0.52443,4527.986,1.0,3215.0615,0.0,0.0,1.0,1
27.38413,0.72415143,3534.7856,2.0,613.63684,3.0,2.0,1.0,1
24.016506,0.9540208,70.852974,1.0,1276.8832,1.0,0.0,0.0,0
2.7028418,0.85586834,1594.6147,2.0,3506.0369,4.0,2.0,0.0,0
13.443868,0.525477,3828.4263,1.0,2756.2737,0.0,1.0,1.0,0
21.251234,0.94199616,2117.124,1.0,3854.6821,0.0,2.0,1.0,0
29.614645,0.9133336,2370.5493,0.0,2821.3777,2.0,0.0,0.0,0
14.2929125,0.77334213,2321.0554,2.0,2850.9626,2.0,1.0,0.0,0
3.6907783,0.51120275,1050.5653,3.0,4292.7124,3.0,2.0,1.0,0
17.298265,0.78121483,3620.8877,3.0,2129.2026,3.0,1.0,1.0,1
4.67035,0.5272945,559.88135,1.0,4476.273,4.0,2.0,0.0,0
22.794067,0.6601895,2560.893,2.0,1867.3541,3.0,2.0,0.0,0
15.722633,0.8144548,891.2814,0.0,1649.685,1.0,2.0,1.0,1
21.97951,0.95645654,280.3374,2.0,3899.3123,0.0,1.0,0.0,1
26.211493,0.6788978,759.05725,1.0,67.61653,1.0,1.0,1.0,1
19.239492,0.93001187,4353.208,3.0,869.2387,4.0,0.0,1.0,0
18.76074,0.95918053,921.93097,2.0,368.11105,3.0,0.0,1.0,0
22.882538,0.51052195,1427.9276,0.0,2565.4043,3.0,0.0,1.0,0
25.431194,0.6197139,733.5692,3.0,3144.0742,1.0,0.0,1.0,0
26.20256,0.8549312,3690.9482,2.0,61.77597,2.0,2.0,1.0,0
2.0564756,0.87842155,2254.9734,0.0,815.7031,3.0,0.0,0.0,0
17.129519,0.6962084,4720.9937,1.0,1519.6814,4.0,1.0,1.0,1
7.27181,0.8283773,3338.4067,0.0,1478.1895,2.0,1.0,0.0,0
25.950031,0.8060793,2680.3767,1.0,494.69226,0.0,0.0,0.0,0
19.803534,0.8698875,3300.323,3.0,872.5088,4.0,2.0,0.0,0
13.186452,0.8593292,250.10565,3.0,4236.788,4.0,2.0,0.0,0
6.455023,0.5429354,4755.768,2.0,3505.9,0.0,0.0,1.0,0
10.831685,0.5791251,4784.3267,1.0,1487.511,1.0,0.0,0.0,1
21.409554,0.5663636,1416.8923,1.0,1324.4032,4.0,0.0,0.0,0
6.926427,0.96624005,3160.0627,3.0,410.19403,4.0,0.0,0.0,0
3.7139053,0.9567713,1049.4805,0.0,1751.0406,4.0,0.0,1.0,0
26.752834,0.89870614,2759.9854,3.0,1996.3668,4.0,0.0,1.0,1
23.1621,0.55835927,3865.4067,3.0,4521.8667,0.0,1.0,1.0,1
6.794053,0.7871357,4702.1177,3.0,3718.1475,0.0,1.0,0.0,1
9.477035,0.5936153,1729.1238,2.0,2400.9773,2.0,0.0,0.0,0
29.190035,0.68419194,3482.851,3.0,682.93774,3.0,1.0,0.0,1
21.53735,0.63354564,3596.3142,0.0,3284.2466,2.0,1.0,0.0,1
18.705137,0.9144655,1144.6865,3.0,4680.7017,1.0,0.0,0.0,0
9.9212265,0.5722257,3163.709,0.0,399.44382,1.0,0.0,1.0,1
9.674629,0.8230896,3294.3354,0.0,4244.5527,3.0,2.0,0.0,1
2.146185,0.99194735,3832.1768,0.0,908.7716,4.0,0.0,0.0,0
22.125975,0.8435273,4999.739,2.0,3509.3918,4.0,0.0,0.0,1
2.2520816,0.53961676,249.15022,0.0,927.44165,0.0,2.0,0.0,0
1.1408628,0.9539248,1051.4099,2.0,3004.0676,0.0,1.0,0.0,0
22.155357,0.8215398,768.13824,0.0,1195.7467,1.0,2.0,0.0,0
28.51734,0.7281555,814.44855,2.0,2713.0732,3.0,0.0,1.0,1
22.93859,0.82984626,2298.5308,0.0,3004.7878,0.0,0.0,1.0,1
14.677566,0.93952215,4398.756,2.0,3096.4165,3.0,1.0,1.0,1
15.095312,0.7385636,2271.1802,0.0,3417.1665,2.0,0.0,1.0,0
13.647956,0.76566076,3358.978,3.0,354.45758,3.0,1.0,1.0,0
10.414666,0.7262237,1913.6708,1.0,3519.903,4.0,0.0,0.0,0
16.129713,0.5362957,1632.3334,2.0,781.4426,2.0,2.0,0.0,0
13.503378,0.8935351,4179.4644,1.0,3388.3918,3.0,2.0,0.0,0
18.346869,0.5632059,3294.9602,2.0,628.9477,2.0,2.0,1.0,0
27.045483,0.697285,1786.9316,1.0,2402.2793,3.0,1.0,1.0,0
29.855272,0.6934114,4575.0933,0.0,1939.9745,1.0,1.0,1.0,1
3.2835555,0.6400204,2517.6323,3.0,4837.058,0.0,1.0,0.0,0
12.155821,0.70125353,981.96,2.0,3157.7378,0.0,0.0,1.0,1
6.2404795,0.80900455,2441.9482,1.0,450.14752,3.0,1.0,1.0,0
11.2114935,0.65569365,3389.7622,0.0,3507.4233,3.0,0.0,0.0,0
9.336718,0.58625597,1867.2073,3.0,978.7506,2.0,2.0,1.0,0
6.061577,0.93468374,4226.7344,1.0,1437.8903,3.0,0.0,0.0,0
23.158205,0.98541635,2689.0627,3.0,1898.4308,2.0,0.0,1.0,1
15.392373,0.7292919,2365.4355,3.0,3883.365,1.0,2.0,1.0,0
27.658121,0.66350985,4300.6216,3.0,4720.964,2.0,0.0,1.0,1
1.9451809,0.52374107,2341.443,2.0,4622.4326,1.0,1.0,1.0,1
2.9423623,0.51842576,2101.3303,0.0,861.7113,4.0,1.0,1.0,1
12.694934,0.696441,563.3962,0.0,311.46326,3.0,0.0,0.0,0
3.3280423,0.96512103,1844.3348,0.0,4144.38,3.0,1.0,1.0,0
8.619159,0.8653543,2015.389,1.0,1448.2091,3.0,2.0,0.0,0
29.594862,0.6746347,944.0805,2.0,2918.3022,3.0,0.0,1.0,0
7.0598288,0.9840232,2959.7249,3.0,4893.351,3.0,1.0,1.0,1
6.7454147,0.71437895,762.01825,0.0,940.2458,2.0,2.0,0.0,0
17.63558,0.6383964,1157.2644,2.0,1880.5309,4.0,0.0,1.0,0
15.441951,0.7131766,2827.4053,0.0,4339.319,0.0,2.0,1.0,1
17.83271,0.6057716,1381.4686,1.0,3253.4028,3.0,2.0,0.0,1
11.9253235,0.94281936,3216.3582,0.0,4688.3896,2.0,2.0,1.0,0
24.976109,0.68058664,3468.04,1.0,3162.2793,0.0,1.0,1.0,1
5.018836,0.8289845,1541.3876,2.0,1524.8141,3.0,2.0,0.0,0
13.423387,0.6945236,482.56903,2.0,4027.492,0.0,2.0,1.0,0
21.003094,0.9508657,2472.7866,3.0,3798.726,3.0,1.0,1.0,0
26.178856,0.82119036,509.84717,2.0,4668.7583,2.0,0.0,1.0,0
11.717577,0.74412596,2600.4165,1.0,2386.073,3.0,2.0,0.0,0
17.464622,0.5660715,3644.7783,3.0,2519.168,3.0,0.0,0.0,0
3.0050583,0.9509583,3120.6326,3.0,1625.8773,1.0,2.0,0.0,1
5.9392533,0.7734084,2268.9248,3.0,1351.1041,3.0,1.0,1.0,0
3.0050068,0.6425265,4732.0,3.0,4982.674,1.0,1.0,0.0,1
22.108545,0.9389635,553.6488,3.0,4886.505,3.0,2.0,1.0,0
9.353739,0.5272202,4406.0073,0.0,2652.9358,0.0,1.0,0.0,0
21.988613,0.65703845,4010.638,2.0,4775.877,0.0,2.0,0.0,1
2.92555,0.7684142,2127.706,1.0,1787.2157,3.0,2.0,0.0,0
26.013885,0.66990715,806.6925,1.0,4251.4717,0.0,0.0,1.0,1
25.230375,0.73836714,821.5406,0.0,3177.9922,4.0,2.0,1.0,0
3.5789335,0.6321581,4612.9385,0.0,3588.16,0.0,0.0,1.0,0
1.6889387,0.56504154,1206.8381,3.0,3593.8325,2.0,2.0,1.0,0
2.6323755,0.5184271,4376.8726,3.0,3182.785,4.0,0.0,1.0,0
25.755276,0.57882327,2541.3113,2.0,4263.1167,3.0,0.0,1.0,1
7.8064013,0.9764733,2335.5864,0.0,1966.1461,3.0,0.0,1.0,0
16.899927,0.78770155,3116.5808,2.0,4247.4526,3.0,2.0,1.0,0
13.361082,0.7444801,1114.4435,0.0,925.24164,3.0,1.0,1.0,0
24.07024,0.6921619,2170.4348,2.0,1007.7975,0.0,1.0,0.0,0
15.178051,0.8542101,4695.498,0.0,3589.5427,1.0,1.0,0.0,1
15.519164,0.5706297,1229.3718,1.0,3753.1482,0.0,1.0,1.0,0
29.683666,0.6380649,4611.8384,0.0,4512.4824,1.0,2.0,1.0,1
5.3537574,0.8279511,4971.338,3.0,1380.6677,1.0,2.0,0.0,0
25.090414,0.7395322,306.94058,2.0,289.78656,3.0,0.0,1.0,0
2.5007427,0.88504624,2680.3267,3.0,2542.284,4.0,1.0,1.0,0
14.851814,0.94855493,900.50555,0.0,4377.9487,2.0,0.0,0.0,0
26.70371,0.9116863,3127.4856,2.0,4857.6147,0.0,0.0,0.0,0
20.291204,0.59210384,4948.236,1.0,4290.553,3.0,0.0,0.0,1
20.871223,0.5457351,4489.5605,1.0,2454.8826,2.0,2.0,0.0,1
8.636201,0.5847203,4628.0,3.0,4318.2773,3.0,2.0,1.0,0
13.138669,0.89176536,1106.0815,0.0,1077.715,1.0,0.0,0.0,1
11.630851,0.95691556,2734.482,3.0,4606.6367,2.0,2.0,1.0,0
16.121853,0.96272445,1212.4136,0.0,2838.5613,3.0,0.0,1.0,1
14.40461,0.6491079,4502.1523,1.0,1952.9243,3.0,0.0,0.0,1
10.480052,0.92017066,996.2123,0.0,2912.3894,1.0,0.0,0.0,0
9.858938,0.7681178,812.0966,2.0,3922.201,2.0,0.0,0.0,0
8.274734,0.9113959,110.205025,2.0,1208.2063,4.0,1.0,0.0,0
11.58637,0.77418244,950.6419,2.0,518.3802,0.0,1.0,0.0,0
5.348303,0.5729466,989.3261,3.0,3668.2693,1.0,0.0,1.0,1
26.291025,0.5396098,433.57642,3.0,4762.8203,2.0,1.0,0.0,0
18.461462,0.97860956,4345.3184,3.0,3188.5208,4.0,1.0,0.0,0
4.8798065,0.7129013,3910.9893,1.0,721.49146,4.0,1.0,0.0,0
21.121922,0.6752603,1309.6835,0.0,3220.493,2.0,2.0,1.0,1
25.582327,0.67815155,3927.1257,0.0,591.99414,2.0,1.0,1.0,1
7.8885345,0.6894672,2139.7146,1.0,1524.5885,2.0,1.0,1.0,0
5.3674173,0.9724984,3888.8254,2.0,167.67253,2.0,2.0,0.0,0
1.2499005,0.5313523,1648.8878,0.0,2442.633,3.0,2.0,0.0,0
2.3702598,0.5595306,2845.0383,3.0,1613.5574,2.0,2.0,1.0,0
23.10529,0.89482576,1938.9722,3.0,496.63422,2.0,1.0,0.0,0
29.628403,0.77470475,978.9953,0.0,1552.0463,4.0,0.0,0.0,0
2.3015294,0.56426835,2948.8828,3.0,3241.375,0.0,0.0,0.0,0
22.694057,0.5172301,3766.6125,2.0,1452.517,4.0,0.0,0.0,1
3.0840027,0.6121172,3777.8804,1.0,723.9299,3.0,2.0,1.0,1
18.171852,0.63040537,1813.6326,2.0,2728.5393,2.0,2.0,1.0,1
22.926184,0.50710654,2617.6233,2.0,3768.604,2.0,1.0,1.0,1
11.416927,0.6080453,3830.704,1.0,4152.4053,2.0,2.0,1.0,0
1.317107,0.86915946,319.7631,2.0,2365.7646,2.0,2.0,0.0,0
18.26049,0.92771685,405.84726,0.0,3558.2515,1.0,1.0,1.0,0
29.746094,0.9491179,1912.3026,1.0,4168.3057,3.0,0.0,1.0,0
8.470905,0.694957,1156.1844,3.0,3367.7173,1.0,1.0,1.0,0
6.495247,0.6597069,1904.4978,0.0,2641.0842,3.0,2.0,0.0,1
4.593851,0.99993044,514.07776,2.0,309.09744,2.0,1.0,1.0,0
17.102413,0.8846702,2980.4397,1.0,1457.2715,1.0,1.0,0.0,0
18.296907,0.76867604,3375.1155,1.0,1605.8777,4.0,1.0,0.0,0
23.975855,0.62738574,3969.6106,0.0,1981.1062,1.0,2.0,0.0,0
22.839125,0.6606527,3270.0886,2.0,4754.9546,3.0,1.0,0.0,0
26.883703,0.75768214,2012.0879,2.0,1052.288,1.0,0.0,1.0,1
24.367409,0.77104145,4677.8945,2.0,2712.359,1.0,1.0,1.0,1
8.170746,0.50683933,3645.3435,1.0,4956.178,2.0,1.0,0.0,0
17.120445,0.9797,2662.0222,2.0,3097.785,4.0,2.0,0.0,0
9.624947,0.7878031,1073.9095,2.0,1052.4645,1.0,0.0,1.0,0
10.563776,0.79457915,3262.4263,2.0,4801.3525,0.0,2.0,1.0,0
28.026386,0.60573554,2979.0166,2.0,1688.1005,0.0,2.0,0.0,1
20.77498,0.8824936,3432.4834,1.0,248.87485,2.0,2.0,0.0,0
29.263123,0.86863226,3916.5676,2.0,2162.495,3.0,0.0,1.0,1
13.090464,0.547579,4579.4956,2.0,1210.872,3.0,0.0,1.0,0
16.58569,0.7974972,4747.83,3.0,4096.1304,1.0,1.0,1.0,1
15.126348,0.82909685,3169.4182,1.0,1107.5796,4.0,0.0,1.0,0
4.111325,0.9177841,4831.4824,1.0,4101.072,0.0,1.0,0.0,0
7.864358,0.6030456,4561.541,2.0,190.49338,2.0,2.0,1.0,1
16.301455,0.9388174,62.941067,2.0,4646.495,4.0,1.0,0.0,0
2.9538548,0.73074055,3206.2065,1.0,220.5457,4.0,2.0,1.0,0
28.012396,0.5482618,933.4236,0.0,4693.314,3.0,2.0,1.0,0
4.591467,0.5528106,1511.2036,2.0,377.71945,1.0,2.0,0.0,0
6.7414417,0.5989022,1522.626,2.0,4364.1924,3.0,2.0,0.0,0
23.194315,0.64137536,2441.4917,3.0,4158.3467,1.0,0.0,0.0,0
3.8111017,0.7482029,103.78758,2.0,2976.175,1.0,0.0,0.0,0
27.108065,0.8743756,1217.1923,2.0,189.57056,2.0,2.0,0.0,1
22.045328,0.5933629,194.14874,0.0,3109.5027,3.0,2.0,1.0,1
2.9900048,0.9963259,3270.265,1.0,3093.0537,1.0,2.0,0.0,0
21.063564,0.58076096,4451.9736,0.0,2790.4153,4.0,1.0,1.0,1
19.317228,0.799689,4989.0537,2.0,3161.3125,4.0,0.0,0.0,1
22.963133,0.9644702,2270.3567,2.0,4840.856,1.0,1.0,1.0,0
25.017738,0.9162537,1337.6985,3.0,4977.581,1.0,1.0,1.0,0
21.832167,0.8239446,4272.863,2.0,2607.2742,0.0,0.0,0.0,1
17.999113,0.8577465,610.13464,3.0,468.0851,2.0,1.0,1.0,0
10.351437,0.5671028,4872.483,2.0,678.50555,0.0,1.0,0.0,1
21.220936,0.50483155,3588.4453,3.0,3604.5508,4.0,0.0,1.0,1
28.752176,0.7170744,2544.4766,1.0,4909.9985,4.0,2.0,1.0,0
18.038132,0.54475945,528.42017,2.0,2185.9155,4.0,1.0,0.0,1
20.266,0.6788763,140.06989,2.0,499.21335,1.0,2.0,1.0,0
13.676713,0.6118714,2745.4343,2.0,1771.6923,3.0,0.0,1.0,1
22.927504,0.95817333,2098.56,2.0,1931.2013,2.0,2.0,0.0,0
29.932354,0.940028,4221.1895,3.0,4983.0107,1.0,1.0,0.0,0
5.6512904,0.90947145,3229.412,0.0,3436.051,2.0,2.0,0.0,0
6.869753,0.85697216,2187.887,1.0,598.1518,0.0,0.0,1.0,1
16.643696,0.57703596,1168.735,2.0,1692.0128,4.0,0.0,0.0,1
14.959887,0.5241837,2428.0898,2.0,252.30797,0.0,0.0,1.0,1
17.575523,0.82694393,856.82166,2.0,3268.772,1.0,1.0,0.0,1
2.4231474,0.8211291,3351.7126,0.0,3366.969,1.0,1.0,1.0,1
12.724017,0.6847122,3048.359,3.0,296.90875,2.0,0.0,1.0,1
17.90637,0.7363433,4059.8533,2.0,1684.2445,3.0,0.0,0.0,0
17.970549,0.74457467,2275.17,1.0,4515.1636,4.0,2.0,0.0,1
20.062685,0.61996406,1429.3102,3.0,4135.812,1.0,2.0,0.0,0
21.886265,0.65708333,4190.157,1.0,2875.3208,1.0,0.0,1.0,1
19.60487,0.7091948,3470.4355,0.0,2428.2705,0.0,2.0,0.0,1
23.917051,0.8015895,3548.2104,3.0,4964.331,2.0,2.0,0.0,0
19.11806,0.9779096,2664.0186,1.0,3613.7559,4.0,2.0,1.0,0
16.587723,0.7692423,4386.094,3.0,4763.65,0.0,0.0,0.0,1
18.579697,0.8655819,1177.5283,2.0,367.2102,4.0,1.0,1.0,0
3.9346077,0.90350056,2038.3755,0.0,1068.6343,1.0,0.0,1.0,0
8.921539,0.55675405,3991.3513,1.0,165.24406,4.0,0.0,1.0,0
16.294594,0.82656235,708.1565,3.0,4340.9087,0.0,2.0,1.0,0
26.31663,0.74105537,4050.142,3.0,3474.2148,4.0,2.0,1.0,0
20.692495,0.7862155,1795.3463,0.0,896.48175,1.0,0.0,0.0,0
3.6218343,0.5192085,671.2433,3.0,4871.211,1.0,1.0,1.0,0
18.175974,0.9531079,441.78995,3.0,4779.428,1.0,0.0,0.0,0
7.430402,0.9763921,4222.992,2.0,1130.743,0.0,2.0,0.0,0
22.28648,0.50174093,3904.147,0.0,3238.5786,3.0,1.0,0.0,1
24.995785,0.6063958,1475.8047,2.0,3343.8335,0.0,0.0,0.0,0
18.210232,0.59009707,625.99286,1.0,30.043608,2.0,2.0,0.0,1
18.149515,0.89065224,1273.8104,0.0,3447.0112,4.0,0.0,0.0,1
10.819152,0.79904,1104.2888,3.0,1114.4875,2.0,0.0,1.0,0
13.941251,0.58866686,3678.6255,2.0,4507.5806,4.0,2.0,0.0,0
26.059143,0.90698546,1117.0372,0.0,4194.1504,3.0,1.0,0.0,0
21.97629,0.6767374,1119.6876,1.0,4527.415,3.0,2.0,1.0,0
16.072857,0.73042846,209.72725,3.0,3790.1943,4.0,0.0,0.0,0
11.67874,0.6936533,3004.4556,1.0,832.8781,0.0,1.0,1.0,0
2.4610124,0.7606901,3460.4487,1.0,1809.166,1.0,1.0,1.0,0
5.1472144,0.74007124,3284.7778,0.0,3547.568,1.0,0.0,1.0,1
6.5977306,0.637292,2864.566,0.0,1623.392,0.0,0.0,1.0,0
11.828123,0.712278,4832.071,3.0,3553.0645,0.0,0.0,0.0,1
28.380165,0.95416856,2390.0557,3.0,1687.432,0.0,1.0,0.0,0
15.649448,0.7514471,4307.676,0.0,896.87,4.0,1.0,1.0,1
7.8103647,0.9581932,3247.749,2.0,2595.6375,4.0,1.0,1.0,0
4.066754,0.7750635,466.6016,2.0,3434.2766,2.0,0.0,0.0,0
10.810861,0.88440865,4059.938,3.0,2590.8064,4.0,2.0,0.0,0
24.656189,0.64679563,2942.7234,2.0,3212.9177,1.0,2.0,1.0,1
12.116941,0.89520675,3284.952,3.0,2195.8745,2.0,2.0,0.0,0
23.402668,0.6321608,942.1258,0.0,3893.8733,4.0,0.0,0.0,0
24.278444,0.509775,2215.576,0.0,3253.3325,0.0,2.0,0.0,0
4.2138023,0.58036447,4408.8833,1.0,2877.287,0.0,0.0,0.0,1
18.651133,0.5108264,1116.3844,1.0,2182.505,2.0,1.0,1.0,1
28.813786,0.9735313,50.618286,3.0,2683.2805,1.0,0.0,1.0,0
12.662004,0.9999885,1324.6681,1.0,264.5385,3.0,0.0,0.0,0
2.4773786,0.88111514,2463.3352,1.0,3336.9312,3.0,1.0,0.0,0
27.775778,0.5540641,4115.326,2.0,1030.0145,1.0,0.0,1.0,1
26.626322,0.9494727,3234.29,3.0,4302.1436,0.0,2.0,0.0,0
16.142101,0.8718881,4599.3643,0.0,4063.5955,0.0,1.0,0.0,0
17.01534,0.66612226,2305.044,2.0,2644.494,2.0,2.0,1.0,0
7.140492,0.751139,1984.5354,1.0,4237.184,1.0,0.0,1.0,1
24.764072,0.8308797,1195.5201,0.0,3357.308,0.0,2.0,0.0,0
15.459401,0.51202524,1129.4093,3.0,714.88763,3.0,0.0,0.0,0
1.9824561,0.75077045,3693.744,3.0,3706.456,4.0,1.0,0.0,0
20.807434,0.8661977,447.77765,0.0,4979.074,4.0,1.0,0.0,0
28.564392,0.5941127,1251.4323,3.0,214.47678,0.0,2.0,1.0,0
25.045364,0.7218953,4435.1816,2.0,1232.148,0.0,0.0,1.0,1
9.038746,0.7662651,2905.758,2.0,2992.7263,2.0,0.0,0.0,0
2.5464275,0.8677827,280.60867,1.0,2081.8203,4.0,0.0,0.0,0
28.270191,0.98222685,3536.0625,1.0,3191.4055,2.0,2.0,1.0,0
28.17482,0.9241378,2558.0776,0.0,2936.1577,2.0,1.0,1.0,0
16.440044,0.8107592,4279.8823,0.0,3942.0674,4.0,0.0,1.0,1
19.627205,0.79182035,3428.0476,0.0,363.80557,3.0,2.0,1.0,1
14.415401,0.80159336,72.01061,2.0,2208.674,4.0,0.0,1.0,0
13.173196,0.7725893,1068.4084,0.0,4301.6685,4.0,0.0,1.0,0
4.4640045,0.52968144,1326.9203,2.0,1820.1819,4.0,1.0,0.0,0
3.805834,0.8491482,3526.0498,2.0,2523.9062,2.0,2.0,1.0,0
7.7492323,0.8581684,2571.1052,1.0,117.677345,1.0,2.0,0.0,0
25.26258,0.7562402,3749.865,0.0,1128.6277,0.0,0.0,0.0,1
5.229137,0.9351938,2588.6926,2.0,2323.6392,3.0,2.0,1.0,0
7.5742607,0.8362184,1670.5538,3.0,2000.851,1.0,2.0,1.0,0
16.909807,0.68133235,563.1202,1.0,3576.128,0.0,0.0,0.0,0
7.2388053,0.50984716,1052.9794,3.0,3063.281,4.0,1.0,1.0,0
5.732994,0.52958083,2033.8615,1.0,4402.61,2.0,1.0,0.0,0
17.33617,0.67589915,2779.6987,0.0,4275.3057,2.0,1.0,1.0,0
11.674705,0.73105264,4696.2554,2.0,1213.687,3.0,1.0,0.0,0
19.158619,0.58343554,1236.6149,3.0,98.01726,1.0,1.0,1.0,1
27.453955,0.59466416,3347.1204,3.0,4273.809,4.0,1.0,0.0,1
5.378801,0.6151057,805.10223,3.0,1652.3131,2.0,1.0,1.0,1
27.489576,0.89025664,3583.078,0.0,1742.0774,2.0,1.0,0.0,1
27.172209,0.8856439,106.137344,0.0,800.39,1.0,1.0,1.0,0
25.04354,0.6914695,3296.8037,2.0,3468.1062,3.0,0.0,0.0,1
19.307291,0.5861822,857.9274,3.0,1407.7435,1.0,1.0,0.0,1
18.984253,0.5554542,942.606,3.0,891.94806,3.0,2.0,1.0,0
19.537167,0.5435647,2816.5928,1.0,2521.9197,4.0,2.0,0.0,1
21.02437,0.6956396,1908.2871,1.0,3754.5754,0.0,2.0,1.0,1
1.4779838,0.52277124,2382.9604,2.0,1355.297,2.0,2.0,0.0,0
28.784685,0.66681755,1579.0,3.0,3612.9746,3.0,2.0,1.0,1
17.98251,0.9807666,4769.662,0.0,2315.2559,1.0,1.0,0.0,0
23.66251,0.7537523,1488.7477,3.0,2024.8259,0.0,2.0,0.0,0
11.941174,0.91132236,2733.1348,3.0,1804.0092,2.0,2.0,1.0,0
1.3595192,0.56463295,4279.06,0.0,736.44904,2.0,0.0,1.0,0
15.782305,0.6340394,3337.695,3.0,1669.8425,4.0,0.0,0.0,0
15.708513,0.9732732,1647.7458,2.0,4397.4653,4.0,0.0,0.0,0
13.672689,0.691776,2784.5615,3.0,519.8129,0.0,1.0,0.0,1
10.851794,0.8242031,460.80606,0.0,4791.917,1.0,2.0,1.0,0
8.244957,0.9880634,2751.1477,3.0,546.40765,0.0,1.0,1.0,0
16.298801,0.7753939,2185.376,0.0,1816.5378,4.0,2.0,0.0,0
11.883066,0.65267295,3801.7717,0.0,3035.4678,1.0,0.0,1.0,0
29.128025,0.7659742,4247.119,1.0,4190.8286,4.0,1.0,1.0,1
6.014892,0.5273186,1038.1018,2.0,726.4783,0.0,2.0,1.0,0
10.270302,0.55618495,453.60272,0.0,714.1001,2.0,0.0,0.0,0
9.524854,0.5035856,1983.2571,1.0,3145.607,0.0,2.0,0.0,0
16.755966,0.942105,2694.0444,1.0,1470.8057,2.0,0.0,1.0,0
15.479128,0.8356402,1915.1697,0.0,3226.0654,0.0,2.0,0.0,0
19.668474,0.64916486,3161.3777,0.0,4104.71,0.0,0.0,0.0,1
28.55005,0.6105807,2552.9739,0.0,393.58386,0.0,1.0,0.0,1
9.271412,0.8415383,4686.299,3.0,4224.026,3.0,2.0,0.0,0
21.090376,0.95976603,2076.486,3.0,197.55093,3.0,1.0,0.0,0
1.7261659,0.6495696,458.34616,2.0,4495.1426,2.0,1.0,0.0,0
8.609265,0.66077954,1544.5784,2.0,4878.3345,0.0,2.0,0.0,0
14.447872,0.9271204,3049.1746,0.0,3340.6016,1.0,2.0,0.0,0
1.8988489,0.94668794,1317.3242,0.0,4921.434,1.0,0.0,1.0,0
18.912415,0.95701826,1381.4928,1.0,4111.7393,4.0,1.0,1.0,0
20.671007,0.6465771,1730.8838,3.0,231.38385,3.0,2.0,0.0,1
22.65522,0.5601563,3743.4019,1.0,29.016611,0.0,1.0,1.0,0
15.98066,0.7199988,4703.6597,3.0,113.78446,0.0,0.0,0.0,1
18.514395,0.64788246,1784.3644,1.0,2265.0156,1.0,0.0,1.0,0
12.485892,0.94193333,1017.6658,1.0,3120.6792,1.0,2.0,1.0,1
2.196338,0.51831746,2132.1528,3.0,2412.5444,2.0,1.0,0.0,0
3.898604,0.81694025,1791.6064,1.0,3388.8804,4.0,2.0,0.0,0
19.994883,0.95309067,4950.6235,2.0,2253.517,0.0,2.0,1.0,1
29.871103,0.9883352,2346.148,2.0,222.39337,2.0,0.0,0.0,0
1.4582939,0.8250653,3412.4526,2.0,1138.5719,2.0,1.0,1.0,0
17.169922,0.97496146,4573.251,2.0,4963.195,3.0,0.0,0.0,0
22.779253,0.53782976,3163.8547,3.0,1735.8606,2.0,2.0,1.0,0
24.97647,0.67963916,1284.4235,1.0,1630.581,2.0,1.0,0.0,0
16.810942,0.50435734,3056.68,1.0,772.4323,1.0,2.0,0.0,1
18.977564,0.9905919,2039.2878,2.0,4935.847,4.0,0.0,1.0,0
21.205023,0.95136327,2140.6318,1.0,1159.9921,1.0,0.0,1.0,1
25.91002,0.5140263,4897.6567,0.0,3237.6646,0.0,2.0,0.0,1
4.5463967,0.50906634,1429.0255,1.0,219.81682,0.0,1.0,0.0,0
27.859283,0.68348473,2371.229,2.0,341.69693,0.0,0.0,0.0,0
1.7545047,0.629269,841.34186,2.0,3586.591,1.0,2.0,1.0,0
25.249792,0.92346615,933.79376,1.0,3179.489,4.0,1.0,1.0,0
3.2254725,0.5802422,3037.2478,2.0,3404.0103,0.0,0.0,1.0,0
6.644218,0.8953247,3767.5278,1.0,1162.5424,0.0,0.0,1.0,0
1.1129303,0.77722985,3200.4763,2.0,4924.596,2.0,2.0,0.0,0
13.912444,0.6886959,1679.9558,1.0,2796.292,2.0,0.0,0.0,1
10.696418,0.5728599,345.10995,3.0,4848.0454,2.0,1.0,1.0,0
5.8137946,0.99884564,2377.8062,2.0,829.21106,0.0,0.0,1.0,0
14.0816145,0.80899304,2546.1348,2.0,2031.4465,1.0,2.0,0.0,1
12.668756,0.7196911,3864.7253,1.0,1685.0708,1.0,2.0,0.0,1
23.26217,0.6855638,3219.4333,3.0,3777.824,3.0,2.0,0.0,1
26.90078,0.9528641,4362.73,1.0,3740.3813,3.0,2.0,0.0,0
19.92445,0.9105959,3925.7651,3.0,2437.8535,4.0,0.0,1.0,0
4.607901,0.9055929,1861.095,0.0,90.578545,2.0,2.0,1.0,0
9.566333,0.8080992,3179.496,3.0,884.2765,2.0,0.0,1.0,0
27.48623,0.9439783,3749.0684,3.0,260.82568,2.0,1.0,0.0,0
3.5733004,0.6496392,4786.5576,0.0,4236.6025,1.0,2.0,0.0,0
12.79882,0.8518531,2140.6433,0.0,1455.9601,0.0,0.0,0.0,0
28.332634,0.7022239,3258.9958,3.0,598.43396,2.0,0.0,1.0,1
28.56928,0.7999994,1993.686,1.0,1777.3201,1.0,0.0,1.0,0
12.924892,0.9990765,3702.2495,2.0,395.67368,1.0,1.0,0.0,0
20.35451,0.99226236,4564.366,0.0,4894.497,3.0,1.0,0.0,1
14.245623,0.7563095,4600.169,1.0,1581.8894,0.0,1.0,1.0,0
22.850355,0.78693175,827.5832,2.0,4666.003,0.0,0.0,0.0,0
1.9158586,0.9486609,1060.2782,3.0,3416.8162,1.0,0.0,0.0,0
5.1805573,0.9928179,3786.901,1.0,2834.8738,2.0,0.0,0.0,1
18.811766,0.8893039,3173.499,0.0,2382.73,4.0,0.0,0.0,0
7.7440157,0.53259224,4530.2812,1.0,3440.0266,2.0,1.0,1.0,0
20.315517,0.66131985,1603.3127,2.0,3434.514,1.0,0.0,1.0,1
11.185465,0.94828117,4247.703,3.0,62.50009,1.0,0.0,0.0,0
26.71272,0.88417625,3434.6904,3.0,4539.841,1.0,1.0,1.0,1
24.758522,0.8711165,1017.5087,3.0,1846.1375,1.0,1.0,1.0,0
15.292296,0.8339616,676.14716,0.0,1772.8329,3.0,2.0,1.0,0
23.413958,0.70763195,3528.482,2.0,2038.8868,3.0,1.0,0.0,1
8.862999,0.70162064,834.38446,2.0,3429.5613,3.0,2.0,0.0,0
15.333533,0.9044663,3981.9287,1.0,1886.3285,1.0,2.0,1.0,1
6.7269797,0.64689016,2807.6204,3.0,1875.417,1.0,1.0,1.0,0
25.965698,0.8424159,2410.492,3.0,326.68976,0.0,1.0,0.0,1
24.868961,0.8631043,1413.8688,0.0,2089.042,3.0,0.0,0.0,0
27.16234,0.922278,4920.0356,3.0,755.8976,4.0,2.0,0.0,0
26.446833,0.6599428,3624.7273,3.0,4279.39,0.0,2.0,1.0,1
28.82829,0.8709446,3901.415,2.0,1679.2103,0.0,1.0,0.0,1
7.621751,0.55324495,3855.1191,1.0,4804.7285,1.0,1.0,0.0,0
28.022905,0.5690309,2940.8772,3.0,3425.7947,3.0,0.0,0.0,1
17.565182,0.708668,4701.5093,2.0,3783.196,1.0,1.0,1.0,0
13.2523575,0.52761286,2939.9165,3.0,4739.2783,0.0,0.0,0.0,1
17.250843,0.9738492,2624.2256,2.0,1202.2844,1.0,0.0,1.0,0
10.935469,0.9509479,1404.8667,3.0,2840.782,1.0,0.0,0.0,0
9.368037,0.5244669,1444.5928,1.0,213.22177,1.0,1.0,0.0,0
7.998116,0.91915584,3697.5754,0.0,512.7858,2.0,1.0,1.0,0
3.3904116,0.7544371,1707.0988,1.0,1839.2687,1.0,1.0,1.0,0
15.400382,0.8509815,3657.1182,3.0,3415.6843,0.0,2.0,1.0,0
26.745089,0.9434656,4765.8984,2.0,4160.151,0.0,1.0,0.0,1
19.274406,0.78848726,2224.5718,2.0,1289.457,3.0,2.0,0.0,0
16.108294,0.5581635,531.7619,2.0,3747.8953,3.0,0.0,1.0,1
13.429194,0.5012893,3349.405,2.0,1129.2129,1.0,0.0,1.0,1
14.467648,0.74846077,97.13901,0.0,40.217476,4.0,1.0,1.0,0
7.069043,0.97461605,3945.6675,1.0,281.521,2.0,0.0,1.0,0
24.86514,0.7863109,2651.983,0.0,2931.9375,3.0,2.0,0.0,0
6.753106,0.68646955,2474.1743,1.0,2490.7664,3.0,0.0,1.0,0
21.78206,0.515461,2868.7388,2.0,1359.4219,1.0,2.0,1.0,1
23.039566,0.9574897,2606.2224,3.0,42.673813,2.0,2.0,0.0,0
17.671202,0.66357833,1652.6975,0.0,2844.3716,2.0,1.0,0.0,0
26.024864,0.8523887,1443.4691,2.0,4089.8572,2.0,0.0,0.0,1
9.44046,0.8471186,2105.7224,0.0,352.03894,3.0,1.0,0.0,0
26.5669,0.62694156,4479.801,0.0,3685.0076,1.0,1.0,1.0,0
22.152903,0.5318888,720.0838,3.0,3176.3677,0.0,1.0,0.0,1
24.163746,0.6925002,1657.5847,2.0,2401.9802,0.0,0.0,1.0,0
20.272812,0.6585655,1001.88715,0.0,251.22336,2.0,0.0,0.0,0
25.543947,0.8501282,2164.3281,0.0,4618.6216,4.0,2.0,1.0,0
29.799868,0.90989125,710.8172,0.0,2392.4304,1.0,0.0,1.0,0
13.184723,0.6112227,3815.9382,1.0,2004.0387,2.0,1.0,1.0,1
24.603556,0.7641155,562.1636,0.0,4308.762,0.0,2.0,0.0,0
22.592813,0.5203042,3343.0474,2.0,4229.4355,3.0,0.0,1.0,1
14.133235,0.6071279,1375.1661,1.0,3639.0322,0.0,2.0,1.0,0
27.881521,0.8808808,2387.3406,2.0,4148.5063,2.0,1.0,1.0,1
12.438352,0.89669913,1039.9404,0.0,630.3991,4.0,1.0,0.0,0
17.398512,0.88820225,3664.6072,0.0,3806.9685,1.0,2.0,0.0,0
4.0723286,0.57119393,4743.9663,0.0,1646.89,4.0,2.0,0.0,0
7.5474806,0.77551734,1147.6392,0.0,4338.799,0.0,1.0,0.0,0
25.38019,0.7113542,4768.1084,0.0,1857.455,0.0,0.0,1.0,1
12.500029,0.99574316,1660.1053,1.0,280.9767,0.0,2.0,1.0,0
12.428438,0.82703495,2811.3435,3.0,2077.7573,1.0,0.0,0.0,0
8.13345,0.96760106,3522.8704,2.0,3786.3174,2.0,2.0,1.0,0
15.2567,0.57267517,1036.3796,1.0,2509.651,4.0,1.0,0.0,0
24.368692,0.7254366,2251.5815,3.0,3820.5332,1.0,1.0,0.0,0
26.959759,0.8858038,385.74603,3.0,186.01596,1.0,2.0,1.0,0
3.0333185,0.68392885,3500.4163,3.0,894.0494,0.0,2.0,0.0,0
17.669802,0.81625426,2112.2498,3.0,2822.4036,3.0,0.0,0.0,1
14.550928,0.7558511,4463.6406,2.0,1932.7156,2.0,2.0,1.0,1
18.814173,0.9959647,1406.2599,3.0,3404.077,0.0,1.0,0.0,0
13.970995,0.5869363,4621.8267,1.0,4813.1455,2.0,1.0,0.0,1
12.560699,0.9676744,748.1472,3.0,3302.7112,1.0,1.0,0.0,0
14.684541,0.70078546,3054.484,0.0,2092.6409,2.0,2.0,1.0,0
17.877975,0.7339965,1573.6505,1.0,2716.3965,1.0,0.0,0.0,1
15.528513,0.76430094,949.819,3.0,4565.004,3.0,1.0,0.0,0
14.692189,0.6326833,514.989,0.0,3368.2163,0.0,2.0,0.0,0
24.717224,0.98182875,3295.4307,2.0,4017.8657,2.0,1.0,0.0,1
22.623793,0.9557436,1204.1813,1.0,1514.5769,3.0,1.0,1.0,1
10.899977,0.9864526,2885.4314,0.0,3724.1626,0.0,1.0,1.0,0
24.216736,0.99845976,4898.1226,0.0,705.7625,4.0,1.0,1.0,0
25.755869,0.8349,1614.011,2.0,3751.3804,3.0,2.0,1.0,0
5.451274,0.7258428,222.97418,2.0,4408.9775,1.0,2.0,1.0,0
17.89779,0.92536694,756.9719,2.0,4502.16,2.0,2.0,1.0,0
9.274048,0.51190245,640.6439,0.0,591.7844,3.0,0.0,0.0,0
22.435997,0.917202,2343.2534,1.0,4151.1113,2.0,0.0,0.0,0
7.9247746,0.74864304,3736.0203,0.0,558.58325,3.0,2.0,0.0,0
20.470703,0.83661,1517.3997,0.0,2397.2007,4.0,1.0,0.0,0
8.398615,0.68702304,771.9217,1.0,3415.7825,1.0,1.0,1.0,0
15.823169,0.68431157,3221.7954,2.0,2426.403,0.0,1.0,0.0,0
28.510748,0.5158586,1540.842,1.0,1706.1489,2.0,1.0,0.0,1
12.057919,0.7118947,2897.0933,0.0,3422.2676,2.0,2.0,1.0,0
26.396416,0.7041771,4672.2437,0.0,3307.7852,3.0,1.0,0.0,1
29.621393,0.6123955,1492.1675,1.0,2918.6343,1.0,1.0,0.0,0
26.370674,0.62366164,2586.8335,1.0,2646.8591,4.0,1.0,0.0,0
5.810115,0.7920698,4043.719,3.0,3531.642,0.0,0.0,1.0,0
24.770088,0.6588857,3474.0046,2.0,2021.1549,2.0,2.0,0.0,0
1.9323325,0.91512597,3769.817,3.0,353.15356,2.0,0.0,1.0,0
12.405755,0.55569255,3874.2185,0.0,2691.898,3.0,0.0,1.0,0
26.251268,0.7888225,2722.5842,1.0,3620.0432,1.0,0.0,0.0,1
20.973814,0.58002234,2703.5073,0.0,1502.808,4.0,0.0,1.0,1
16.449472,0.76412034,3608.5034,0.0,712.3482,0.0,0.0,0.0,0
12.248056,0.77627295,3503.359,3.0,4560.0874,4.0,0.0,1.0,0
24.556612,0.8211489,3366.7854,1.0,4320.111,2.0,0.0,1.0,0
21.577194,0.71371245,1941.5668,2.0,3095.9868,2.0,2.0,0.0,0
14.583755,0.7547373,4151.286,1.0,3935.1697,1.0,0.0,0.0,0
26.882046,0.59047633,1219.2043,0.0,4844.3384,1.0,2.0,0.0,1
7.6684923,0.73150766,820.8732,3.0,2850.6023,2.0,2.0,1.0,0
5.941354,0.6865152,1758.553,2.0,1228.4666,1.0,2.0,0.0,0
19.64131,0.83306557,1306.4646,2.0,3197.6719,0.0,1.0,0.0,0
29.187836,0.71741086,3332.7534,2.0,4573.8223,2.0,0.0,0.0,1
8.170441,0.88967085,1193.5383,1.0,3453.8396,2.0,1.0,0.0,0
8.240441,0.71299607,3299.6248,1.0,140.93954,3.0,1.0,0.0,0
5.0454664,0.6178856,2590.453,3.0,4586.4917,2.0,2.0,0.0,0
25.956343,0.63684434,804.6278,0.0,3770.8396,2.0,0.0,1.0,0
7.565529,0.5226426,1329.0615,1.0,2015.1367,2.0,0.0,0.0,0
15.592177,0.7699594,2632.5476,1.0,4937.5845,2.0,1.0,1.0,0
29.735302,0.91544044,3678.8713,2.0,3611.18,3.0,2.0,1.0,0
1.3520861,0.8845559,2021.3456,3.0,4128.951,3.0,0.0,1.0,0
17.138096,0.7188947,1202.5216,3.0,4716.4014,4.0,2.0,1.0,0
15.856382,0.5980602,1510.6371,2.0,207.49654,2.0,2.0,0.0,0
24.415974,0.93174225,520.8301,0.0,3874.355,0.0,1.0,0.0,0
11.3031645,0.5283905,174.49004,3.0,1937.8687,2.0,1.0,0.0,0
12.8998995,0.69961137,4866.99,1.0,4346.684,1.0,1.0,1.0,1
5.8702016,0.9283076,527.2292,1.0,4395.6904,0.0,2.0,0.0,0
22.483643,0.69658834,668.1924,3.0,4144.806,4.0,0.0,0.0,0
23.756557,0.5589377,4361.2725,1.0,3898.211,3.0,0.0,0.0,1
4.9632363,0.63297474,3334.3508,1.0,3973.4714,3.0,1.0,1.0,1
12.410255,0.80001473,2208.559,3.0,1489.797,3.0,0.0,1.0,0
26.894245,0.576018,3262.6658,1.0,2038.5758,4.0,1.0,1.0,0
1.0785109,0.8274677,4678.175,2.0,584.1239,3.0,2.0,1.0,0
9.664013,0.719081,541.91766,0.0,4154.652,3.0,1.0,1.0,0
17.096226,0.6671947,1256.3696,3.0,3233.5723,3.0,2.0,0.0,0
10.688722,0.6204627,4308.487,1.0,3067.4563,3.0,1.0,1.0,1
8.889311,0.911665,3914.1648,2.0,1237.9294,3.0,0.0,0.0,0
14.341087,0.69833696,4971.571,2.0,3079.03,0.0,1.0,0.0,0
6.26417,0.8692396,1603.8486,1.0,2278.2131,2.0,1.0,0.0,0
16.359133,0.7201776,4727.1875,1.0,4976.391,1.0,0.0,0.0,1
21.494183,0.5459336,1751.2598,0.0,4316.7104,4.0,1.0,1.0,0
17.683554,0.720253,3589.7112,1.0,2634.6545,2.0,0.0,0.0,0
3.7001705,0.7538439,4419.5776,1.0,4044.1934,2.0,2.0,1.0,1
25.48785,0.7289211,895.3714,1.0,830.87994,2.0,1.0,1.0,0
6.0743575,0.9081209,1067.9114,1.0,515.98846,3.0,0.0,0.0,0
23.179548,0.9554257,2925.7454,2.0,3156.9475,3.0,0.0,0.0,0
11.456388,0.89338934,4226.9326,3.0,3636.6614,1.0,1.0,1.0,0
23.700079,0.79139096,440.8002,3.0,274.75162,4.0,2.0,1.0,0
6.981914,0.77072495,4261.86,3.0,1012.8071,3.0,1.0,0.0,0
6.413201,0.822308,1748.4467,2.0,2690.9673,1.0,2.0,0.0,0
15.41375,0.6439152,2060.8218,1.0,323.45483,3.0,0.0,0.0,0
1.9551444,0.9059234,1732.3124,2.0,2126.0237,2.0,2.0,0.0,0
7.5336227,0.92842406,4561.8257,0.0,2415.5781,1.0,1.0,0.0,0
21.996355,0.6336086,697.43195,3.0,4609.8306,4.0,0.0,1.0,0
25.28412,0.9514091,2892.6587,2.0,1585.2257,1.0,0.0,1.0,0
3.3427756,0.92436635,783.135,0.0,851.6557,4.0,1.0,1.0,0
26.580254,0.7122434,4646.5435,1.0,47.46621,3.0,0.0,0.0,1
24.127998,0.9545001,3999.76,1.0,616.82446,4.0,1.0,0.0,0
26.220844,0.5602195,1207.4054,1.0,3756.8213,3.0,1.0,1.0,0
21.254429,0.51399326,1524.0024,0.0,2230.1602,3.0,2.0,1.0,0
20.55044,0.6739334,1938.5009,0.0,1001.63794,0.0,1.0,0.0,0
16.227703,0.7827178,2056.8174,1.0,4665.808,4.0,2.0,1.0,0
19.93083,0.6757213,4095.8472,1.0,3939.8162,3.0,0.0,1.0,1
27.65418,0.9710339,2844.4402,3.0,580.6798,1.0,1.0,0.0,0
3.915138,0.6273551,2168.349,1.0,1352.0972,1.0,1.0,0.0,0
10.15717,0.6406067,3611.251,1.0,4248.713,0.0,0.0,1.0,1
3.1011941,0.8174138,2316.4312,3.0,3465.2341,1.0,2.0,1.0,0
28.39935,0.50193197,684.7881,3.0,4728.2705,0.0,1.0,0.0,0
13.912699,0.86377853,582.0715,0.0,390.4847,4.0,2.0,1.0,0
20.58499,0.68873477,1663.4856,0.0,3879.302,2.0,2.0,1.0,0
25.392483,0.98887396,3034.2078,0.0,391.29297,3.0,2.0,0.0,0
29.739008,0.8457088,717.4646,1.0,1689.9431,4.0,1.0,0.0,0
5.6916914,0.5261075,2773.164,2.0,3755.8372,4.0,2.0,0.0,0
24.185865,0.5463139,1384.5677,1.0,3557.9397,2.0,2.0,1.0,1
26.735264,0.5440841,3492.2964,0.0,20.567938,0.0,2.0,0.0,0
2.4173858,0.97631115,189.90038,0.0,1017.69525,3.0,2.0,0.0,0
22.868626,0.84202576,2371.666,2.0,3895.0828,4.0,2.0,0.0,0
11.287034,0.713803,308.70755,1.0,639.4761,1.0,2.0,0.0,0
19.809307,0.60024136,1686.0134,0.0,1638.6307,0.0,0.0,0.0,0
15.907397,0.93681985,127.09696,2.0,927.60864,3.0,1.0,1.0,0
8.532525,0.600778,2372.0388,2.0,566.15814,3.0,1.0,0.0,0
4.9214196,0.8533396,3846.7285,1.0,4184.7627,0.0,2.0,0.0,0
4.39147,0.8816622,546.0892,3.0,316.0953,0.0,2.0,0.0,0
3.996363,0.647328,3689.3523,3.0,2684.8892,2.0,2.0,1.0,1
19.49591,0.7524574,2941.7666,0.0,3466.4258,0.0,1.0,1.0,0
11.190915,0.61149466,2547.7961,3.0,297.37518,0.0,2.0,1.0,0
7.2823696,0.6894648,3017.4421,0.0,3170.7996,1.0,0.0,0.0,0
21.064667,0.9825672,1712.6908,1.0,1676.9869,2.0,2.0,0.0,0
20.918638,0.846569,3566.181,3.0,4169.3906,4.0,0.0,0.0,1
16.635881,0.9233071,3909.346,3.0,3990.3215,2.0,1.0,0.0,0
28.113777,0.7702998,3902.2083,0.0,3971.5862,4.0,2.0,1.0,0
12.177012,0.6195199,1383.8259,0.0,1999.3308,3.0,2.0,1.0,0
25.240026,0.85643995,3286.8396,0.0,4114.5156,1.0,0.0,0.0,1
3.1790428,0.75028396,783.07385,1.0,3153.61,2.0,1.0,0.0,1
22.455101,0.58842444,2502.3271,1.0,1899.631,0.0,1.0,0.0,1
29.664974,0.70621496,63.01484,1.0,412.5431,4.0,2.0,0.0,0
25.551348,0.8174201,1008.25446,1.0,343.42636,1.0,0.0,0.0,0
17.810276,0.86766595,3177.084,2.0,1264.4941,4.0,2.0,0.0,1
19.176216,0.6216104,4378.0894,3.0,1504.9274,3.0,1.0,1.0,0
11.245397,0.93799865,292.69006,2.0,4638.366,1.0,2.0,0.0,0
20.70507,0.6897755,2814.8364,1.0,4999.691,2.0,2.0,1.0,0
23.341467,0.6355684,3202.0364,2.0,726.9325,0.0,1.0,1.0,1
29.948626,0.59756005,4665.3354,2.0,4714.4136,3.0,1.0,0.0,1
15.2814245,0.90208566,3292.9617,3.0,3535.6348,0.0,2.0,1.0,0
2.777818,0.6770823,560.0119,3.0,2498.0547,3.0,2.0,0.0,0
18.27988,0.7416995,776.384,1.0,4773.886,0.0,2.0,1.0,0
4.4517,0.6114099,3197.0325,3.0,3571.329,0.0,1.0,1.0,0
8.0981865,0.84304553,1117.3174,3.0,2972.3362,1.0,1.0,1.0,0
10.534617,0.8905167,4645.1123,0.0,1055.5386,0.0,0.0,1.0,0
22.199867,0.6697126,4607.402,2.0,1229.7753,4.0,1.0,0.0,0
6.3304358,0.97253966,4745.8467,0.0,4558.3936,4.0,0.0,0.0,0
5.8068357,0.5153053,1500.1154,1.0,1083.0436,4.0,2.0,1.0,0
2.303963,0.5664716,3598.902,0.0,171.20702,3.0,0.0,1.0,1
26.323957,0.79439354,3331.919,1.0,1338.4733,1.0,2.0,1.0,1
21.111658,0.8507034,226.23872,2.0,2407.9731,3.0,2.0,0.0,0
2.1584475,0.6253415,1364.5471,1.0,1916.0042,3.0,1.0,0.0,0
1.8204769,0.77703553,1073.4954,0.0,4679.6567,1.0,2.0,1.0,0
17.201555,0.6591931,1885.5026,1.0,2098.6846,4.0,1.0,1.0,0
9.193498,0.7770446,4767.6157,2.0,4446.373,4.0,2.0,0.0,0
18.305063,0.8296638,4235.728,3.0,2977.368,1.0,2.0,0.0,1
13.603521,0.986404,1502.4518,0.0,2625.382,2.0,0.0,0.0,0
27.776064,0.7278484,2673.656,1.0,809.3762,4.0,2.0,0.0,1
9.346461,0.824108,1001.7173,0.0,1362.4492,1.0,2.0,0.0,0
20.695215,0.78901964,1423.2982,0.0,4337.162,4.0,0.0,0.0,0
2.567575,0.6587775,371.76608,0.0,3901.9866,1.0,0.0,1.0,0
28.719955,0.6265321,3230.902,3.0,2242.6426,4.0,0.0,0.0,1
29.441967,0.99393535,3301.7578,3.0,4546.0205,1.0,2.0,1.0,1
22.433165,0.60342616,4200.583,2.0,4097.7017,3.0,2.0,0.0,0
14.491161,0.8951376,4364.1816,1.0,569.30084,2.0,1.0,1.0,0
7.37981,0.5732937,842.294,3.0,3033.5933,1.0,2.0,0.0,0
24.562973,0.9021756,3728.0527,1.0,3996.2275,2.0,2.0,1.0,1
22.354269,0.5928642,716.8028,2.0,4043.6372,1.0,1.0,0.0,1
7.436667,0.9835783,1899.8893,2.0,465.79248,3.0,2.0,1.0,0
14.085243,0.84299386,2601.906,2.0,1130.8097,4.0,2.0,0.0,0
14.421169,0.54505914,294.87607,1.0,2071.0662,2.0,2.0,0.0,0
24.965906,0.84658855,825.98035,1.0,1265.6392,1.0,1.0,0.0,0
20.831495,0.8018104,1392.0247,1.0,553.6014,3.0,0.0,1.0,0
19.65186,0.6687731,681.33453,2.0,3147.714,2.0,0.0,0.0,0
19.844995,0.630368,4673.7764,2.0,2542.2925,4.0,2.0,0.0,1
8.843633,0.85938036,1477.1799,1.0,783.39886,1.0,2.0,1.0,0
11.779627,0.8706807,2530.7998,2.0,2936.0461,2.0,2.0,0.0,0
2.3242064,0.66360295,4982.844,0.0,319.45462,2.0,0.0,1.0,0
23.821293,0.9381136,2854.8813,1.0,1921.3749,4.0,2.0,0.0,0
13.556949,0.6344136,2086.904,3.0,3964.6646,0.0,0.0,0.0,0
13.708912,0.5349322,4652.472,2.0,4451.3477,3.0,1.0,1.0,0
8.115332,0.7999339,1151.3639,2.0,1233.7208,4.0,2.0,0.0,0
7.073391,0.5535353,938.5287,3.0,4298.9487,1.0,0.0,1.0,1
18.046837,0.638332,2700.0537,2.0,4459.871,2.0,1.0,0.0,0
7.7440376,0.7535932,2165.1436,2.0,3038.3428,1.0,2.0,1.0,0
2.8620567,0.64317983,3995.081,1.0,4911.068,2.0,0.0,0.0,1
23.257715,0.60749817,257.9497,3.0,1238.4174,4.0,0.0,1.0,1
11.917614,0.8515927,3107.743,2.0,354.18143,1.0,1.0,0.0,0
12.026832,0.77349967,3567.8618,2.0,4218.7812,1.0,2.0,1.0,0
13.50823,0.9198806,4860.988,0.0,2459.744,2.0,1.0,0.0,0
24.6363,0.7906198,771.52783,3.0,1738.8048,2.0,1.0,1.0,0
10.30427,0.7417236,1268.9039,1.0,285.61182,3.0,1.0,0.0,0
22.98305,0.63062817,4665.594,1.0,332.47614,0.0,0.0,0.0,1
28.2468,0.8960329,3171.6128,0.0,462.67508,4.0,1.0,1.0,0
20.165178,0.5984355,238.34271,0.0,926.37616,3.0,2.0,1.0,0
13.518751,0.6211142,432.8528,0.0,4852.301,4.0,1.0,0.0,0
22.685902,0.9207943,3937.9307,0.0,1414.2067,2.0,2.0,0.0,1
14.279024,0.8705963,2858.9988,0.0,4087.066,2.0,1.0,0.0,0
13.018391,0.8064367,2848.8066,1.0,106.87476,1.0,2.0,1.0,0
16.233212,0.51946026,4405.335,3.0,1615.8572,4.0,1.0,0.0,1
10.213947,0.5636288,1243.4347,3.0,4531.9004,0.0,1.0,1.0,0
4.0232563,0.7499787,844.13336,0.0,933.3535,2.0,2.0,1.0,0
13.030708,0.8731695,3088.3394,1.0,1427.2773,1.0,0.0,1.0,0
4.5918493,0.7320504,4417.994,3.0,4134.309,3.0,1.0,1.0,0
12.902802,0.5086465,1362.9907,2.0,615.7445,4.0,2.0,0.0,0
17.151077,0.592135,3422.4072,3.0,275.38412,3.0,2.0,1.0,1
27.990623,0.79438335,804.2762,1.0,4830.224,0.0,0.0,0.0,0
2.0504477,0.84710854,900.94806,0.0,2029.9109,1.0,2.0,1.0,0
19.022293,0.51671416,4512.4746,0.0,3292.7776,0.0,1.0,0.0,0
14.274321,0.5216659,633.9267,2.0,644.3084,2.0,1.0,1.0,0
1.5875727,0.63065505,170.5104,0.0,1108.6852,0.0,0.0,0.0,0
8.236897,0.54175085,3885.9553,1.0,2305.304,3.0,0.0,0.0,1
4.4360723,0.7709731,1844.4222,1.0,3379.0146,2.0,1.0,0.0,0
7.28703,0.56185097,2013.4598,3.0,1473.3071,1.0,1.0,1.0,1
8.962537,0.8241097,4009.295,3.0,4424.3223,4.0,0.0,1.0,0
12.637884,0.8886127,940.6822,1.0,3907.9087,3.0,2.0,0.0,0
16.342142,0.98525834,3269.1184,2.0,2762.274,3.0,1.0,0.0,0
1.0287098,0.97420347,1601.9652,1.0,2301.4639,1.0,0.0,1.0,0
5.6942115,0.63668257,566.1289,3.0,3101.5173,1.0,2.0,1.0,0
3.7134252,0.5147048,3453.1055,1.0,3660.9993,2.0,0.0,0.0,1
16.940529,0.6647061,1627.3875,2.0,683.402,3.0,2.0,0.0,0
10.543171,0.85424006,4339.6904,3.0,4264.68,4.0,2.0,0.0,0
16.903534,0.5299006,4599.2266,0.0,2452.1199,3.0,2.0,0.0,0
7.4328756,0.6798563,4252.806,0.0,4677.3667,0.0,2.0,0.0,1
1.7026513,0.6490173,1645.6411,1.0,4778.1567,4.0,2.0,1.0,0
28.29964,0.60967284,1221.084,3.0,163.27693,1.0,0.0,0.0,1
4.1409354,0.8530654,4469.3633,2.0,1928.56,0.0,1.0,0.0,1
4.6789036,0.8295485,2292.0876,0.0,2635.8547,2.0,1.0,1.0,0
5.249858,0.76774704,3553.3115,1.0,2702.5815,2.0,1.0,1.0,1
29.45702,0.9553873,4144.463,2.0,4113.7427,0.0,0.0,0.0,0
18.912148,0.5515694,1424.549,3.0,714.1089,1.0,0.0,1.0,1
18.698408,0.5748446,639.5323,1.0,3116.1887,1.0,2.0,0.0,0
29.614248,0.69172484,3142.8965,0.0,4713.559,2.0,2.0,1.0,1
3.5647242,0.827941,2971.4517,0.0,4983.4893,3.0,2.0,0.0,0
29.260527,0.79203963,1387.4904,0.0,60.32685,3.0,1.0,0.0,0
6.9163814,0.53702134,2944.2983,0.0,4863.111,0.0,1.0,1.0,1
19.069073,0.9792124,3962.2683,1.0,619.82806,0.0,2.0,0.0,0
13.182424,0.6525324,1782.5543,1.0,2689.3833,3.0,2.0,1.0,1
12.134603,0.67948633,1249.4727,1.0,1239.3854,4.0,1.0,0.0,0
28.006056,0.8118149,3638.756,3.0,3035.8914,0.0,1.0,1.0,1
5.3276043,0.97258276,3940.0664,1.0,194.7627,1.0,2.0,1.0,0
29.915,0.8313441,4773.733,2.0,1199.28,0.0,2.0,0.0,1
11.994627,0.97738665,780.5498,2.0,1509.8724,2.0,0.0,1.0,1
19.814472,0.59379554,4451.8574,0.0,4578.88,1.0,0.0,0.0,1
29.069296,0.80940497,3837.239,3.0,2922.3115,0.0,0.0,1.0,1
2.6704304,0.91443944,3524.4045,1.0,3543.9666,4.0,0.0,0.0,0
27.763067,0.75451225,1599.6155,3.0,3383.3157,3.0,2.0,0.0,1
17.46653,0.68108684,159.8551,0.0,1967.5188,2.0,1.0,0.0,0
21.42751,0.99237925,2562.375,3.0,79.96513,3.0,0.0,0.0,0
5.326341,0.5704937,1464.5585,2.0,544.0336,1.0,0.0,0.0,0
16.468235,0.7054648,1484.614,0.0,2299.4543,4.0,1.0,0.0,0
20.531898,0.9366869,4639.336,3.0,4707.061,2.0,2.0,1.0,0
14.231172,0.9502404,807.19604,2.0,1251.3015,1.0,1.0,0.0,0
5.4945703,0.99019104,4674.45,3.0,3494.6104,2.0,1.0,0.0,0
8.079453,0.9424238,2543.8433,0.0,4134.7134,2.0,0.0,1.0,0
25.777391,0.52547854,4199.4824,3.0,4534.8584,3.0,0.0,0.0,1
1.9996588,0.96488327,1453.7584,3.0,1474.4972,4.0,2.0,1.0,0
21.557001,0.7140836,3187.9072,1.0,4657.103,1.0,2.0,1.0,0
29.982311,0.8258096,2805.1125,1.0,3043.8315,3.0,2.0,0.0,0
1.2170069,0.69713795,4624.622,1.0,2546.95,0.0,1.0,0.0,0
5.670325,0.90683407,937.5272,1.0,3894.1792,1.0,0.0,1.0,0
20.550184,0.78795964,1062.621,3.0,1201.1759,2.0,1.0,0.0,0
2.7397342,0.92277235,4747.3735,3.0,4064.7754,2.0,2.0,0.0,0
18.10391,0.59688574,534.92487,0.0,3253.314,3.0,0.0,1.0,0
20.836002,0.59249157,3191.6782,0.0,3998.837,0.0,2.0,0.0,1
18.056244,0.7201884,349.79236,0.0,4280.0537,4.0,2.0,1.0,0
11.590357,0.5023758,431.1045,2.0,3090.5637,2.0,2.0,0.0,0
21.221186,0.8464265,3005.8862,1.0,193.30818,2.0,1.0,1.0,1
18.234539,0.6480269,2779.2715,3.0,1495.7609,3.0,1.0,1.0,0
7.021478,0.7786497,2886.4797,3.0,4391.3184,3.0,2.0,1.0,0
17.33093,0.53500175,2394.578,0.0,3138.513,2.0,0.0,0.0,1
26.57531,0.5853222,3724.6787,2.0,4451.3813,2.0,2.0,0.0,0
20.338165,0.81142956,4961.3335,3.0,1928.7972,1.0,1.0,0.0,0
14.681953,0.6528313,1415.1172,3.0,2528.59,2.0,1.0,1.0,0
10.325939,0.60736096,1651.0264,2.0,4314.3364,1.0,1.0,0.0,1
3.4907,0.6144233,1649.0952,1.0,3812.5364,3.0,0.0,1.0,0
8.094187,0.60740966,3828.1814,3.0,1893.7306,2.0,2.0,0.0,0
1.3244158,0.81142545,1772.6768,1.0,122.925125,1.0,2.0,0.0,0
29.612152,0.5838456,3399.8484,3.0,4402.8945,2.0,1.0,1.0,0
7.4519854,0.68135315,2257.1433,1.0,3933.9207,4.0,0.0,1.0,0
24.631403,0.8439434,3058.633,3.0,2251.3125,2.0,2.0,0.0,1
5.890702,0.7568355,4153.626,3.0,2735.74,1.0,2.0,1.0,0
9.224433,0.79864043,2594.5906,2.0,1029.517,2.0,2.0,0.0,0
13.130042,0.6254535,2402.1074,0.0,2066.3845,3.0,0.0,1.0,1
10.407764,0.9663574,1371.5242,0.0,824.34515,0.0,0.0,0.0,0
24.152174,0.70693964,2603.7278,3.0,1060.7422,2.0,1.0,0.0,0
28.77311,0.64348197,1348.9408,3.0,4233.384,0.0,0.0,1.0,0
26.38354,0.9521631,4225.6724,2.0,1818.7372,4.0,1.0,0.0,0
5.4537582,0.8276448,1974.877,3.0,4075.4695,3.0,1.0,0.0,0
23.523972,0.8069729,689.08276,3.0,2374.7603,0.0,1.0,1.0,0
5.2904606,0.9433673,1237.8392,1.0,363.1811,2.0,2.0,0.0,0
27.488052,0.5292702,2696.1782,3.0,1814.0206,4.0,1.0,1.0,0
16.018478,0.91883975,4585.623,3.0,799.78455,4.0,1.0,0.0,0
10.755052,0.83893216,1537.7794,1.0,3470.9463,0.0,2.0,0.0,0
5.5537395,0.6799964,1358.7117,0.0,4557.8564,1.0,1.0,0.0,0
1.3424636,0.6281757,2062.4712,2.0,3817.747,0.0,2.0,0.0,0
8.190463,0.552403,4840.385,1.0,3894.4036,1.0,2.0,1.0,1
27.506582,0.97053707,4233.8374,1.0,4310.714,4.0,2.0,0.0,0
24.120604,0.57095605,790.8564,2.0,3885.5566,3.0,1.0,1.0,1
29.124018,0.62971926,3088.0789,3.0,2847.1804,1.0,1.0,0.0,1
3.922084,0.8455536,3969.7278,0.0,3574.2388,1.0,1.0,1.0,0
18.173183,0.8550762,3851.6511,3.0,2085.6143,3.0,1.0,1.0,0
8.457364,0.5803844,2469.7852,1.0,363.232,2.0,2.0,1.0,1
16.74531,0.9070656,3672.5654,2.0,3530.8433,2.0,2.0,1.0,1
10.293192,0.75514364,2938.7537,3.0,3611.0881,2.0,1.0,0.0,0
9.220501,0.9242283,1047.1527,0.0,1126.3757,4.0,0.0,1.0,0
17.641514,0.5436427,327.4655,0.0,4770.1685,2.0,1.0,0.0,1
6.3162265,0.521415,1879.0234,3.0,272.03204,3.0,0.0,1.0,0
14.60487,0.8184952,356.59805,1.0,3682.4355,4.0,0.0,0.0,0
19.873556,0.5750119,2005.3164,3.0,4842.707,1.0,0.0,1.0,1
4.71728,0.76247454,4152.951,1.0,1552.6573,3.0,2.0,1.0,1
27.987234,0.5070544,4229.256,2.0,4563.2026,4.0,2.0,1.0,1
15.666017,0.88996464,218.66591,2.0,4133.917,1.0,0.0,1.0,0
24.766312,0.9497651,394.20056,3.0,3723.1062,1.0,2.0,0.0,0
19.963257,0.9194414,3365.842,2.0,4769.42,0.0,0.0,1.0,0
21.590027,0.9791764,2524.9937,2.0,3273.7449,3.0,0.0,0.0,1
21.767797,0.95154786,789.32404,1.0,2479.4543,3.0,0.0,0.0,1
26.377897,0.722009,4037.3716,1.0,3381.6482,3.0,0.0,1.0,1
18.794558,0.6991741,1121.656,1.0,2065.0007,1.0,2.0,0.0,1
9.068297,0.9480918,436.8388,1.0,1631.187,3.0,0.0,0.0,0
3.8857796,0.9634694,3760.0603,3.0,420.40567,0.0,1.0,0.0,0
18.581268,0.98641795,3060.2236,0.0,1896.2628,3.0,1.0,0.0,0
2.9242313,0.8841586,2002.4916,2.0,4017.9434,2.0,1.0,0.0,1
7.99751,0.6009944,3478.9946,2.0,4727.7246,4.0,0.0,0.0,0
2.7605083,0.9724771,4561.3345,3.0,4876.007,4.0,1.0,1.0,0
16.91774,0.9735707,219.2031,2.0,1040.5641,2.0,2.0,1.0,0
5.6498055,0.8330657,3157.0132,1.0,2861.4446,3.0,1.0,1.0,0
18.701813,0.9286401,1129.9281,0.0,2882.9834,4.0,2.0,0.0,0
23.93509,0.7805882,2396.982,1.0,888.47723,1.0,1.0,0.0,1
24.834541,0.9720635,2148.7065,1.0,2912.3247,0.0,2.0,1.0,1
9.976762,0.5469682,1980.3994,0.0,1820.1865,2.0,0.0,0.0,0
16.919682,0.93198186,992.2627,2.0,4712.608,1.0,2.0,0.0,0
17.327312,0.5277518,4023.1172,1.0,1283.459,3.0,1.0,0.0,1
14.713728,0.6695535,1928.627,3.0,4176.4565,3.0,2.0,1.0,0
19.998302,0.56766284,4441.6216,0.0,4485.3096,2.0,2.0,1.0,1
7.0925264,0.7395675,1805.6079,3.0,3682.0024,1.0,2.0,1.0,1
29.398054,0.6161231,4206.581,1.0,1081.2396,2.0,0.0,1.0,1
3.844315,0.9760362,2745.1084,1.0,1309.2417,2.0,1.0,1.0,0
25.047413,0.77966064,1958.845,1.0,4855.878,0.0,2.0,1.0,1
18.228785,0.94886535,3534.9595,3.0,388.38705,3.0,2.0,1.0,0
8.100788,0.6390292,3943.9404,2.0,594.25867,1.0,1.0,0.0,0
22.624575,0.5129888,2439.3193,0.0,4893.063,2.0,1.0,1.0,1
3.449946,0.8878275,2155.831,3.0,3886.7048,4.0,0.0,0.0,0
23.458117,0.85118884,2908.2239,0.0,3734.4553,0.0,1.0,0.0,1
18.109571,0.77274585,2946.5588,1.0,809.4367,2.0,1.0,0.0,0
4.211759,0.9076714,2156.122,2.0,2449.8047,0.0,0.0,0.0,0
3.3056614,0.92004216,3800.4312,2.0,4205.4053,2.0,2.0,1.0,0
22.774254,0.79395163,2028.6212,1.0,1651.0648,1.0,1.0,1.0,0
9.495141,0.9829639,2292.3418,3.0,971.898,4.0,0.0,0.0,0
26.789753,0.85985595,3046.3252,3.0,64.617134,1.0,2.0,1.0,1
23.100117,0.8384377,4934.902,3.0,3116.487,3.0,2.0,1.0,1
21.247517,0.6807109,1340.3962,1.0,1476.1134,0.0,2.0,1.0,0
9.079576,0.50112927,1198.1664,3.0,4319.7256,2.0,2.0,0.0,1
21.559391,0.62047136,925.592,0.0,1424.7552,4.0,1.0,1.0,0
28.496283,0.8819603,3462.7488,3.0,766.3633,3.0,1.0,0.0,0
3.6552353,0.85493565,2273.0186,2.0,4802.6333,1.0,1.0,1.0,0
10.458716,0.6655111,1973.6014,2.0,4824.2373,4.0,2.0,0.0,0
7.8054957,0.81279147,1060.2473,0.0,3428.2688,4.0,2.0,1.0,0
12.404254,0.59764373,4461.135,3.0,4642.6445,2.0,2.0,1.0,1
22.527647,0.6318139,2243.7065,1.0,817.54956,4.0,2.0,1.0,1
14.753035,0.97370404,3058.0818,2.0,2307.1008,0.0,0.0,0.0,0
17.551188,0.7065903,607.0214,0.0,1028.7528,1.0,1.0,0.0,0
10.110492,0.6224938,584.46246,3.0,2399.1284,4.0,1.0,1.0,0
5.0973887,0.7435541,383.40497,1.0,3957.9783,4.0,1.0,1.0,0
8.7410755,0.69350797,1868.3632,3.0,4226.19,4.0,2.0,0.0,0
25.930729,0.8647645,2390.7886,3.0,30.780327,0.0,1.0,1.0,0
18.470093,0.98105806,1260.6619,2.0,1953.622,1.0,2.0,1.0,0
11.961672,0.7958687,1780.9037,0.0,4970.403,3.0,2.0,1.0,0
23.907274,0.7955736,80.98717,1.0,2950.6816,0.0,1.0,1.0,1
2.8692656,0.6824169,1787.888,2.0,1488.0177,4.0,0.0,0.0,0
8.362842,0.7823155,639.89813,2.0,1951.0813,4.0,2.0,0.0,0
7.6729913,0.65966445,685.5032,2.0,1619.5931,4.0,2.0,1.0,0
29.575573,0.50054604,72.30518,0.0,2243.516,4.0,1.0,1.0,1
21.476858,0.93304807,3497.0837,2.0,2227.9883,1.0,0.0,1.0,0
18.915792,0.71472204,4659.8545,0.0,2539.2478,4.0,1.0,0.0,0
1.144564,0.7460442,3126.6506,1.0,2327.885,1.0,2.0,0.0,0
6.3449903,0.54175043,526.20013,0.0,2585.4072,0.0,1.0,1.0,0
19.430698,0.91855526,4948.7646,2.0,149.66486,1.0,1.0,0.0,0
12.011861,0.58516854,4879.1465,2.0,281.5902,3.0,1.0,0.0,1
27.80413,0.7053106,2367.761,3.0,1862.0084,4.0,2.0,1.0,0
23.177002,0.92013276,583.95264,1.0,4425.8584,3.0,1.0,0.0,1
13.974138,0.7288915,3617.6597,0.0,3956.2532,1.0,2.0,1.0,0
22.735935,0.9655762,4809.2676,0.0,559.6667,3.0,2.0,0.0,1
29.286726,0.6046572,3904.563,3.0,2479.2065,2.0,2.0,1.0,0
14.3684435,0.8576164,3139.8042,3.0,3026.8904,2.0,2.0,1.0,1
19.633251,0.98899925,3073.618,0.0,2411.1343,1.0,2.0,1.0,0
27.641273,0.7748068,4890.695,2.0,3490.8574,0.0,2.0,0.0,1
8.211565,0.8460919,411.9407,1.0,4986.3433,1.0,0.0,0.0,0
26.71018,0.6966133,790.3023,1.0,491.4059,4.0,1.0,1.0,1
3.8287964,0.87566864,4162.5166,2.0,2582.515,2.0,0.0,0.0,0
19.804996,0.954437,768.30975,3.0,2566.7336,0.0,2.0,1.0,0
23.702307,0.8515278,1947.3176,0.0,2816.2703,1.0,0.0,1.0,1
18.82358,0.96796435,1443.4213,3.0,843.1676,2.0,2.0,0.0,0
15.370509,0.7943263,1255.0514,0.0,3195.4053,2.0,2.0,0.0,0
18.903067,0.78856874,177.32365,2.0,231.2612,3.0,0.0,0.0,0
5.3982477,0.6523137,2852.9438,0.0,3708.2063,2.0,2.0,0.0,0
7.2515507,0.85481375,2036.1356,0.0,3319.166,0.0,1.0,1.0,1
8.827081,0.94097626,2780.3716,0.0,1658.8141,2.0,0.0,0.0,0
18.335602,0.8231581,1557.3157,3.0,4945.057,0.0,2.0,0.0,1
13.815131,0.61651963,4710.2314,2.0,4145.604,2.0,2.0,0.0,0
8.0898,0.77205455,2977.1687,2.0,2702.2827,2.0,2.0,1.0,0
26.60147,0.8779687,4807.975,0.0,4952.647,1.0,0.0,0.0,1
11.843734,0.9696817,1782.5294,3.0,4152.1523,3.0,1.0,0.0,0
13.93492,0.57829803,61.33321,3.0,698.50665,3.0,1.0,1.0,1
12.881331,0.56374854,3917.2646,1.0,2959.3923,1.0,1.0,0.0,0
6.2763457,0.70647174,4145.5254,3.0,2908.4795,2.0,1.0,0.0,1
22.217184,0.5628056,340.58182,0.0,3268.1963,2.0,1.0,0.0,0
14.00529,0.99021447,3145.5776,1.0,4704.3755,2.0,2.0,1.0,1
1.4714562,0.7121522,3322.0383,0.0,2465.2393,2.0,0.0,1.0,1
28.956398,0.76680523,771.3826,0.0,396.1335,1.0,0.0,0.0,1
24.657145,0.61354387,2784.9966,3.0,2401.8635,0.0,0.0,1.0,1
21.983221,0.72456306,1253.8345,1.0,3941.094,0.0,2.0,1.0,0
26.203665,0.99234694,131.43593,2.0,1799.4578,0.0,2.0,1.0,0
27.297411,0.7443436,4341.21,3.0,145.25348,4.0,2.0,0.0,0
10.787202,0.50441194,2483.891,3.0,1523.1837,0.0,0.0,0.0,0
18.717802,0.62126374,3919.4106,1.0,3413.9282,4.0,1.0,0.0,0
18.655426,0.9892274,3628.3206,1.0,439.18704,4.0,1.0,0.0,0
8.751691,0.9945338,4968.841,0.0,1886.0645,1.0,0.0,0.0,0
7.4366155,0.60524654,2217.8694,3.0,674.3229,2.0,1.0,0.0,0
4.3033104,0.807632,2166.3755,3.0,2384.8838,1.0,2.0,1.0,0
20.120111,0.5384542,1444.6901,2.0,716.15234,1.0,2.0,1.0,0
23.64665,0.78872085,3144.4788,1.0,554.0945,1.0,2.0,1.0,1
23.067636,0.5629603,2456.2568,3.0,3492.0159,1.0,0.0,1.0,1
10.171986,0.9093308,3657.3677,1.0,798.4279,3.0,1.0,1.0,0
6.9525356,0.9697875,1814.7329,1.0,782.431,2.0,1.0,1.0,0
14.154811,0.58649343,697.68146,3.0,2966.6707,0.0,0.0,0.0,0
16.85759,0.7313561,4319.0557,1.0,227.53313,1.0,1.0,0.0,0
27.653526,0.5510215,4148.8325,3.0,174.63322,4.0,1.0,0.0,1
26.369871,0.66957,1787.4509,0.0,2162.917,4.0,0.0,0.0,0
27.565691,0.5325489,3467.241,1.0,1831.8264,0.0,1.0,1.0,1
25.65761,0.63227326,2487.3943,1.0,2727.651,2.0,1.0,1.0,1
28.972855,0.9951118,3816.8118,1.0,4967.4883,4.0,0.0,0.0,0
14.4995,0.5223016,1981.1553,3.0,2179.1853,0.0,1.0,0.0,1
2.3767314,0.9294842,2701.4143,1.0,2884.5312,0.0,2.0,1.0,0
3.4232988,0.5387263,336.18973,3.0,4597.026,1.0,0.0,1.0,0
12.318008,0.7644985,915.8044,0.0,2421.0637,1.0,1.0,1.0,0
8.472925,0.7260599,3919.7397,1.0,3907.7915,4.0,0.0,0.0,0
5.928277,0.96577734,1938.7491,1.0,2747.7761,1.0,2.0,1.0,1
28.64291,0.5995249,223.77185,2.0,3189.664,1.0,2.0,0.0,1
6.667168,0.589841,879.7996,0.0,4663.187,1.0,1.0,0.0,0
28.821999,0.87435704,2087.4102,1.0,13.511804,1.0,2.0,0.0,1
23.064327,0.8628597,3603.67,2.0,4505.69,4.0,1.0,0.0,1
19.587425,0.8495909,1849.251,1.0,2493.4832,0.0,2.0,1.0,1
20.60455,0.51306355,3738.6694,3.0,3037.7542,2.0,2.0,0.0,0
10.612756,0.62997985,4297.4,1.0,2255.7893,3.0,1.0,1.0,1
19.746384,0.91994756,1738.6262,3.0,1311.984,0.0,1.0,1.0,0
6.4140716,0.80042905,4011.8591,0.0,339.3759,0.0,2.0,1.0,0
28.193457,0.80109745,678.0593,3.0,4726.1772,4.0,0.0,1.0,1
9.752007,0.6479583,2105.6536,1.0,3123.1423,1.0,0.0,0.0,0
8.400409,0.63008654,532.93384,0.0,4368.619,1.0,1.0,0.0,0
21.623722,0.97327745,310.01355,2.0,1461.1333,1.0,0.0,0.0,0
20.037012,0.86387765,369.41052,0.0,1397.2147,0.0,1.0,1.0,0
14.087668,0.56343305,568.5225,0.0,1685.5643,0.0,2.0,1.0,1
19.34094,0.9688535,4186.8433,2.0,1162.8807,0.0,2.0,0.0,0
5.625299,0.7911851,2741.2017,3.0,2494.8738,2.0,2.0,1.0,0
20.526522,0.6666812,4739.5713,1.0,4681.845,2.0,2.0,0.0,0
8.847711,0.6985697,2713.1016,2.0,4381.5527,1.0,0.0,1.0,1
8.912243,0.86270225,3162.121,0.0,2480.5513,4.0,2.0,0.0,0
5.703218,0.68813634,963.1956,0.0,1750.3247,1.0,1.0,1.0,0
10.638937,0.7893724,2725.876,3.0,3062.322,0.0,2.0,1.0,0
10.60628,0.85524976,1957.2476,0.0,3065.168,0.0,0.0,1.0,1
14.171191,0.5976875,4660.605,1.0,3421.983,3.0,0.0,0.0,1
6.522166,0.97212076,4672.91,2.0,2682.644,2.0,2.0,0.0,0
6.5972185,0.6780864,1032.5681,0.0,143.50874,1.0,0.0,0.0,0
16.710419,0.70968735,3119.6477,3.0,389.4721,1.0,1.0,1.0,0
4.737445,0.8492572,3208.9702,2.0,4869.137,1.0,0.0,0.0,0
20.978014,0.8043925,2834.5486,1.0,3733.714,2.0,0.0,0.0,1
28.374466,0.72005993,665.43207,3.0,4741.752,3.0,2.0,0.0,0
13.377073,0.824871,3287.3757,2.0,1704.2328,3.0,2.0,0.0,0
27.132053,0.95141417,4005.4722,2.0,2679.3977,3.0,0.0,0.0,0
3.851181,0.90014184,1758.8689,0.0,1616.54,0.0,2.0,0.0,0
2.2457712,0.9121295,2597.031,0.0,4545.586,2.0,0.0,0.0,0
21.919697,0.6292042,625.82336,0.0,1445.7896,3.0,0.0,0.0,0
23.069626,0.70970166,4656.909,2.0,3472.1184,1.0,2.0,1.0,1
25.448689,0.7769096,592.2124,3.0,883.52734,2.0,0.0,0.0,0
2.6477127,0.5220954,1081.4667,3.0,535.2047,0.0,0.0,1.0,0
23.530304,0.8848961,1527.4685,2.0,786.61646,4.0,0.0,0.0,0
11.919623,0.6617317,4137.6616,0.0,2651.9817,3.0,0.0,0.0,0
9.796791,0.64129806,3518.2468,2.0,4224.26,3.0,0.0,0.0,0
6.0176935,0.629646,84.721466,2.0,4996.406,2.0,1.0,1.0,0
29.884457,0.64168966,958.62964,2.0,3117.1885,3.0,0.0,1.0,1
2.846244,0.6690074,3763.2483,2.0,2672.6816,2.0,0.0,1.0,0
24.983232,0.8024123,2048.9807,2.0,3936.5442,4.0,2.0,0.0,0
19.545338,0.7917827,179.75699,2.0,328.08356,1.0,0.0,1.0,0
22.317333,0.6278559,4821.3887,1.0,4048.892,4.0,1.0,1.0,1
21.639797,0.6032121,798.6029,0.0,3794.314,3.0,0.0,0.0,1
25.8946,0.9131791,2576.8098,0.0,2652.412,4.0,1.0,0.0,1
6.32997,0.5463617,1279.1647,3.0,124.70501,0.0,1.0,1.0,0
1.0239139,0.75641143,3700.4731,1.0,1018.96295,2.0,1.0,1.0,0
18.357327,0.76028043,3894.7942,1.0,1854.8658,3.0,2.0,1.0,0
11.261901,0.7870684,2016.241,1.0,4706.6987,3.0,0.0,0.0,0
4.589833,0.9428251,3309.3257,0.0,3196.0593,3.0,1.0,0.0,0
6.398024,0.81195694,4549.914,3.0,2555.362,3.0,1.0,1.0,1
10.62073,0.9868169,4083.3052,0.0,2447.2478,1.0,2.0,1.0,1
3.0367677,0.9356765,2103.7437,0.0,3902.0789,4.0,1.0,0.0,0
2.650483,0.60737014,2235.3064,1.0,1624.9149,2.0,2.0,0.0,0
27.564762,0.62059164,4440.0474,1.0,481.67877,4.0,2.0,1.0,1
10.05098,0.67238706,220.14536,0.0,3388.446,2.0,2.0,1.0,0
29.48469,0.6957572,162.91728,1.0,1651.7899,2.0,1.0,0.0,0
28.966642,0.77649754,1068.6869,3.0,1634.7083,2.0,2.0,1.0,0
5.1345673,0.6162563,4146.727,1.0,2279.029,4.0,0.0,1.0,0
21.732805,0.6111726,808.4053,3.0,1221.2428,4.0,1.0,0.0,0
18.423342,0.690695,1462.1324,1.0,4609.2954,2.0,2.0,0.0,0
21.028765,0.8360115,3163.8901,0.0,4236.3823,2.0,0.0,0.0,1
3.789539,0.8440628,962.0019,0.0,4955.531,0.0,2.0,0.0,0
6.468242,0.9880584,1550.4259,3.0,4823.0986,0.0,0.0,1.0,0
3.222521,0.60120773,2361.218,1.0,1579.1322,3.0,2.0,0.0,0
18.519892,0.69642955,1179.141,3.0,1909.1838,1.0,0.0,0.0,0
29.611141,0.9823387,4962.4478,3.0,3494.3074,2.0,2.0,1.0,0
20.48755,0.8450044,859.0578,0.0,89.07105,3.0,2.0,1.0,1
21.612085,0.79613924,4257.1885,1.0,4969.5054,1.0,2.0,0.0,1
29.552967,0.769823,2376.9941,2.0,64.10698,1.0,1.0,1.0,0
20.662334,0.5377552,689.16223,0.0,2662.1147,0.0,2.0,0.0,0
2.1652656,0.9466869,636.5065,3.0,3346.8145,3.0,0.0,0.0,0
26.143162,0.8127526,2526.4656,0.0,4571.59,2.0,0.0,0.0,0
11.57567,0.7858337,1799.9248,3.0,3224.2402,0.0,0.0,1.0,0
1.1265451,0.7697502,1211.2814,3.0,2988.8743,2.0,2.0,1.0,1
15.709791,0.6959571,4796.7485,2.0,1508.7928,0.0,2.0,1.0,1
28.173435,0.6273323,2343.7297,3.0,2958.6978,3.0,2.0,1.0,1
8.46259,0.877661,4647.6143,3.0,3751.0105,1.0,1.0,1.0,1
15.253882,0.75478375,861.79865,2.0,2582.8025,1.0,0.0,0.0,1
6.03953,0.51696974,958.15704,2.0,3900.3801,4.0,0.0,0.0,0
2.6730876,0.69954723,3000.3372,1.0,357.3691,3.0,1.0,0.0,0
3.3358035,0.9643018,1385.8844,1.0,1683.5334,3.0,2.0,0.0,0
22.083317,0.6869473,965.4424,3.0,4799.4717,3.0,2.0,1.0,1
26.058159,0.7066165,518.6927,0.0,1623.9877,2.0,2.0,0.0,0
5.1556664,0.81198055,427.53983,1.0,3113.0579,0.0,2.0,0.0,0
9.3612385,0.9008374,3778.1836,2.0,2604.2249,1.0,1.0,1.0,1
6.6558547,0.83423054,1446.7075,1.0,4683.754,4.0,0.0,1.0,0
1.7788175,0.9250274,4893.175,1.0,822.2317,4.0,1.0,0.0,0
17.04951,0.5569853,956.4496,2.0,1503.9467,3.0,0.0,0.0,1
21.297743,0.96229625,1804.5109,1.0,4313.2627,4.0,2.0,0.0,1
19.788446,0.951961,1905.7976,3.0,3334.3506,4.0,0.0,0.0,0
12.253552,0.7595743,2525.7563,0.0,2719.8164,1.0,1.0,0.0,0
17.095297,0.81237113,4359.6475,1.0,1980.553,3.0,0.0,0.0,0
3.72888,0.6064065,4182.1123,3.0,2062.464,3.0,2.0,1.0,0
5.4748077,0.7239737,99.28384,1.0,4675.264,0.0,1.0,0.0,0
28.022043,0.6013517,2075.8125,2.0,3358.6672,4.0,2.0,0.0,1
23.083725,0.51098835,4148.2866,2.0,4646.201,2.0,1.0,0.0,1
27.759434,0.9904515,50.97915,1.0,4861.2085,1.0,1.0,1.0,0
27.583729,0.6295733,2691.5159,2.0,2739.57,2.0,1.0,0.0,1
19.832386,0.79655415,1334.4043,0.0,3053.346,1.0,2.0,0.0,0
27.91892,0.6501252,2093.2043,2.0,3285.261,1.0,0.0,0.0,1
13.084419,0.6853108,2130.5083,0.0,4197.453,2.0,2.0,1.0,1
1.1048712,0.6988808,1989.1844,2.0,3298.7678,4.0,1.0,0.0,0
2.8145623,0.6675234,4465.1533,0.0,582.09064,2.0,0.0,1.0,1
4.1751323,0.8186999,2705.4949,3.0,4712.726,1.0,2.0,0.0,0
3.7652502,0.98046815,4523.5464,2.0,3308.0625,3.0,0.0,1.0,0
11.199369,0.7143173,3647.375,0.0,4350.887,1.0,1.0,1.0,1
21.336853,0.98666334,1788.0443,0.0,2129.4414,2.0,2.0,1.0,0
23.928816,0.8338986,2493.1401,0.0,2378.8347,1.0,1.0,1.0,0
18.116184,0.8035681,1979.7998,3.0,3447.3933,1.0,0.0,0.0,0
5.2466493,0.6185519,4151.443,2.0,3884.2559,1.0,0.0,1.0,1
22.689146,0.53146034,978.6092,1.0,401.50897,1.0,2.0,0.0,0
11.289256,0.9259674,4685.2407,1.0,2042.6407,4.0,1.0,1.0,1
1.3768071,0.7869905,2923.1013,0.0,3851.5833,3.0,1.0,0.0,0
9.13707,0.7072069,3078.202,0.0,4961.2573,3.0,1.0,0.0,0
10.587416,0.9059837,2608.167,3.0,68.09583,0.0,0.0,0.0,0
8.95312,0.6552902,2794.7576,2.0,1331.3931,0.0,2.0,1.0,0
24.544235,0.8918086,3354.9934,1.0,2329.5945,1.0,0.0,1.0,0
23.037865,0.6639819,3292.4246,0.0,1122.4791,4.0,2.0,1.0,1
21.17101,0.9604406,1110.0281,1.0,144.34177,0.0,2.0,0.0,0
5.0311475,0.63398343,2933.0789,1.0,2702.3196,3.0,0.0,0.0,0
24.427183,0.5687771,1805.4009,0.0,3250.499,4.0,0.0,1.0,1
20.638103,0.8490484,3203.3,2.0,2086.1497,1.0,1.0,1.0,0
6.650293,0.58142364,2761.7812,2.0,1855.6917,0.0,0.0,0.0,0
19.794724,0.9746815,939.41565,3.0,4928.197,0.0,2.0,1.0,0
15.021837,0.82777756,3686.9329,1.0,2392.8674,0.0,1.0,1.0,1
13.741152,0.61543036,2312.2166,1.0,3992.3665,4.0,2.0,1.0,1
4.2515717,0.60440946,2779.6357,3.0,1442.9991,3.0,0.0,1.0,0
16.030825,0.96193755,3379.5823,1.0,4152.639,3.0,0.0,1.0,0
3.8980224,0.803929,3281.7153,2.0,4120.261,0.0,1.0,1.0,0
5.763348,0.946868,3757.1978,2.0,1345.8336,4.0,2.0,1.0,0
4.843843,0.5551126,1073.421,3.0,3282.7163,3.0,2.0,0.0,0
28.66914,0.9626961,596.4366,1.0,3413.2546,4.0,2.0,1.0,1
9.261076,0.76002467,3362.439,2.0,2218.6516,1.0,2.0,1.0,0
11.300925,0.83421093,1218.1255,0.0,3871.1626,0.0,0.0,1.0,0
10.340338,0.6864377,617.2941,3.0,1541.3574,4.0,1.0,1.0,0
27.049263,0.52957016,699.6256,0.0,2426.5164,0.0,2.0,0.0,0
17.326012,0.9789862,1598.3606,2.0,4950.857,0.0,1.0,0.0,0
27.655638,0.9972992,4959.3457,0.0,901.5916,0.0,2.0,1.0,1
9.697823,0.68227345,828.4386,1.0,747.4358,0.0,2.0,1.0,0
4.3302054,0.97193396,1527.756,0.0,719.5715,2.0,2.0,1.0,0
17.130335,0.58386314,4607.6343,2.0,4990.5654,1.0,2.0,1.0,0
11.020573,0.5773422,4818.375,1.0,807.9672,4.0,1.0,1.0,0
24.255299,0.53655595,1182.7747,2.0,959.29376,4.0,2.0,0.0,0
26.503279,0.6956347,4408.2407,1.0,3476.985,0.0,0.0,1.0,1
14.704632,0.5261511,737.6438,0.0,3799.8882,4.0,0.0,0.0,0
29.169413,0.69732857,3819.6052,2.0,2640.036,0.0,1.0,1.0,1
17.037376,0.5691952,114.390396,2.0,4913.519,1.0,0.0,0.0,0
8.856691,0.8652639,2062.767,2.0,204.15532,3.0,2.0,0.0,0
15.18029,0.91668135,1274.3093,1.0,3107.8962,1.0,0.0,0.0,0
2.0819986,0.8439077,3534.8396,2.0,3036.282,0.0,1.0,0.0,0
24.316034,0.6002471,129.47784,2.0,1613.0115,0.0,0.0,1.0,0
3.9416165,0.8834241,2351.2634,0.0,4498.208,3.0,1.0,0.0,0
9.953706,0.6247501,3498.8086,0.0,2768.8796,1.0,0.0,1.0,1
17.39418,0.8797443,281.18912,1.0,1239.2379,1.0,2.0,0.0,0
2.2462788,0.7836988,4492.131,0.0,450.909,1.0,2.0,0.0,0
3.30019,0.6833563,1837.9271,2.0,544.52325,4.0,2.0,0.0,0
21.187374,0.5417462,868.06586,0.0,4487.673,4.0,0.0,1.0,0
3.0815358,0.91375476,1166.0492,0.0,1259.0408,4.0,0.0,1.0,0
14.835403,0.96982646,1727.5844,0.0,4535.9565,0.0,0.0,1.0,1
10.822173,0.8329589,1031.9568,1.0,609.38837,1.0,1.0,0.0,0
7.6143026,0.9822708,2577.3647,0.0,4919.837,4.0,2.0,0.0,0
6.474588,0.96705574,3183.0122,2.0,4168.4116,2.0,2.0,1.0,1
23.138927,0.5973042,2195.479,0.0,589.98145,0.0,2.0,1.0,1
28.594723,0.8656062,2163.809,3.0,439.42194,1.0,2.0,0.0,0
5.0652127,0.6746524,3919.4126,2.0,4019.1516,4.0,0.0,1.0,0
28.830755,0.7437587,1540.0327,0.0,399.55063,4.0,1.0,1.0,0
18.248112,0.5784827,3132.7058,1.0,1318.2831,2.0,0.0,0.0,0
19.608152,0.98738974,4469.962,0.0,4008.2366,0.0,0.0,1.0,1
21.587866,0.8630687,1146.4961,3.0,4538.824,0.0,2.0,0.0,1
21.419447,0.63345414,3118.5085,2.0,3840.5837,1.0,1.0,0.0,1
24.774523,0.6857358,4742.4604,3.0,4450.565,3.0,2.0,1.0,1
15.020591,0.7112415,2672.4866,1.0,2803.8428,4.0,2.0,0.0,0
16.4674,0.87376684,4885.6436,0.0,3900.2598,1.0,1.0,0.0,0
10.390983,0.9628486,1584.7279,0.0,1727.4897,4.0,0.0,0.0,0
4.05247,0.66072005,2843.255,1.0,3928.2183,4.0,1.0,0.0,0
20.274565,0.73625004,1589.627,3.0,3401.9072,4.0,1.0,1.0,1
1.9746891,0.7966038,68.411156,1.0,2878.402,3.0,2.0,1.0,0
8.993417,0.696672,4986.6753,3.0,4961.5835,2.0,1.0,1.0,1
3.732666,0.75209063,1238.2974,1.0,2354.2,4.0,2.0,1.0,0
6.5310874,0.5528538,4866.855,0.0,3100.0437,3.0,0.0,1.0,0
19.523197,0.5838372,3282.5125,1.0,2554.4294,4.0,0.0,1.0,1
19.225822,0.7005506,4524.471,0.0,1309.9515,2.0,2.0,1.0,1
13.210592,0.9574695,4837.654,2.0,1658.5238,1.0,1.0,0.0,0
3.6149874,0.67467904,2860.7546,0.0,4894.141,2.0,2.0,1.0,0
13.567843,0.6248964,4998.472,2.0,1966.6312,2.0,2.0,1.0,1
11.229601,0.8714311,3848.283,1.0,3400.2373,1.0,0.0,0.0,0
21.893316,0.9745651,2642.882,1.0,2839.8154,3.0,2.0,1.0,0
17.79177,0.7295618,3291.9692,2.0,4450.1284,3.0,0.0,1.0,1
15.255407,0.5043025,1011.6432,2.0,3790.8735,1.0,0.0,0.0,1
15.12248,0.84407467,104.61147,3.0,412.45053,1.0,0.0,1.0,0
29.02261,0.7075304,1321.1073,1.0,1783.6549,2.0,2.0,0.0,0
22.932533,0.83682275,2203.1057,3.0,3562.4485,1.0,0.0,0.0,1
15.412407,0.63885826,1178.8604,3.0,815.1705,1.0,2.0,0.0,0
14.897456,0.5012041,2594.4778,3.0,2522.1616,1.0,1.0,1.0,0
1.7678939,0.6722481,3306.8235,3.0,1595.6676,3.0,0.0,1.0,1
28.33277,0.8523962,3296.1794,3.0,333.1236,2.0,0.0,1.0,0
10.256045,0.6965566,4474.134,1.0,4985.759,1.0,1.0,1.0,1
8.422234,0.6095871,4833.2793,2.0,4647.5293,0.0,1.0,0.0,0
29.982859,0.73200345,4458.9404,3.0,3740.1555,0.0,0.0,1.0,0
21.842001,0.8761743,3119.866,1.0,1013.1189,3.0,1.0,0.0,0
2.3735495,0.5597165,1068.5326,3.0,4942.7456,4.0,2.0,0.0,0
2.794679,0.84587604,4720.083,2.0,3157.6536,1.0,1.0,0.0,1
1.7395453,0.833672,915.55896,1.0,4830.7163,4.0,0.0,0.0,0
18.388948,0.68536896,799.56555,3.0,222.46875,3.0,1.0,1.0,0
3.0753706,0.9851681,1621.9681,0.0,875.6189,1.0,2.0,1.0,0
28.068262,0.94735265,2889.3474,2.0,3389.462,2.0,1.0,0.0,0
28.17029,0.65808076,3423.2896,3.0,4536.8267,0.0,1.0,0.0,0
16.835567,0.51554555,115.79875,0.0,887.15326,1.0,2.0,0.0,0
18.882528,0.6541524,3901.2102,1.0,1592.3202,3.0,2.0,0.0,1
9.464937,0.60236096,916.34674,2.0,2945.005,4.0,0.0,1.0,0
2.8552036,0.77362597,1517.6,0.0,4998.3086,1.0,2.0,1.0,0
22.386353,0.9593722,1644.3293,3.0,4000.3289,4.0,2.0,1.0,0
3.9517937,0.93516874,1695.6077,2.0,4618.578,3.0,2.0,1.0,0
3.4811716,0.6529146,3813.8196,1.0,3378.3125,1.0,1.0,1.0,0
10.02547,0.7142988,252.67459,1.0,4388.0825,3.0,2.0,1.0,0
1.3615041,0.5182711,1022.7632,0.0,2540.1548,4.0,0.0,0.0,0
13.587033,0.77208173,160.4802,0.0,629.5516,1.0,1.0,0.0,0
21.522747,0.531684,3902.5823,2.0,3550.6914,0.0,2.0,1.0,1
24.239119,0.9693031,4919.426,3.0,3011.3599,1.0,0.0,1.0,1
18.524912,0.9334669,3314.7585,1.0,2431.8967,3.0,2.0,0.0,0
25.559351,0.6070938,2971.189,0.0,1382.2047,0.0,0.0,1.0,1
12.788564,0.84968436,4544.9277,2.0,3923.173,1.0,1.0,1.0,1
25.614391,0.7840102,1312.0222,2.0,4103.846,1.0,1.0,1.0,0
15.687726,0.9006789,378.9884,0.0,1827.2863,0.0,2.0,0.0,0
7.4680476,0.73782605,2574.351,2.0,4639.555,2.0,1.0,0.0,0
28.380224,0.595886,1338.7261,0.0,1855.0111,4.0,2.0,0.0,0
8.974155,0.8199217,2282.854,0.0,546.7369,0.0,1.0,0.0,0
1.759843,0.54014015,2308.6843,1.0,840.97656,4.0,1.0,1.0,0
8.037547,0.79229397,1628.2175,2.0,2477.632,4.0,0.0,0.0,0
11.63394,0.6063524,2457.3066,2.0,408.51633,4.0,0.0,1.0,0
11.189141,0.8424682,1931.7518,2.0,3594.8787,3.0,2.0,1.0,0
16.215357,0.91402155,609.64374,0.0,3977.5283,2.0,0.0,1.0,0
26.61068,0.55476236,4340.2925,1.0,2751.847,1.0,0.0,1.0,0
9.477809,0.7001343,3521.305,2.0,4467.8086,4.0,0.0,0.0,0
16.102348,0.8667608,254.47888,2.0,4771.8896,2.0,1.0,1.0,0
10.86403,0.58185154,623.1428,0.0,2243.4297,2.0,0.0,0.0,0
24.831419,0.78326184,527.74664,3.0,454.74457,1.0,1.0,1.0,1
5.570444,0.8359195,355.63055,0.0,1164.0079,1.0,2.0,1.0,0
4.0017977,0.6773968,342.33105,3.0,3291.5042,1.0,1.0,0.0,0
15.586863,0.9159911,827.70605,2.0,2034.864,3.0,1.0,0.0,0
20.48474,0.7553291,4246.9536,0.0,3428.1968,2.0,2.0,0.0,1
24.07023,0.8134974,4149.755,1.0,3337.0085,1.0,2.0,0.0,0
18.099121,0.5704364,3926.575,1.0,3030.787,0.0,1.0,0.0,1
23.441643,0.5115801,3092.797,3.0,797.58453,2.0,0.0,1.0,1
12.388592,0.5253743,3631.293,2.0,1436.7173,1.0,2.0,1.0,1
1.9531624,0.9519601,3705.482,1.0,1895.5295,1.0,2.0,0.0,0
4.36688,0.9413212,4452.0986,3.0,4123.8457,0.0,0.0,0.0,0
2.1229553,0.9037957,3675.098,0.0,3414.292,4.0,0.0,0.0,1
10.539366,0.5998061,3695.4736,3.0,3228.222,0.0,0.0,0.0,0
15.369249,0.76272935,4030.202,3.0,3363.9653,0.0,0.0,0.0,0
11.333207,0.89805853,2803.9565,1.0,2520.9783,3.0,2.0,1.0,0
17.257385,0.8373346,1104.4926,0.0,207.76225,1.0,2.0,0.0,0
14.937665,0.5577606,468.48526,3.0,1013.5922,4.0,0.0,1.0,0
20.660341,0.9477706,2124.2656,3.0,710.1077,2.0,1.0,0.0,0
20.341904,0.5803412,503.8441,1.0,329.34335,3.0,2.0,1.0,1
10.223861,0.58589786,888.05493,0.0,1604.1885,4.0,0.0,0.0,0
11.040219,0.9505043,168.00806,1.0,3940.7737,4.0,2.0,0.0,0
17.969286,0.7423085,1536.0211,0.0,584.5077,4.0,0.0,1.0,1
18.296541,0.6864459,4851.4893,2.0,565.99835,2.0,0.0,1.0,1
10.126298,0.77682835,1925.7098,2.0,630.07745,4.0,0.0,1.0,0
10.579219,0.9906987,1242.4185,1.0,1356.4103,1.0,2.0,0.0,0
21.127306,0.5598152,2047.075,2.0,1019.0136,4.0,1.0,1.0,0
19.774914,0.8784744,1541.6257,2.0,79.66597,4.0,1.0,1.0,0
4.9164734,0.66716295,3385.6902,0.0,1389.7466,1.0,1.0,0.0,0
13.790215,0.5585246,3190.6104,1.0,4981.5093,0.0,0.0,1.0,1
26.888475,0.7109667,185.3474,3.0,1689.0674,3.0,2.0,0.0,0
2.0528646,0.77437645,2581.0496,3.0,1064.1826,0.0,1.0,0.0,0
25.799755,0.6029808,229.18846,3.0,2483.6125,0.0,2.0,0.0,0
5.732167,0.70263475,3402.9482,3.0,1154.5486,4.0,1.0,0.0,0
15.710211,0.817838,4682.2515,0.0,2802.6296,2.0,2.0,1.0,1
13.305757,0.788224,4542.065,1.0,2009.2727,3.0,2.0,0.0,0
1.2937508,0.8615803,1068.2749,1.0,4485.2383,4.0,1.0,0.0,0
27.54651,0.9182023,3726.0935,2.0,4640.317,4.0,0.0,0.0,0
14.192832,0.7045702,3975.6765,3.0,3568.1758,4.0,2.0,1.0,1
28.67378,0.71148366,4328.619,2.0,1086.3143,0.0,2.0,1.0,1
9.315573,0.7483461,1335.0134,2.0,2374.7537,1.0,1.0,0.0,1
26.121998,0.78317666,2281.6326,0.0,1534.0616,3.0,1.0,0.0,0
27.749298,0.5541613,1146.4469,2.0,3993.4045,0.0,2.0,1.0,1
17.14814,0.65631765,170.33182,3.0,155.57881,1.0,0.0,0.0,1
6.877656,0.5859459,3312.1125,3.0,3315.8335,2.0,0.0,0.0,0
20.872175,0.6929264,2185.7449,2.0,1622.9019,1.0,1.0,1.0,0
16.920364,0.98667705,1278.1786,0.0,2410.213,0.0,0.0,1.0,0
28.391361,0.7913655,4243.1646,0.0,1621.7449,4.0,2.0,1.0,0
13.73889,0.71469074,2503.6191,2.0,1830.3022,2.0,2.0,0.0,0
8.786896,0.78296846,4973.5557,3.0,3375.0696,2.0,2.0,1.0,0
5.010323,0.8345383,3977.1213,3.0,2981.5168,3.0,0.0,0.0,0
21.260374,0.7174767,4352.595,1.0,1228.0054,3.0,2.0,1.0,0
29.24918,0.7238549,3877.9946,2.0,227.75177,2.0,0.0,0.0,1
1.8219694,0.85070056,574.32825,0.0,4281.549,4.0,0.0,0.0,0
22.472916,0.5304313,371.89355,2.0,2466.6104,1.0,0.0,1.0,1
27.880981,0.7700403,4579.64,0.0,3097.4639,4.0,1.0,0.0,1
3.1686645,0.7736639,734.0761,3.0,2447.6113,4.0,2.0,1.0,0
4.1949315,0.8783761,1986.5695,3.0,3098.5117,0.0,0.0,1.0,0
21.066755,0.9913224,3069.0596,0.0,3138.5925,3.0,2.0,0.0,1
19.790937,0.8978774,1098.8969,3.0,85.05228,0.0,2.0,1.0,1
2.995995,0.7518943,1165.161,3.0,2670.963,2.0,0.0,0.0,0
25.19826,0.5847266,2357.8945,1.0,2515.5188,4.0,0.0,0.0,0
16.17929,0.7941305,1836.4307,1.0,488.1294,0.0,2.0,0.0,0
27.308723,0.9171494,3399.0496,0.0,3731.9504,2.0,0.0,1.0,0
26.461735,0.966207,421.62717,3.0,1186.9382,3.0,0.0,1.0,1
24.562725,0.9126552,2469.3555,0.0,282.08148,2.0,2.0,1.0,0
15.961068,0.5944843,912.5866,3.0,4017.7632,0.0,0.0,1.0,0
8.299608,0.85628796,3053.2888,2.0,4327.0073,0.0,1.0,0.0,1
15.673289,0.9400775,625.2558,3.0,1211.0669,2.0,2.0,1.0,0
3.9235299,0.84050846,1028.2777,1.0,3440.852,0.0,2.0,1.0,0
20.106539,0.842876,4029.2505,3.0,34.703865,0.0,1.0,0.0,0
4.8853393,0.7500811,1214.0767,1.0,3608.5383,4.0,2.0,0.0,0
15.824016,0.8184881,3698.4734,1.0,2329.454,2.0,2.0,0.0,0
2.5770772,0.64719033,1401.6604,1.0,3964.4907,2.0,1.0,1.0,0
9.685863,0.54440504,1213.3861,3.0,1971.2395,0.0,1.0,1.0,0
7.7303333,0.91385746,1530.8162,1.0,1761.8679,3.0,1.0,0.0,0
18.980915,0.97157216,4410.6133,1.0,4205.5166,2.0,1.0,0.0,0
23.816814,0.9284112,2015.97,2.0,202.84702,1.0,2.0,1.0,0
2.6617856,0.6669568,1256.6146,2.0,943.9533,3.0,1.0,1.0,0
25.658226,0.5467651,2706.3655,2.0,2066.523,1.0,2.0,1.0,1
25.962263,0.6400692,1958.925,1.0,2985.7275,2.0,1.0,1.0,0
10.925803,0.9214177,3961.4778,0.0,35.51144,2.0,0.0,0.0,0
20.111118,0.82790726,4952.706,3.0,2879.987,1.0,0.0,1.0,1
12.675778,0.9833471,2656.5435,1.0,1898.6777,4.0,2.0,1.0,0
5.4715357,0.6713405,2286.157,3.0,3153.7102,3.0,1.0,0.0,0
16.331211,0.77573603,1748.0253,1.0,4535.7993,1.0,1.0,0.0,0
3.5044305,0.8950191,4868.027,2.0,2209.9514,0.0,0.0,1.0,1
26.475693,0.616996,2442.2522,2.0,2777.3474,1.0,2.0,0.0,0
27.804403,0.982045,931.0845,3.0,2319.3218,2.0,0.0,1.0,0
24.82678,0.79619884,4847.6187,0.0,601.4248,2.0,1.0,0.0,1
17.313316,0.5039488,4806.3667,2.0,3967.6338,2.0,1.0,0.0,1
17.170359,0.51257664,2206.839,0.0,4427.1265,0.0,0.0,1.0,1
29.553614,0.941108,1773.5208,3.0,4059.2183,3.0,0.0,1.0,0
8.189149,0.8226408,3418.1653,2.0,4738.507,1.0,2.0,1.0,0
3.2025027,0.88153625,4153.1743,3.0,2345.4624,1.0,0.0,0.0,0
17.296288,0.892008,2517.7341,1.0,3265.0854,2.0,0.0,0.0,0
10.534782,0.7102299,1687.5243,0.0,850.0246,4.0,0.0,1.0,0
10.347824,0.89930564,1541.9004,2.0,4884.2725,0.0,2.0,1.0,1
1.2054753,0.9687662,1666.6637,0.0,2906.9646,4.0,2.0,1.0,0
18.290943,0.58608556,634.26306,1.0,1315.6989,3.0,2.0,1.0,0
8.656978,0.8820682,3904.1711,1.0,4028.8176,2.0,0.0,0.0,0
6.447898,0.653896,569.55133,0.0,2936.5906,0.0,2.0,0.0,0
2.1725261,0.6607465,2021.6567,0.0,4748.878,3.0,0.0,0.0,0
11.566485,0.70637745,4182.9697,2.0,3852.187,3.0,0.0,1.0,0
26.490097,0.93185973,2050.3242,3.0,4387.5513,2.0,1.0,1.0,0
10.7634535,0.51102805,1509.0709,1.0,2737.7834,4.0,1.0,0.0,0
20.693151,0.7169631,4743.856,1.0,2591.3691,4.0,0.0,1.0,1
22.939861,0.8400238,676.3916,0.0,3789.059,4.0,0.0,1.0,0
10.514923,0.5552077,4430.027,2.0,534.0197,1.0,0.0,0.0,1
24.827581,0.8961268,357.28015,3.0,279.61765,3.0,1.0,1.0,0
21.06451,0.9709513,2096.9707,2.0,4918.6743,0.0,1.0,1.0,0
17.218025,0.54546744,3177.0193,1.0,4582.3145,2.0,1.0,1.0,1
1.0287814,0.5764741,1881.69,2.0,4778.748,0.0,0.0,1.0,0
2.0176322,0.9870486,2696.3018,3.0,321.1967,1.0,1.0,0.0,0
29.73511,0.5989278,1059.8082,3.0,1353.8141,3.0,1.0,1.0,1
23.686234,0.53946984,2866.721,0.0,4508.6963,2.0,1.0,0.0,1
28.189392,0.9760963,716.0657,1.0,456.50308,4.0,0.0,1.0,1
27.166794,0.94631135,3990.6768,3.0,2262.6582,0.0,2.0,1.0,1
1.5928465,0.82786274,2939.76,2.0,1713.0438,4.0,1.0,1.0,1
23.963572,0.7757155,2435.564,3.0,4400.454,3.0,0.0,1.0,0
14.083226,0.95961636,320.60065,3.0,2595.2,2.0,2.0,1.0,0
23.897188,0.82776004,2523.883,0.0,1458.9672,0.0,1.0,1.0,1
1.1947577,0.8291983,2839.6687,2.0,2626.263,0.0,0.0,0.0,1
9.3577795,0.92184275,1365.0542,2.0,571.10657,2.0,2.0,1.0,0
22.78839,0.82662284,3404.0723,1.0,3658.7017,2.0,0.0,0.0,1
23.997602,0.75183845,429.9875,2.0,3095.5044,2.0,0.0,1.0,0
18.971724,0.69486076,1083.011,0.0,3007.5369,1.0,1.0,0.0,0
9.736429,0.75156695,3700.8652,1.0,2194.8433,3.0,2.0,0.0,0
10.000515,0.76123935,778.75,1.0,1478.2783,3.0,2.0,0.0,0
29.036156,0.6804159,1265.4667,1.0,336.24945,1.0,2.0,0.0,0
13.737153,0.7240592,3271.734,2.0,4735.6924,1.0,0.0,1.0,1
13.966641,0.90093595,3657.7664,3.0,2088.604,2.0,2.0,0.0,0
17.01765,0.70825666,304.8718,3.0,2484.6494,3.0,2.0,0.0,0
12.875567,0.5127799,676.6176,2.0,1885.076,2.0,2.0,0.0,0
17.027475,0.64150965,2258.2842,1.0,4939.508,0.0,2.0,1.0,1
13.537727,0.61587095,2984.335,3.0,3982.8984,4.0,2.0,1.0,1
24.974733,0.896791,2296.217,3.0,487.84354,1.0,1.0,0.0,1
27.36248,0.7246465,3252.9966,3.0,3044.7935,3.0,2.0,0.0,1
28.031197,0.64015526,3792.1648,3.0,2428.3264,0.0,1.0,1.0,1
17.36459,0.9053524,4750.242,3.0,3968.8267,1.0,0.0,0.0,0
13.822309,0.5096084,1781.9095,3.0,4986.607,2.0,0.0,1.0,1
21.451962,0.5871254,857.3686,2.0,3724.0906,4.0,1.0,0.0,0
25.311384,0.9134774,1357.2158,2.0,4325.9946,2.0,1.0,0.0,0
17.326485,0.77532583,783.414,2.0,2518.1511,0.0,2.0,1.0,0
21.29945,0.8868249,2001.5159,1.0,1874.254,4.0,2.0,0.0,0
22.742151,0.919088,4369.208,3.0,3219.9656,1.0,0.0,0.0,1
20.61542,0.9709817,1767.9465,2.0,3749.598,1.0,1.0,1.0,1
22.637873,0.5317123,786.67236,2.0,1145.3943,0.0,1.0,0.0,1
7.0507145,0.8996174,2637.0327,2.0,2521.9036,3.0,2.0,0.0,0
15.452862,0.85438305,4960.122,0.0,577.817,2.0,1.0,1.0,0
18.059788,0.6035128,981.497,3.0,1089.6006,1.0,0.0,1.0,1
1.07186,0.9658511,3900.481,2.0,4410.476,3.0,0.0,0.0,1
25.822912,0.70210093,4125.627,3.0,732.2126,0.0,0.0,0.0,1
18.69071,0.9438053,2036.6248,0.0,4058.6277,2.0,1.0,1.0,0
4.7449536,0.8025569,3116.7795,0.0,1869.2528,3.0,0.0,0.0,0
24.674355,0.763374,2190.2485,3.0,3320.9717,4.0,2.0,0.0,1
21.794653,0.579762,1348.5183,2.0,4552.529,3.0,0.0,1.0,1
22.990686,0.9571638,2159.288,2.0,3906.6843,2.0,0.0,1.0,0
12.369231,0.778331,521.68616,1.0,4131.4463,0.0,0.0,0.0,0
25.771873,0.5030462,3549.4329,2.0,1313.1339,1.0,0.0,0.0,1
13.0068,0.5091423,4154.5054,2.0,1814.7562,2.0,1.0,0.0,0
17.544765,0.8888163,1571.6296,0.0,3666.632,2.0,2.0,0.0,0
1.0186268,0.5809682,2854.0603,2.0,3888.4006,2.0,2.0,0.0,0
19.70132,0.7993692,1199.1353,2.0,3952.3608,3.0,2.0,0.0,0
21.827099,0.840541,680.9292,1.0,3703.139,4.0,2.0,0.0,0
17.44617,0.63968277,3334.9119,1.0,1165.7969,2.0,1.0,1.0,1
15.400206,0.7846569,713.8326,3.0,1452.5424,0.0,0.0,0.0,0
24.488157,0.62012935,3920.7964,2.0,4710.7847,2.0,1.0,1.0,1
20.75981,0.9731577,1395.185,1.0,2773.7632,1.0,2.0,0.0,0
9.064147,0.93008506,4101.641,2.0,3774.7075,2.0,0.0,0.0,0
28.813128,0.6440214,1874.0977,0.0,2999.9863,2.0,2.0,1.0,0
21.510748,0.7644072,1875.7709,1.0,4623.264,2.0,2.0,1.0,1
29.650229,0.75031644,3765.3352,2.0,4345.221,2.0,0.0,0.0,1
29.166578,0.98001164,2575.8157,1.0,1314.2603,1.0,0.0,0.0,1
27.648382,0.6970144,1044.8383,0.0,4424.7,0.0,0.0,0.0,0
22.905775,0.7811138,4259.5225,2.0,1507.1964,4.0,2.0,1.0,1
18.673452,0.9643533,1733.7584,3.0,2210.4924,2.0,1.0,1.0,0
5.992949,0.5814055,558.745,1.0,4257.656,1.0,2.0,1.0,0
16.75719,0.7752428,2109.205,3.0,1626.8552,4.0,1.0,0.0,0
23.195919,0.5528365,2891.1108,3.0,1460.9519,0.0,0.0,0.0,1
16.104858,0.80874944,3068.9324,2.0,3346.5977,1.0,2.0,0.0,0
26.178934,0.6828416,4186.259,3.0,4998.3853,3.0,1.0,0.0,1
4.1800213,0.98381805,2729.9639,1.0,663.97437,2.0,2.0,0.0,0
12.04727,0.7077046,1157.367,3.0,3508.2927,4.0,2.0,1.0,0
15.672968,0.56809384,1345.2483,0.0,2639.5073,1.0,1.0,0.0,1
13.537434,0.917,549.1609,1.0,2058.9812,3.0,2.0,1.0,0
4.1490097,0.91043335,3692.8252,2.0,3751.7952,2.0,0.0,1.0,0
5.4523206,0.8474298,574.41064,0.0,2778.6333,2.0,1.0,1.0,0
25.290901,0.8744059,3048.7725,3.0,3991.0776,2.0,1.0,1.0,0
15.047144,0.6323576,3004.8896,3.0,3721.8313,4.0,0.0,0.0,0
2.4129503,0.82102674,3938.2427,0.0,4925.7437,3.0,1.0,0.0,1
1.4782466,0.51900995,419.41702,3.0,4056.2207,1.0,2.0,1.0,0
14.730786,0.59844506,1054.4111,0.0,343.331,2.0,1.0,1.0,1
5.766983,0.96613973,4552.334,0.0,3900.1006,2.0,1.0,0.0,0
21.448652,0.86961764,2882.5723,3.0,3252.019,3.0,2.0,1.0,0
24.06438,0.6153363,2315.5667,2.0,458.05383,2.0,1.0,1.0,1
7.6206045,0.55569154,3750.9976,3.0,3031.3914,2.0,1.0,0.0,0
18.173132,0.9744597,4517.526,1.0,3756.51,2.0,0.0,1.0,1
5.4788947,0.5560938,1351.8977,2.0,994.0006,1.0,1.0,0.0,0
9.803897,0.62853503,4512.304,0.0,2180.2092,2.0,2.0,1.0,1
26.77507,0.591317,588.0384,2.0,2717.0066,4.0,1.0,1.0,0
16.778845,0.5037319,4889.5312,3.0,2071.632,4.0,1.0,1.0,1
26.690773,0.65706736,866.01654,2.0,4381.264,0.0,2.0,0.0,1
7.5321865,0.98708946,1367.87,3.0,852.82697,1.0,0.0,1.0,0
10.570706,0.67095166,528.14,1.0,3860.0623,3.0,2.0,1.0,0
14.657612,0.75215244,4028.1987,3.0,3892.675,0.0,0.0,0.0,0
14.922322,0.8729679,4921.9487,2.0,2245.6694,3.0,0.0,1.0,0
29.931791,0.77554005,1520.0337,0.0,2701.995,2.0,0.0,1.0,1
4.3189144,0.8717958,1661.7792,1.0,776.2766,0.0,0.0,0.0,0
25.706985,0.83081794,1430.9506,1.0,983.8363,2.0,1.0,0.0,0
26.04678,0.80428153,816.3991,0.0,2663.0073,2.0,1.0,1.0,0
17.04276,0.82482445,3947.8489,3.0,1131.1571,3.0,0.0,0.0,0
10.9770775,0.8995822,350.5632,0.0,4034.2622,4.0,2.0,1.0,0
16.057556,0.8550957,4840.482,2.0,3084.9282,4.0,1.0,0.0,1
9.481564,0.89588743,4640.212,3.0,292.3276,2.0,0.0,0.0,0
24.174116,0.57279885,636.2735,1.0,1795.8046,3.0,0.0,0.0,0
15.450095,0.83883685,2671.143,2.0,4293.5454,3.0,2.0,1.0,0
27.849422,0.86851096,4964.6143,2.0,1394.4458,4.0,0.0,0.0,0
19.058048,0.6499832,4270.4653,3.0,3601.3923,3.0,1.0,0.0,1
15.91526,0.93728864,3589.9119,0.0,478.06268,1.0,0.0,1.0,0
21.621012,0.6523558,161.18169,1.0,4653.363,1.0,2.0,1.0,0
15.614056,0.62191606,388.46835,2.0,2252.2349,1.0,1.0,0.0,1
27.230684,0.9335484,3980.3845,0.0,2462.9126,0.0,2.0,0.0,0
6.3489327,0.62350994,1913.402,3.0,2853.4524,1.0,1.0,0.0,0
29.227112,0.7077512,3358.7378,2.0,1823.5273,2.0,2.0,1.0,0
24.553526,0.6839614,3708.949,0.0,3629.1736,3.0,1.0,0.0,0
25.961267,0.94903094,2139.8118,0.0,82.771996,1.0,2.0,1.0,1
15.004327,0.72761786,759.7397,0.0,819.3993,0.0,2.0,1.0,1
25.278845,0.84715444,1964.1378,2.0,952.2164,0.0,1.0,1.0,1
9.896448,0.89701945,4361.69,2.0,3180.3474,0.0,1.0,1.0,0
23.096497,0.8139518,1688.8746,1.0,4454.098,2.0,1.0,0.0,0
5.073055,0.97184724,360.11475,2.0,327.56232,2.0,2.0,1.0,0
9.904506,0.90125376,4797.7007,1.0,4263.7686,1.0,2.0,0.0,0
13.926248,0.70010334,3419.3506,1.0,4099.373,1.0,0.0,1.0,0
10.347272,0.97540593,2727.241,0.0,392.36206,2.0,0.0,0.0,0
12.223496,0.76228744,4154.0815,0.0,724.70984,3.0,1.0,1.0,0
24.783037,0.51128864,2085.2454,2.0,1756.7262,0.0,1.0,1.0,1
8.443601,0.6300066,4926.323,2.0,582.20135,4.0,0.0,0.0,0
22.613153,0.8108648,4294.987,0.0,3793.848,1.0,0.0,0.0,1
3.13765,0.57840747,1438.6964,0.0,2525.306,0.0,1.0,1.0,1
23.206434,0.79203403,1886.6875,1.0,2059.7153,0.0,1.0,1.0,0
23.968674,0.680799,1414.9276,2.0,3627.4888,2.0,1.0,0.0,1
12.649264,0.7671927,3313.737,2.0,1471.5479,2.0,0.0,0.0,0
21.951857,0.5009374,3214.693,2.0,4358.942,0.0,2.0,0.0,1
27.539013,0.92421067,2636.404,0.0,3273.294,2.0,0.0,1.0,1
24.220676,0.68096274,4830.9097,1.0,1739.0615,1.0,1.0,1.0,1
12.322948,0.5700792,2387.7627,3.0,2703.9648,4.0,2.0,0.0,0
15.0421915,0.7189579,3929.4258,2.0,1304.648,1.0,1.0,0.0,0
23.601368,0.74308866,3307.5708,3.0,4925.0537,4.0,0.0,0.0,0
9.485243,0.8187013,2615.0154,2.0,2183.6655,2.0,0.0,1.0,0
24.3126,0.76228124,258.3708,3.0,4484.903,4.0,1.0,1.0,1
10.514063,0.5217618,3304.6003,2.0,4890.3223,2.0,2.0,0.0,0
24.373728,0.93575615,3230.8457,2.0,2683.6045,0.0,1.0,0.0,1
3.5172129,0.72825444,668.1263,2.0,3652.678,3.0,0.0,1.0,0
2.2875216,0.5384939,3989.779,1.0,2865.5115,2.0,2.0,1.0,0
29.932589,0.8864141,2361.6206,1.0,466.9225,4.0,0.0,0.0,0
26.214256,0.83007723,1654.5228,0.0,4762.566,1.0,1.0,1.0,0
26.602577,0.8247189,4128.599,1.0,2288.616,0.0,0.0,1.0,1
28.587118,0.713457,1749.6863,0.0,4471.375,0.0,0.0,1.0,0
13.711173,0.70524853,3128.1614,1.0,3281.4707,3.0,2.0,1.0,0
9.318231,0.76816934,3108.6782,3.0,534.9025,1.0,0.0,0.0,0
4.770725,0.5252972,311.38962,1.0,2091.0942,3.0,2.0,0.0,0
15.535065,0.64947885,2143.0264,2.0,987.2823,0.0,1.0,0.0,0
7.381401,0.9939471,1152.7548,1.0,857.6007,0.0,0.0,0.0,0
28.130976,0.83109623,1037.8748,3.0,3578.2927,3.0,2.0,1.0,0
1.1160917,0.70946705,3292.0613,0.0,159.79974,1.0,0.0,1.0,0
5.152705,0.61118156,106.47948,3.0,4831.0415,2.0,2.0,0.0,0
8.1477995,0.87260467,4846.941,2.0,2255.1177,0.0,2.0,0.0,0
6.769745,0.63014513,2007.1854,3.0,2453.8909,0.0,1.0,1.0,0
7.5475745,0.58118504,1529.0775,0.0,1504.1501,0.0,0.0,0.0,1
20.025381,0.57725745,4603.873,3.0,437.2242,1.0,0.0,0.0,0
10.49785,0.86463165,2459.027,3.0,2945.331,1.0,0.0,1.0,0
18.835707,0.8214051,3090.91,1.0,1730.325,1.0,0.0,1.0,0
26.81748,0.53490305,3494.4612,2.0,3124.1223,1.0,1.0,1.0,0
18.474146,0.5575214,4363.486,2.0,2783.2913,2.0,1.0,0.0,0
21.14145,0.81692344,692.22284,0.0,1092.3851,4.0,1.0,0.0,0
11.599596,0.78555804,454.18323,2.0,2313.653,0.0,2.0,1.0,0
5.632416,0.8429995,4968.868,2.0,1547.2344,4.0,1.0,0.0,0
10.296938,0.5890195,93.974815,0.0,1206.2231,2.0,2.0,1.0,0
28.964197,0.86329395,3555.564,1.0,3850.8247,2.0,1.0,0.0,1
19.03253,0.9680482,3074.7734,2.0,69.413895,3.0,2.0,1.0,1
9.047822,0.8005251,2785.1274,3.0,1351.7255,3.0,2.0,1.0,0
14.076543,0.598065,3939.8484,0.0,2660.1177,4.0,0.0,0.0,0
25.229877,0.8397719,4962.741,3.0,2385.9685,4.0,1.0,0.0,1
20.384863,0.67154086,282.0848,3.0,4701.425,0.0,1.0,0.0,1
17.258932,0.5246439,3091.926,3.0,4219.851,2.0,0.0,0.0,1
26.669724,0.65116936,3598.0496,0.0,3760.497,2.0,0.0,1.0,1
20.500748,0.9527925,1564.3995,2.0,2575.25,2.0,0.0,0.0,0
19.639162,0.7055697,4469.664,1.0,2150.2446,4.0,0.0,0.0,1
6.503276,0.9323327,2312.1145,3.0,192.48215,3.0,2.0,1.0,0
4.085272,0.7543297,864.1684,2.0,4110.1245,2.0,0.0,0.0,0
28.98912,0.758489,4279.319,2.0,2159.2573,4.0,0.0,0.0,1
18.366892,0.5026082,4717.482,0.0,1611.6273,3.0,1.0,1.0,1
13.054819,0.818552,542.5988,3.0,3037.1055,3.0,1.0,1.0,0
18.081604,0.5539069,3770.8203,1.0,3773.1477,3.0,2.0,0.0,0
2.792547,0.7393742,1114.3204,0.0,2620.0261,0.0,0.0,0.0,0
24.84169,0.6301584,83.27498,3.0,756.42004,4.0,2.0,1.0,1
7.2827206,0.6961915,1340.0385,3.0,4609.016,3.0,0.0,1.0,0
24.331835,0.76853865,4281.8037,1.0,573.11896,0.0,0.0,0.0,1
16.496975,0.50723207,748.86017,2.0,4848.1626,1.0,1.0,0.0,1
9.020588,0.6422918,696.811,2.0,2217.9607,1.0,2.0,0.0,0
1.8760885,0.994806,3708.2861,1.0,4733.65,1.0,0.0,1.0,0
24.659168,0.5286996,2061.4802,2.0,4574.1025,3.0,1.0,1.0,0
6.117344,0.65969676,785.00604,3.0,2037.2737,2.0,1.0,1.0,1
2.5023484,0.66071075,1188.5018,3.0,4002.1262,1.0,2.0,1.0,0
22.920454,0.689693,3983.2795,2.0,457.96494,3.0,1.0,0.0,0
11.151254,0.8423905,3135.1804,1.0,422.844,1.0,0.0,0.0,0
12.290687,0.6238719,3816.5974,3.0,1786.2235,0.0,2.0,0.0,0
8.16496,0.73013467,533.97754,3.0,3052.8276,4.0,2.0,0.0,0
25.916176,0.8224318,2317.6162,0.0,56.51214,1.0,1.0,1.0,0
9.622557,0.661161,3995.676,1.0,2580.7239,1.0,2.0,1.0,0
7.0955844,0.9743863,1365.6741,2.0,4878.478,3.0,0.0,0.0,0
9.968242,0.98983634,887.4854,2.0,4293.6426,3.0,2.0,1.0,1
6.891338,0.5598368,1939.8303,2.0,1170.0284,0.0,2.0,1.0,1
10.212002,0.6719099,1700.2308,2.0,2645.0632,0.0,2.0,0.0,0
3.4051504,0.603986,968.0903,0.0,865.3298,4.0,2.0,1.0,0
5.5973706,0.5933948,4772.0273,0.0,1323.6681,2.0,1.0,0.0,1
13.094534,0.7454899,2441.3372,3.0,4615.7744,2.0,0.0,0.0,1
26.50454,0.7819136,3059.978,2.0,4988.913,2.0,2.0,0.0,0
2.6614316,0.712826,649.4792,2.0,1220.3793,2.0,2.0,0.0,0
7.1675663,0.63627744,3069.6736,1.0,1068.2186,3.0,1.0,0.0,0
27.342024,0.6393108,2798.8474,1.0,1925.458,0.0,1.0,0.0,1
26.810425,0.99606407,4663.0503,1.0,2234.8235,1.0,0.0,1.0,0
20.704075,0.96183866,2090.9683,2.0,455.35086,4.0,2.0,1.0,0
7.973733,0.53794944,3921.2073,2.0,747.0662,0.0,1.0,0.0,1
13.174506,0.8282753,1555.6958,0.0,2129.8882,4.0,0.0,0.0,0
7.1254086,0.7284388,2915.755,1.0,1184.7487,2.0,2.0,0.0,0
4.729067,0.844407,4638.5034,3.0,4226.2246,0.0,0.0,1.0,0
12.019954,0.79848033,3144.103,2.0,3760.2173,2.0,0.0,1.0,0
17.698826,0.9446262,3570.2356,3.0,2686.3289,3.0,0.0,1.0,0
11.438047,0.5334942,4386.1235,2.0,2168.8203,1.0,2.0,1.0,1
18.713911,0.67479897,4630.8506,1.0,4156.629,3.0,0.0,1.0,0
9.591388,0.99274707,1080.9606,3.0,838.3168,0.0,1.0,1.0,1
11.029665,0.59114265,1019.39825,2.0,4438.0654,0.0,1.0,0.0,0
23.929535,0.5636667,2774.857,0.0,254.89615,3.0,1.0,0.0,1
26.471127,0.864486,4977.806,1.0,4617.7383,2.0,2.0,0.0,1
10.338988,0.8887176,2476.254,2.0,702.6622,3.0,0.0,0.0,0
17.573957,0.83613676,1687.9796,1.0,4062.3743,4.0,1.0,0.0,0
9.066707,0.88809794,2709.4434,1.0,100.044945,4.0,1.0,0.0,0
2.5467045,0.84686077,368.7591,3.0,4077.24,2.0,1.0,0.0,0
22.397858,0.56788534,927.1735,1.0,2924.5132,2.0,2.0,0.0,0
5.959101,0.80411094,787.15607,1.0,104.98091,4.0,0.0,0.0,0
13.345663,0.88843834,188.18195,0.0,3873.3066,4.0,0.0,1.0,0
15.124319,0.93275833,3624.951,1.0,516.77094,0.0,1.0,1.0,1
6.349676,0.6231176,1661.099,3.0,2704.1282,2.0,0.0,0.0,1
3.7421052,0.5637154,884.25476,1.0,1666.6997,4.0,2.0,0.0,0
11.092378,0.89054525,2585.6067,1.0,3798.2495,0.0,2.0,1.0,0
28.616291,0.62827414,1651.0498,2.0,4267.5757,4.0,2.0,0.0,0
18.838932,0.51596475,1995.438,3.0,2326.7407,3.0,2.0,0.0,0
12.060897,0.9126068,1611.8824,3.0,3792.1216,0.0,1.0,1.0,0
2.128414,0.75299555,69.7184,1.0,4583.9585,3.0,2.0,0.0,0
18.407925,0.66331655,3457.2278,0.0,3449.1106,2.0,1.0,1.0,1
3.6754715,0.50571454,597.91785,2.0,1616.7325,1.0,2.0,0.0,0
16.733778,0.5176637,1134.7549,1.0,2321.9272,3.0,0.0,0.0,0
22.806564,0.89631164,992.06934,1.0,1157.6887,3.0,0.0,0.0,0
13.283975,0.74485296,1690.2681,0.0,2297.4575,4.0,2.0,0.0,0
9.682934,0.57486105,842.9785,3.0,1236.9935,2.0,1.0,0.0,0
2.374143,0.6792528,1767.413,0.0,4038.176,0.0,0.0,0.0,0
1.7185584,0.58265257,1254.1586,1.0,3053.488,4.0,2.0,1.0,0
13.470771,0.5564408,353.0148,1.0,3169.8975,1.0,1.0,0.0,0
26.617012,0.6381539,4359.2866,0.0,560.2138,3.0,2.0,1.0,0
8.077821,0.7747543,1562.6265,3.0,17.286934,3.0,1.0,0.0,0
17.64761,0.6050033,521.6466,2.0,3948.0413,0.0,2.0,1.0,0
20.84487,0.67183554,2631.5557,2.0,2716.1091,2.0,0.0,0.0,0
2.7640662,0.73896545,660.2138,0.0,4658.451,0.0,2.0,1.0,0
5.439911,0.7100149,3876.8113,0.0,2690.8237,3.0,0.0,1.0,1
10.607027,0.5643139,354.81082,0.0,1081.2458,3.0,1.0,1.0,0
20.432701,0.51943284,2349.948,2.0,3495.3982,2.0,2.0,1.0,1
13.732018,0.51772934,4721.9404,2.0,3507.905,1.0,1.0,1.0,1
22.291656,0.67508954,836.8968,3.0,337.0077,4.0,0.0,0.0,0
26.160337,0.85940105,1046.7749,3.0,3471.3179,0.0,1.0,0.0,1
22.992796,0.56562763,3022.3013,1.0,1070.5159,0.0,0.0,0.0,0
29.77517,0.8934901,4900.278,0.0,1280.0579,1.0,1.0,1.0,1
22.87647,0.85783714,1959.887,0.0,166.75934,4.0,0.0,1.0,1
25.713196,0.5019717,3260.7932,3.0,3140.5874,4.0,1.0,1.0,1
25.138624,0.5133739,803.9695,3.0,3661.3296,2.0,0.0,1.0,0
22.177708,0.5975166,3224.9158,2.0,1160.1534,4.0,1.0,0.0,0
24.252253,0.52806044,1300.6772,0.0,3964.7693,4.0,2.0,1.0,0
28.105814,0.76567155,3085.7737,3.0,3812.5361,2.0,1.0,0.0,0
14.781014,0.51981366,488.873,3.0,2054.7334,0.0,2.0,1.0,1
19.510324,0.9013229,2648.5967,0.0,350.44357,4.0,2.0,1.0,0
15.933252,0.74648106,1225.1547,3.0,1408.1248,3.0,2.0,1.0,0
25.680073,0.8639772,3424.458,2.0,835.49146,0.0,2.0,1.0,0
13.509428,0.87535125,3750.9653,3.0,4794.503,4.0,2.0,1.0,1
24.772076,0.75338197,4248.3057,2.0,4090.544,1.0,1.0,0.0,1
24.181282,0.9626814,4962.357,0.0,401.0986,3.0,1.0,0.0,1
28.894697,0.9951204,2323.8062,2.0,2572.1655,1.0,2.0,0.0,0
8.2187,0.67960733,3369.4424,0.0,1341.7628,0.0,1.0,1.0,0
21.578966,0.5629321,141.1974,1.0,170.2687,2.0,0.0,0.0,0
22.950665,0.6816191,4530.1807,3.0,1618.2833,2.0,1.0,1.0,0
28.152077,0.61167693,3097.9285,3.0,646.65063,4.0,0.0,1.0,1
27.30017,0.7655028,2135.6577,1.0,1121.4327,0.0,2.0,0.0,0
17.63225,0.6891938,2199.8481,1.0,1639.4369,4.0,2.0,1.0,0
17.795443,0.7402247,3802.0784,1.0,2050.3633,0.0,2.0,1.0,1
5.8514457,0.88159376,4175.677,0.0,2347.5278,4.0,1.0,0.0,0
29.273918,0.6370105,4049.1233,2.0,2605.7844,3.0,1.0,0.0,1
8.395507,0.7687374,2577.394,1.0,1856.3038,1.0,1.0,1.0,0
22.017351,0.6675806,1887.1759,0.0,2496.7644,4.0,1.0,1.0,0
24.078054,0.89248043,4730.42,2.0,2095.1138,1.0,0.0,1.0,0
13.79525,0.8197683,3189.2876,2.0,4822.5503,3.0,2.0,0.0,0
7.124618,0.5042524,2741.0845,2.0,347.52795,0.0,1.0,1.0,1
6.4798512,0.8300257,3011.6787,3.0,2933.8972,0.0,0.0,1.0,1
25.838385,0.585081,3167.839,2.0,976.2994,1.0,2.0,0.0,1
15.811938,0.8622369,3579.7107,2.0,1883.4349,1.0,1.0,0.0,0
3.6139724,0.78366935,2788.2642,0.0,2736.8645,1.0,1.0,1.0,0
21.793564,0.70074135,4383.009,1.0,3801.4492,1.0,1.0,1.0,0
8.25496,0.8470332,4305.5854,1.0,4888.8784,3.0,0.0,1.0,0
26.415447,0.9282966,2239.1758,3.0,2473.172,0.0,1.0,1.0,1
9.977582,0.8893719,884.2538,1.0,1292.3258,3.0,1.0,0.0,0
6.807854,0.77268964,2904.4458,2.0,3959.9604,4.0,1.0,0.0,0
3.4608948,0.86134714,3122.6606,2.0,1115.6465,4.0,0.0,1.0,0
15.834403,0.7069573,2640.729,0.0,2544.125,0.0,2.0,0.0,1
14.07139,0.8945131,4458.3604,3.0,4235.0894,4.0,1.0,0.0,0
22.788052,0.9145259,510.4503,2.0,2024.9546,0.0,2.0,0.0,0
14.473475,0.5686469,1472.7216,0.0,2789.319,0.0,1.0,0.0,0
10.970663,0.6190157,4335.6597,0.0,606.55457,3.0,0.0,1.0,0
8.587993,0.6349944,4700.0957,3.0,289.27917,3.0,2.0,1.0,0
9.066256,0.58304083,2158.329,1.0,4931.5493,0.0,1.0,1.0,0
27.907589,0.6962675,1003.5877,0.0,902.6895,2.0,1.0,1.0,1
5.7872796,0.5965166,2130.631,2.0,1684.3896,2.0,0.0,0.0,0
29.657116,0.79776967,2308.024,0.0,2528.3777,3.0,0.0,1.0,1
10.480664,0.5508077,2621.8684,0.0,1878.6133,2.0,0.0,1.0,0
3.5633168,0.6349596,1408.0477,3.0,495.72192,3.0,1.0,1.0,0
8.212021,0.83276033,1597.5056,0.0,992.6015,0.0,0.0,1.0,0
2.694017,0.6992726,3295.1587,3.0,2472.304,4.0,0.0,0.0,0
23.910864,0.7107314,3127.881,2.0,2199.6199,2.0,2.0,1.0,0
15.864035,0.8989626,3327.4075,1.0,3992.9873,3.0,2.0,1.0,1
10.772612,0.99225575,1917.5607,1.0,1565.8219,2.0,2.0,0.0,0
20.199438,0.7825339,1715.4613,1.0,4702.1724,1.0,2.0,0.0,0
19.28875,0.5395336,1790.1165,2.0,1421.2236,3.0,0.0,0.0,1
28.25629,0.5514515,4758.3237,3.0,1663.1803,1.0,1.0,0.0,1
28.876554,0.98425037,2006.4633,1.0,4747.0737,1.0,2.0,1.0,0
20.73983,0.83961743,3050.3555,2.0,4204.012,2.0,0.0,0.0,0
24.716661,0.87623453,2638.0737,2.0,1591.6702,1.0,1.0,0.0,0
23.980328,0.83788186,4387.298,0.0,1982.4706,4.0,1.0,1.0,0
15.247803,0.5898088,1877.1282,3.0,4212.879,3.0,2.0,0.0,1
21.42929,0.72418106,2199.015,3.0,439.58627,1.0,0.0,1.0,1
3.2695112,0.8990402,4221.8315,0.0,1480.4348,0.0,1.0,1.0,0
22.98261,0.93318146,846.7402,1.0,2662.4648,1.0,0.0,0.0,0
28.893158,0.6186678,2991.758,3.0,4146.232,0.0,2.0,0.0,0
3.4642677,0.7979809,2029.5457,3.0,2827.4373,1.0,0.0,0.0,1
25.247358,0.57855093,4929.6685,0.0,2453.9963,1.0,1.0,1.0,1
28.056421,0.97913843,3620.8513,3.0,4810.967,3.0,1.0,1.0,1
7.559478,0.62610215,102.2535,1.0,590.8879,0.0,0.0,1.0,0
16.219524,0.86331755,4205.396,1.0,3902.529,0.0,2.0,1.0,1
27.907888,0.6155565,3530.7393,1.0,643.90393,0.0,0.0,1.0,1
28.846554,0.80802697,2826.7566,2.0,3666.8088,4.0,1.0,1.0,0
4.708589,0.82963216,1218.8359,0.0,2720.017,4.0,2.0,1.0,1
11.121122,0.6642141,789.11743,2.0,1330.5846,1.0,2.0,0.0,0
21.246195,0.9094169,3160.578,0.0,2721.252,2.0,2.0,1.0,0
7.4251966,0.9426854,2227.7043,0.0,4398.286,1.0,0.0,1.0,0
10.418348,0.92753494,4315.0205,3.0,2366.1965,2.0,1.0,1.0,0
1.6754408,0.66539913,1348.7491,1.0,42.827045,2.0,0.0,0.0,0
5.452129,0.87217015,3205.7239,3.0,292.46198,1.0,2.0,1.0,1
17.307556,0.7797454,1281.7731,2.0,3166.8584,3.0,1.0,0.0,0
19.939611,0.7963142,3199.7695,3.0,3392.8784,0.0,0.0,1.0,0
19.818443,0.73871255,289.30597,0.0,2014.8567,3.0,2.0,0.0,0
23.572454,0.80013055,1988.9518,3.0,1221.4741,3.0,2.0,1.0,0
13.043161,0.5678271,904.7938,3.0,3582.6733,0.0,0.0,1.0,1
8.931231,0.7044236,3049.3733,1.0,1527.7643,3.0,2.0,0.0,0
1.4518403,0.5888359,1617.8038,0.0,379.3178,3.0,1.0,0.0,0
6.9922647,0.64005274,3869.0864,0.0,2053.9565,4.0,1.0,0.0,0
10.059247,0.56390727,617.24207,2.0,2700.3015,4.0,0.0,0.0,0
6.167999,0.6062478,2803.2546,0.0,4828.488,0.0,1.0,0.0,0
1.5841897,0.8909646,2988.7053,0.0,2965.1863,0.0,2.0,1.0,0
5.5659804,0.77491826,159.4153,2.0,1049.5176,0.0,0.0,1.0,0
20.316887,0.51182157,228.12927,2.0,4162.646,2.0,1.0,1.0,1
19.257977,0.89426225,1575.7888,3.0,1464.4951,3.0,0.0,1.0,0
28.134825,0.9547342,3064.9233,3.0,4796.7983,3.0,0.0,1.0,1
24.146881,0.94021463,4815.0186,1.0,1633.3082,1.0,0.0,1.0,1
17.464928,0.91150844,499.3784,1.0,4548.4946,1.0,0.0,1.0,0
4.9891343,0.99610823,3530.6558,0.0,4395.9805,0.0,2.0,1.0,0
17.358082,0.79320097,3478.9448,0.0,4321.3237,1.0,2.0,1.0,0
2.7862568,0.9812938,3363.8975,1.0,206.53255,1.0,2.0,1.0,1
13.495662,0.9744221,2604.9294,3.0,4250.851,1.0,0.0,0.0,0
12.3175,0.65661937,4835.7886,3.0,3609.2876,0.0,0.0,1.0,1
13.4066,0.93171686,2533.7869,3.0,1678.1484,1.0,2.0,1.0,0
9.114952,0.89623636,4199.5703,1.0,2455.591,4.0,2.0,0.0,0
20.889084,0.8878994,1349.4769,2.0,3203.176,1.0,2.0,1.0,0
25.38739,0.9481404,4041.227,2.0,4718.2495,4.0,2.0,1.0,0
23.286993,0.692095,4982.9014,0.0,3902.6216,0.0,2.0,0.0,1
19.204811,0.70002747,4554.926,1.0,2148.2188,3.0,1.0,0.0,0
16.612,0.82002616,1555.155,2.0,3230.6494,0.0,1.0,1.0,0
1.9014412,0.86890227,4238.4795,1.0,937.49567,1.0,2.0,1.0,0
21.965086,0.93986857,521.52277,1.0,2125.4727,4.0,2.0,1.0,0
16.804504,0.93792266,3404.6523,1.0,3958.5938,3.0,2.0,1.0,0
8.85149,0.8606698,1743.6239,0.0,3036.8826,2.0,0.0,0.0,0
10.50742,0.97844636,3310.417,3.0,3918.4133,3.0,0.0,0.0,0
28.132597,0.5893143,2090.6326,3.0,2553.9856,3.0,1.0,1.0,1
19.106504,0.9751699,94.71409,3.0,1906.9158,3.0,2.0,1.0,1
14.80146,0.53209573,1194.819,3.0,3715.2764,2.0,1.0,0.0,0
19.006731,0.77781093,259.81186,1.0,477.83673,2.0,1.0,1.0,0
12.998528,0.5450985,2164.986,0.0,4893.248,0.0,0.0,0.0,1
14.635286,0.7840005,4208.353,1.0,4742.3853,4.0,0.0,1.0,1
9.418968,0.6950548,3703.084,3.0,4403.0396,2.0,0.0,0.0,1
13.755746,0.54080474,3955.1152,0.0,4422.548,1.0,0.0,1.0,1
20.882175,0.8240584,4045.6382,2.0,2560.17,0.0,2.0,0.0,1
2.158316,0.865599,1891.1019,0.0,2494.749,3.0,2.0,0.0,0
24.055796,0.5870927,2554.8274,1.0,4102.21,3.0,1.0,1.0,1
9.206407,0.84721833,2566.8333,0.0,1423.45,4.0,2.0,1.0,0
20.794233,0.5895238,610.38214,0.0,4251.07,4.0,1.0,0.0,0
19.639034,0.5686982,3010.8035,0.0,1012.3923,4.0,1.0,0.0,0
19.926214,0.57368165,3614.89,2.0,4396.745,3.0,1.0,0.0,1
18.635738,0.7995392,3074.2908,2.0,2710.0151,4.0,1.0,0.0,0
28.813953,0.8893954,3742.5315,1.0,4217.623,0.0,0.0,1.0,1
15.741981,0.79844683,638.5118,3.0,2470.7825,1.0,0.0,0.0,0
22.237255,0.9046757,3818.9744,1.0,3046.0767,2.0,2.0,1.0,1
21.45803,0.7957387,1080.2935,2.0,4634.6626,3.0,2.0,1.0,0
7.85176,0.8986606,4390.293,2.0,2096.8792,1.0,1.0,0.0,1
9.215869,0.9882612,1262.41,2.0,1109.2291,1.0,0.0,1.0,0
13.296495,0.6954799,2485.3623,3.0,463.99188,4.0,2.0,0.0,0
9.05324,0.5749711,2461.9683,3.0,2953.9956,3.0,1.0,0.0,0
11.63555,0.5676984,1380.8091,2.0,3059.3147,3.0,1.0,1.0,1
12.337858,0.7987388,1840.4624,3.0,3107.3186,0.0,1.0,1.0,1
18.512072,0.7735515,968.7039,2.0,195.45894,2.0,2.0,0.0,0
7.376811,0.59211767,2871.9985,1.0,146.80328,2.0,0.0,1.0,1
24.324465,0.9410525,4569.489,3.0,4478.131,3.0,1.0,1.0,1
13.688555,0.9783742,1617.2075,0.0,3480.555,4.0,2.0,1.0,0
21.48108,0.62660784,2564.91,1.0,575.4529,1.0,0.0,1.0,1
3.361832,0.6034415,4316.309,0.0,382.4376,4.0,2.0,0.0,0
14.628997,0.60696095,2289.8704,3.0,817.6665,3.0,0.0,1.0,1
1.8183664,0.69371074,4164.739,3.0,4036.5256,2.0,1.0,0.0,0
20.601389,0.92661357,2259.6338,3.0,3618.1992,4.0,0.0,1.0,1
10.967592,0.7979803,2229.2002,0.0,3196.8794,0.0,2.0,0.0,0
28.528332,0.5337767,828.3378,1.0,3207.5461,3.0,0.0,1.0,1
10.399602,0.73648953,668.6452,1.0,4295.781,1.0,2.0,1.0,1
17.35037,0.54516584,3076.909,0.0,1673.9591,3.0,0.0,0.0,1
8.46424,0.70310706,4145.301,2.0,1617.9279,0.0,0.0,0.0,0
18.983267,0.70176005,720.2621,0.0,2132.88,3.0,1.0,0.0,0
14.544229,0.8241763,4554.965,2.0,4948.4834,0.0,0.0,1.0,1
11.7482195,0.774727,1826.4551,2.0,2778.9458,1.0,0.0,0.0,1
6.906991,0.9373774,2155.0232,2.0,2739.0366,4.0,2.0,1.0,0
4.234119,0.5081376,4477.5444,3.0,4049.873,3.0,1.0,1.0,1
4.476495,0.8869994,4486.6675,3.0,898.5419,2.0,1.0,0.0,1
29.97216,0.5113292,2648.0515,1.0,2032.951,1.0,0.0,1.0,1
12.957011,0.6521449,1419.9865,2.0,3210.3984,0.0,2.0,1.0,0
1.0559615,0.93983155,901.1004,3.0,4940.2036,0.0,0.0,1.0,0
28.634935,0.8452071,1394.3213,3.0,780.8033,3.0,1.0,1.0,1
1.5794178,0.58599836,3914.1057,2.0,2265.6135,1.0,2.0,0.0,1
13.138998,0.74539226,1656.7245,0.0,4528.853,0.0,2.0,0.0,0
21.80685,0.8609521,3488.0793,1.0,3630.4001,2.0,1.0,1.0,0
27.523378,0.9686717,1016.2441,3.0,3072.7634,1.0,0.0,0.0,0
21.673702,0.8171606,2418.593,0.0,1292.9707,4.0,2.0,0.0,0
14.445147,0.5123377,1792.9258,2.0,944.1816,1.0,0.0,0.0,0
29.25882,0.7498509,2542.881,2.0,1877.3193,1.0,1.0,0.0,1
2.1402621,0.5764808,2871.2292,0.0,1282.9884,0.0,0.0,1.0,0
29.619873,0.5238898,4955.128,1.0,4044.2947,0.0,0.0,1.0,1
25.632355,0.7992553,4504.4805,3.0,3606.31,2.0,1.0,0.0,1
27.93897,0.88846093,3494.539,2.0,4177.6387,1.0,1.0,0.0,0
8.3884,0.5180303,811.03015,3.0,863.70074,3.0,2.0,0.0,1
5.131284,0.8917946,4599.1914,1.0,1556.7471,4.0,2.0,1.0,1
20.236143,0.85319394,4468.3013,3.0,3845.0718,2.0,2.0,0.0,1
15.959924,0.87599343,4439.182,2.0,826.1066,1.0,2.0,1.0,0
16.171871,0.62236416,2421.1335,3.0,736.5692,4.0,1.0,1.0,0
27.813955,0.6967977,894.9982,1.0,1921.4639,4.0,1.0,0.0,0
18.982346,0.5598754,3784.296,1.0,940.32007,4.0,1.0,1.0,0
10.020851,0.6194455,1973.1494,0.0,403.72427,4.0,1.0,0.0,1
12.60193,0.65139484,1755.613,0.0,1570.7449,4.0,0.0,1.0,0
4.8713794,0.65971833,1984.371,0.0,4379.2417,3.0,0.0,0.0,1
6.577107,0.58751994,2817.3992,0.0,292.0993,4.0,1.0,1.0,0
5.157152,0.5943559,1700.9182,1.0,2834.8645,1.0,1.0,0.0,0
24.49845,0.9507352,3465.107,3.0,2819.3894,4.0,2.0,1.0,1
21.44133,0.8919468,3256.233,1.0,2658.8943,0.0,2.0,1.0,0
16.380005,0.6722388,2568.8699,3.0,2532.4885,4.0,0.0,1.0,1
11.8566675,0.97382176,317.1675,3.0,96.00999,1.0,0.0,0.0,1
20.386335,0.61946136,4685.886,3.0,246.78143,1.0,2.0,1.0,1
24.574255,0.7034102,2087.8965,2.0,2560.923,3.0,1.0,0.0,0
26.555763,0.90676266,2274.7932,3.0,4841.8633,0.0,0.0,0.0,1
16.86347,0.7214432,2307.3608,1.0,2045.7992,4.0,2.0,1.0,0
24.776669,0.61731267,1856.8884,2.0,2366.9106,3.0,1.0,0.0,0
15.827872,0.68426776,3389.2102,3.0,4910.495,0.0,0.0,0.0,1
14.761373,0.75036055,118.89259,0.0,3897.776,4.0,1.0,0.0,0
26.097525,0.81032217,4373.866,0.0,3852.8481,0.0,2.0,1.0,0
12.204844,0.70280325,557.0732,0.0,2528.63,4.0,2.0,1.0,0
12.481467,0.71565217,4998.5825,2.0,4490.584,4.0,0.0,1.0,1
9.842429,0.63197184,3159.009,1.0,2910.0698,3.0,1.0,1.0,0
16.04235,0.7676737,377.92004,1.0,3286.9197,3.0,1.0,1.0,0
16.800652,0.6097281,2834.0635,3.0,3939.902,4.0,2.0,0.0,0
20.153374,0.9337631,1689.9736,0.0,2038.8585,4.0,0.0,0.0,0
13.484567,0.8736835,4767.564,0.0,4766.819,3.0,2.0,0.0,0
7.3172812,0.7051395,3789.5815,1.0,4940.1562,0.0,1.0,1.0,1
26.13842,0.8736139,2559.7227,3.0,2939.8179,3.0,1.0,1.0,0
11.034025,0.50349796,2177.3982,2.0,1118.0564,1.0,1.0,0.0,0
27.76536,0.6722446,4979.551,2.0,3876.761,0.0,1.0,1.0,1
7.0132465,0.7201506,3353.5513,2.0,1617.4717,0.0,0.0,0.0,0
17.241667,0.7348993,2593.9521,1.0,2889.7466,2.0,1.0,1.0,1
16.561838,0.87436575,2019.8234,1.0,442.65057,4.0,1.0,0.0,0
25.030788,0.9814037,1656.6852,3.0,4038.8796,0.0,1.0,0.0,0
5.02669,0.68999857,3541.8262,2.0,4795.8438,0.0,1.0,1.0,1
27.388178,0.67529994,2960.0332,2.0,480.1654,0.0,1.0,1.0,1
16.411417,0.8052576,4248.515,0.0,3660.6792,0.0,0.0,0.0,0
17.997171,0.6406268,2790.1255,2.0,4305.586,2.0,1.0,0.0,0
15.794823,0.5706752,2932.5403,1.0,556.43604,4.0,0.0,1.0,0
2.0447223,0.9807704,2412.9146,1.0,1241.5144,0.0,1.0,1.0,1
15.415629,0.90476495,3824.9736,2.0,1965.4375,4.0,1.0,0.0,0
8.6429405,0.9792498,2104.2112,1.0,4185.434,4.0,0.0,1.0,1
10.937957,0.60891646,4267.101,2.0,2472.222,0.0,2.0,0.0,0
19.823946,0.50890464,1668.8716,0.0,693.4469,2.0,0.0,1.0,0
15.433217,0.7186308,3478.494,0.0,1289.2916,4.0,1.0,0.0,0
3.7033281,0.9668045,4470.206,2.0,2342.2153,3.0,1.0,0.0,0
3.118197,0.56916267,3856.9155,3.0,205.92859,0.0,2.0,0.0,0
6.3840733,0.55859274,1745.9103,3.0,3158.6753,0.0,2.0,1.0,0
6.5356693,0.5344764,3546.3782,1.0,136.35626,2.0,1.0,1.0,0
18.640722,0.882509,1074.5748,3.0,3906.548,4.0,2.0,0.0,0
6.1566195,0.8929633,337.91714,1.0,3671.9163,4.0,0.0,1.0,0
26.569862,0.847688,3967.3396,3.0,4328.5454,2.0,2.0,0.0,0
7.0830593,0.5266459,4049.645,1.0,796.9866,2.0,0.0,1.0,0
3.642812,0.86164415,163.50815,0.0,3016.9001,2.0,2.0,1.0,0
26.396635,0.7243144,4741.5854,0.0,3907.3276,2.0,0.0,1.0,1
9.5645,0.5789472,2257.204,3.0,2583.5864,3.0,0.0,0.0,0
13.337256,0.647563,4531.097,2.0,662.71356,1.0,2.0,0.0,1
28.811766,0.7505734,3951.4639,0.0,503.63882,2.0,2.0,0.0,0
28.386707,0.66482574,4508.235,3.0,3033.428,3.0,1.0,1.0,0
21.73259,0.9848746,4175.2095,0.0,2493.062,2.0,2.0,0.0,0
2.9992297,0.73737085,4871.277,1.0,4648.505,4.0,0.0,0.0,1
18.206863,0.68607527,3164.05,2.0,4170.865,3.0,1.0,0.0,0
29.68326,0.8365827,1174.9313,0.0,3621.5085,3.0,0.0,1.0,1
28.460571,0.8252725,1978.3375,3.0,4912.1597,4.0,1.0,0.0,0
4.0740724,0.50121963,3771.8022,2.0,3476.1074,2.0,1.0,1.0,0
12.483052,0.8092368,826.9979,3.0,470.89005,1.0,1.0,1.0,0
10.150566,0.62188447,4652.7197,3.0,397.03925,2.0,0.0,1.0,1
4.762115,0.6876168,1066.1306,3.0,4081.1873,4.0,0.0,0.0,0
21.14915,0.85317445,4386.075,0.0,1809.9109,4.0,0.0,1.0,1
8.941603,0.77869314,2444.4336,0.0,4622.1763,1.0,0.0,1.0,0
11.001108,0.68432754,4211.07,0.0,600.0547,2.0,1.0,1.0,0
3.6204073,0.5837052,4793.5635,0.0,1001.9472,1.0,0.0,1.0,0
15.441059,0.7527411,2139.63,2.0,3868.1057,0.0,2.0,1.0,1
5.586868,0.659683,3498.1924,0.0,4238.8975,1.0,1.0,1.0,1
13.5306225,0.95646393,1172.2522,1.0,4337.3096,0.0,0.0,0.0,0
5.1569242,0.76717335,4013.8894,2.0,504.70493,1.0,2.0,1.0,0
28.661646,0.93298197,4108.632,2.0,1915.1935,0.0,0.0,1.0,1
5.2044935,0.69509053,1511.4662,1.0,3235.468,1.0,0.0,1.0,0
16.134727,0.9137186,169.49678,0.0,4594.79,3.0,1.0,0.0,0
6.7124147,0.52826846,2184.466,0.0,1202.685,4.0,0.0,0.0,0
3.2144923,0.64905953,891.5026,3.0,3005.711,4.0,2.0,1.0,0
6.86695,0.53908795,4101.8276,1.0,726.16125,2.0,2.0,1.0,0
2.588449,0.5158251,1342.4315,2.0,3738.9207,2.0,1.0,0.0,0
5.0425243,0.9594311,4721.2793,2.0,646.34705,4.0,2.0,0.0,0
15.311041,0.8584344,4860.4546,1.0,4999.9126,2.0,0.0,1.0,0
19.90265,0.812555,4548.738,2.0,470.41183,0.0,1.0,0.0,0
3.5328546,0.7662464,3018.0916,1.0,3429.8325,4.0,2.0,0.0,1
13.78954,0.78477705,1373.7687,1.0,3887.4238,3.0,1.0,1.0,0
17.856163,0.8193452,4045.9292,3.0,1297.369,3.0,2.0,1.0,0
7.792545,0.9132899,3522.8972,1.0,1281.5951,0.0,1.0,0.0,0
11.790274,0.7984443,4886.9834,2.0,2984.7737,2.0,2.0,0.0,0
3.0832112,0.8742904,1917.3975,2.0,3156.068,2.0,1.0,1.0,0
7.3838015,0.64048904,340.90158,0.0,3605.4246,4.0,0.0,1.0,0
14.535835,0.98838085,4992.012,2.0,2905.667,1.0,2.0,1.0,1
29.722824,0.5159486,4199.405,3.0,880.5892,1.0,0.0,0.0,1
29.891687,0.6932883,1146.3739,1.0,4621.476,3.0,0.0,1.0,1
29.409029,0.9410248,3641.858,3.0,841.3918,0.0,2.0,1.0,0
13.2695055,0.59026146,53.416367,0.0,2830.5403,3.0,2.0,0.0,0
3.339731,0.57066905,2811.1548,0.0,4600.814,0.0,1.0,1.0,0
10.38363,0.68271536,1846.0493,3.0,4565.7183,1.0,1.0,0.0,0
7.893717,0.7140973,1937.5985,3.0,847.85333,2.0,2.0,0.0,0
1.4096707,0.96669704,1260.373,3.0,1200.6274,0.0,2.0,0.0,0
3.7617748,0.91805977,1410.4838,2.0,3013.2344,0.0,2.0,0.0,0
14.142566,0.7320448,2300.6099,0.0,1692.4501,2.0,0.0,0.0,0
10.850211,0.98648757,1278.3179,1.0,3657.1074,3.0,0.0,0.0,0
6.230258,0.8211392,2358.8777,2.0,2616.7976,1.0,2.0,1.0,1
21.7669,0.9368294,2907.8713,0.0,1337.7894,1.0,1.0,0.0,0
11.356352,0.6230285,3570.0015,2.0,2061.079,3.0,1.0,1.0,0
25.704168,0.74448204,3401.8708,0.0,3458.6443,4.0,1.0,0.0,1
7.9883375,0.5148586,1247.8469,0.0,3927.8555,2.0,1.0,1.0,0
16.61341,0.50444007,243.98848,0.0,1854.1094,2.0,0.0,0.0,0
6.3400373,0.85272664,4171.7754,0.0,533.8771,4.0,1.0,1.0,0
15.363718,0.5591468,4367.9487,0.0,1772.8523,0.0,0.0,0.0,1
5.421529,0.77390414,4895.503,3.0,3156.0488,4.0,0.0,0.0,0
5.68578,0.84800375,4800.5723,3.0,3801.5625,2.0,2.0,1.0,1
18.754478,0.5161173,3187.3794,2.0,4399.4995,1.0,0.0,0.0,1
8.649796,0.7243707,4476.645,1.0,4810.09,3.0,2.0,0.0,1
5.9986496,0.84207594,2267.6416,0.0,2651.5273,4.0,0.0,1.0,0
27.96328,0.94486547,3947.3115,3.0,4402.2354,4.0,2.0,1.0,1
2.2470942,0.64961505,4778.906,3.0,1317.7693,3.0,0.0,0.0,1
17.389296,0.9871083,3991.5789,3.0,2802.662,2.0,2.0,0.0,0
16.89965,0.9222708,2108.0386,1.0,2701.5308,0.0,1.0,0.0,0
8.267657,0.82531756,1919.9083,0.0,3845.7837,0.0,2.0,0.0,0
14.130381,0.6959627,1493.1366,2.0,3867.883,4.0,2.0,1.0,1
3.5443957,0.8555552,1866.9645,1.0,1433.8613,0.0,1.0,0.0,0
21.916834,0.9080966,4111.8545,1.0,4430.4487,2.0,2.0,0.0,0
7.4292173,0.65164995,3522.4265,1.0,4458.55,2.0,2.0,0.0,0
6.6081753,0.996415,1286.902,0.0,4741.725,3.0,1.0,0.0,0
10.131475,0.9543097,3572.0989,3.0,2293.6453,1.0,0.0,1.0,0
27.168728,0.7427507,1928.0076,0.0,4937.1973,3.0,0.0,0.0,0
24.097532,0.86141497,2810.9739,3.0,3926.7075,2.0,1.0,1.0,1
28.459877,0.76200444,1883.3279,3.0,3269.405,4.0,1.0,0.0,1
19.906908,0.88046527,2632.0652,0.0,2166.9673,0.0,1.0,0.0,0
20.224724,0.91349113,3662.5293,2.0,4213.732,3.0,2.0,1.0,0
14.920899,0.5116113,3669.0967,0.0,3823.0464,3.0,0.0,1.0,0
27.250402,0.53956604,3778.2537,3.0,2931.9358,4.0,2.0,0.0,1
15.815437,0.6682337,1985.6421,2.0,4985.758,2.0,2.0,1.0,1
11.296742,0.9588068,3467.9524,0.0,1254.8123,1.0,0.0,1.0,1
19.570875,0.6991368,1231.6226,3.0,3212.353,2.0,2.0,1.0,0
16.838045,0.9437561,2413.2708,3.0,1612.4246,4.0,2.0,0.0,1
4.596575,0.73121697,2936.3792,3.0,2294.6377,0.0,1.0,1.0,0
12.389037,0.64442647,3448.087,1.0,1701.343,3.0,2.0,0.0,0
10.086437,0.95032257,4564.3804,3.0,1679.4304,1.0,2.0,1.0,0
25.55818,0.78033537,1558.6047,2.0,1890.3623,3.0,2.0,0.0,1
11.986434,0.6802421,4234.165,2.0,292.8311,2.0,1.0,1.0,1
24.825102,0.5222035,1590.0651,1.0,208.9068,4.0,1.0,1.0,0
13.829298,0.5554666,2781.9517,1.0,3627.362,0.0,1.0,0.0,1
22.851517,0.5696552,4149.094,2.0,1561.4337,0.0,1.0,1.0,0
4.923176,0.68241817,3629.5906,2.0,115.86091,4.0,1.0,1.0,0
27.814856,0.8036665,4321.205,0.0,416.59097,1.0,2.0,1.0,1
14.936236,0.65379506,4083.6619,1.0,987.2877,0.0,0.0,0.0,0
8.534149,0.53276384,1417.919,0.0,250.57916,4.0,2.0,1.0,0
8.003199,0.6324044,4965.0366,1.0,4731.2744,2.0,1.0,0.0,1
8.687242,0.7043408,4688.142,3.0,2846.1208,4.0,2.0,0.0,0
11.635001,0.99613494,2179.3643,2.0,1976.1816,2.0,0.0,1.0,0
21.808067,0.69649345,283.6869,0.0,2668.2341,3.0,2.0,1.0,1
28.538488,0.5445977,1552.3085,2.0,572.9723,2.0,1.0,0.0,0
20.402086,0.7905574,4188.955,0.0,3512.2095,2.0,2.0,1.0,0
16.867823,0.95982003,4756.8086,0.0,4848.2563,2.0,1.0,0.0,1
14.009336,0.89334786,4166.7764,3.0,661.9791,1.0,2.0,1.0,0
25.01764,0.9181092,2013.879,0.0,771.4746,3.0,1.0,1.0,1
25.640059,0.9641159,329.85568,1.0,3147.0303,2.0,0.0,0.0,0
9.498093,0.81827176,2612.0352,0.0,768.1303,0.0,0.0,1.0,0
28.649187,0.9974614,1913.0934,2.0,639.0034,1.0,1.0,1.0,0
12.458345,0.5166408,658.7133,2.0,3355.7144,2.0,1.0,1.0,0
24.202265,0.91741985,573.97406,3.0,3097.1008,4.0,1.0,1.0,1
29.037777,0.92850536,807.5326,3.0,1096.5077,2.0,2.0,1.0,0
21.406084,0.9583502,1068.8271,2.0,4117.663,2.0,2.0,1.0,1
5.684971,0.7390847,3781.2427,1.0,535.2017,0.0,0.0,0.0,0
17.997972,0.893878,1939.4321,0.0,1669.5487,1.0,1.0,0.0,1
4.4445367,0.5975402,2212.8438,3.0,3696.9495,1.0,0.0,1.0,1
23.885118,0.8015651,3011.9875,2.0,3073.367,2.0,1.0,0.0,1
9.15814,0.6793226,4802.6606,0.0,3004.354,4.0,1.0,0.0,0
21.16123,0.7980868,3794.5217,2.0,3434.5078,4.0,2.0,0.0,0
27.392601,0.83778024,3246.2773,1.0,3235.8489,1.0,1.0,1.0,0
6.2492857,0.67353433,3731.969,1.0,4372.611,3.0,1.0,1.0,0
12.392878,0.60811913,3610.498,1.0,2848.1492,4.0,1.0,1.0,0
19.766445,0.66084397,3466.734,3.0,2012.4095,1.0,0.0,0.0,1
13.170099,0.8319786,2507.2153,0.0,3832.7856,2.0,0.0,0.0,0
6.0697494,0.83843714,2855.893,3.0,1303.6061,2.0,2.0,1.0,0
1.8430768,0.87065846,2334.3828,0.0,3800.3643,0.0,0.0,0.0,0
12.791347,0.5632683,2005.0446,0.0,1407.12,2.0,1.0,0.0,0
19.827063,0.9092587,1390.302,2.0,2407.1,0.0,2.0,0.0,0
17.645542,0.8440739,1808.3053,0.0,3698.5747,1.0,0.0,0.0,0
5.530996,0.51525253,2171.2217,3.0,3142.0195,0.0,2.0,0.0,1
14.07011,0.66779894,2917.928,2.0,437.58835,3.0,1.0,0.0,0
11.714661,0.73335564,2524.3818,1.0,2238.3328,4.0,0.0,0.0,1
8.95187,0.68030876,584.34735,1.0,4061.1592,1.0,2.0,1.0,0
22.148867,0.5587084,1732.8696,3.0,4983.8574,0.0,1.0,1.0,1
9.979909,0.60367316,1912.1577,3.0,2339.322,2.0,0.0,0.0,1
16.664116,0.5122807,3549.2834,2.0,438.76935,0.0,1.0,0.0,1
27.773483,0.5465386,1697.8158,0.0,1837.2667,2.0,1.0,1.0,1
16.639004,0.63315004,89.38129,2.0,2454.7158,2.0,2.0,1.0,0
18.893665,0.9099851,467.46628,0.0,376.40836,2.0,1.0,1.0,0
3.1241336,0.7633188,2510.142,1.0,4322.6523,2.0,0.0,1.0,0
6.16589,0.7122489,983.05273,2.0,2698.5676,2.0,2.0,1.0,0
3.927585,0.83108145,2498.3809,1.0,2086.4167,0.0,2.0,1.0,0
23.179575,0.7707553,2892.3167,3.0,1991.9507,3.0,1.0,1.0,0
25.24171,0.565757,4670.5176,3.0,151.2596,3.0,2.0,0.0,0
6.4072037,0.6113117,3295.1206,0.0,2599.1895,0.0,1.0,1.0,0
7.358881,0.6112612,203.65158,3.0,2383.1248,2.0,0.0,0.0,0
10.373012,0.7999762,1934.6161,3.0,1735.9674,1.0,2.0,1.0,1
18.14125,0.7308122,3977.612,0.0,3296.7998,1.0,0.0,1.0,1
19.03209,0.6937925,1339.7842,1.0,2061.051,3.0,2.0,0.0,0
20.915865,0.7783196,4628.6167,3.0,2863.1023,2.0,2.0,0.0,1
27.25059,0.9850579,2668.603,0.0,4426.362,4.0,0.0,1.0,1
9.556164,0.65709674,507.6161,0.0,1825.7947,2.0,0.0,0.0,0
20.104012,0.76009774,1246.2692,2.0,1995.64,0.0,1.0,1.0,1
17.231962,0.740185,4536.181,3.0,4330.861,3.0,1.0,1.0,0
9.86928,0.8583215,4957.7256,1.0,1796.8887,0.0,2.0,0.0,1
27.31504,0.86514515,4321.9287,3.0,2202.421,1.0,0.0,0.0,1
3.769019,0.86453533,1637.3496,2.0,4006.053,4.0,0.0,0.0,0
21.64803,0.6007598,3855.654,0.0,2963.4158,4.0,1.0,0.0,1
22.108337,0.72454655,1150.0269,1.0,4670.0903,0.0,2.0,1.0,1
27.54447,0.9055874,1953.3854,2.0,2358.6082,4.0,2.0,0.0,0
16.038837,0.6907651,3500.9822,1.0,2400.3418,4.0,1.0,1.0,1
10.327047,0.99212754,4846.0615,0.0,224.21257,4.0,0.0,0.0,0
25.00448,0.6823934,2224.0315,0.0,994.5428,4.0,0.0,0.0,0
23.353498,0.7488334,2504.3904,2.0,2704.5967,0.0,1.0,1.0,1
15.509152,0.7372628,1139.8342,3.0,943.68207,0.0,0.0,1.0,0
23.267864,0.7168319,2045.9526,1.0,2273.381,3.0,2.0,0.0,0
8.768393,0.9228157,361.9421,3.0,1423.7527,0.0,0.0,0.0,0
18.095684,0.5776376,4300.0,2.0,113.85852,1.0,1.0,0.0,1
26.09032,0.7838324,165.50621,1.0,2380.7961,4.0,2.0,0.0,1
10.221551,0.8093008,3433.4468,2.0,3234.8872,4.0,1.0,0.0,1
15.022949,0.92561066,1402.4474,1.0,1697.7861,1.0,2.0,1.0,0
28.580301,0.80460006,2406.7417,3.0,3884.8696,2.0,1.0,0.0,0
24.148144,0.98001015,1443.7142,3.0,738.80914,2.0,2.0,0.0,0
26.724133,0.93608385,2030.3499,3.0,465.54575,1.0,1.0,0.0,0
12.172165,0.67437,2756.5505,0.0,4674.859,1.0,2.0,1.0,1
29.898653,0.9299532,3222.4224,0.0,4609.0664,2.0,2.0,1.0,0
5.4244027,0.9792389,4704.4165,3.0,2038.6558,3.0,1.0,1.0,0
16.044348,0.6285986,1694.3944,3.0,2105.4602,4.0,0.0,0.0,0
14.898928,0.8051044,2945.0447,2.0,4256.6675,4.0,2.0,0.0,0
24.154533,0.640902,4513.5244,0.0,2657.3003,0.0,2.0,1.0,1
27.349915,0.8247836,1486.6475,3.0,594.3978,3.0,2.0,0.0,0
22.203041,0.5468214,4331.9976,1.0,583.2185,3.0,1.0,0.0,1
19.177671,0.86709404,4789.898,1.0,664.3424,0.0,1.0,1.0,0
13.395447,0.7099099,4245.0938,1.0,3906.0183,4.0,0.0,1.0,1
15.799452,0.7936536,2870.8096,1.0,3013.4624,2.0,2.0,1.0,0
15.769709,0.5129312,3624.472,1.0,1505.8333,3.0,2.0,0.0,0
1.5906857,0.84772074,2431.2761,1.0,818.74634,3.0,2.0,1.0,0
15.588328,0.7479957,3006.4163,2.0,626.08295,1.0,0.0,1.0,0
25.823153,0.8126255,4873.6465,0.0,3709.5237,1.0,1.0,1.0,1
21.568947,0.657834,1293.0468,1.0,4430.454,1.0,1.0,1.0,0
24.07555,0.5729101,3973.1082,0.0,2660.081,3.0,0.0,1.0,1
12.324064,0.7177145,2555.854,2.0,3865.8235,3.0,0.0,0.0,1
16.340223,0.9719896,925.5226,3.0,1422.8108,3.0,1.0,0.0,0
1.9710236,0.613897,3235.5002,3.0,2932.4624,0.0,1.0,1.0,0
12.10694,0.83791953,3972.5132,0.0,2195.814,0.0,2.0,0.0,0
14.758065,0.5249218,2865.3413,2.0,447.59402,3.0,2.0,1.0,0
8.401058,0.8590499,4195.2925,0.0,2441.9602,4.0,2.0,0.0,0
1.9059883,0.6192186,1861.0497,1.0,4235.466,1.0,2.0,0.0,0
21.021835,0.72575855,4573.1533,1.0,268.39478,2.0,2.0,0.0,0
13.617545,0.6838766,3259.1846,2.0,2390.7588,4.0,1.0,0.0,1
13.054667,0.55642015,4025.6387,1.0,4367.5825,1.0,2.0,1.0,0
8.249616,0.672791,1401.2764,2.0,3952.459,2.0,2.0,1.0,0
16.597082,0.6750625,2258.3352,2.0,2472.3154,0.0,0.0,1.0,1
13.702777,0.76105285,4552.606,3.0,865.00977,1.0,0.0,0.0,0
14.74555,0.9861758,301.93298,0.0,4244.1455,1.0,2.0,1.0,0
17.845268,0.7350088,2049.7095,3.0,774.14154,3.0,0.0,0.0,0
1.1834148,0.9572131,3912.5774,3.0,1391.3353,1.0,1.0,1.0,0
27.323181,0.7307788,3731.8828,2.0,630.1332,2.0,1.0,0.0,0
3.0615344,0.5537717,4265.533,3.0,2300.4556,1.0,2.0,0.0,0
14.0768175,0.6150764,3709.9822,0.0,3149.6978,0.0,2.0,1.0,0
7.0138135,0.70375884,4738.106,0.0,4137.3203,3.0,0.0,1.0,1
16.18969,0.6626844,2516.3848,0.0,2312.0747,3.0,0.0,0.0,0
9.126673,0.9329146,3140.2346,3.0,4853.894,3.0,0.0,0.0,0
25.94019,0.8393228,4246.1436,1.0,2983.3264,2.0,2.0,0.0,1
12.494435,0.78915423,3523.37,1.0,3026.006,0.0,1.0,1.0,0
19.52391,0.74561477,555.1808,2.0,884.68726,2.0,1.0,0.0,0
8.217512,0.6986353,1866.6324,1.0,958.679,3.0,1.0,1.0,0
1.5627784,0.8060962,2785.3245,2.0,2887.3645,2.0,2.0,1.0,0
12.720482,0.5623036,3785.8518,3.0,3607.1882,3.0,0.0,1.0,1
16.558107,0.5812666,2740.6594,1.0,1031.4863,1.0,1.0,0.0,1
14.326867,0.65155816,3898.8687,3.0,2425.2483,2.0,0.0,1.0,1
28.898417,0.5855923,4196.167,2.0,1787.4384,1.0,1.0,1.0,1
21.498337,0.8385494,1362.3849,1.0,2199.4312,4.0,1.0,0.0,0
29.874424,0.5123842,3099.686,3.0,1118.4333,0.0,2.0,1.0,1
9.556743,0.58008873,2807.6963,1.0,712.2071,1.0,2.0,1.0,1
23.882545,0.9513041,1175.2205,0.0,1609.3002,3.0,2.0,1.0,0
17.111195,0.99877155,2474.8965,1.0,4345.894,0.0,0.0,0.0,0
18.74105,0.7437952,2765.413,3.0,4028.0767,2.0,2.0,1.0,0
29.589743,0.747685,4095.8323,2.0,517.25415,0.0,0.0,1.0,1
19.96563,0.8866994,2331.8975,2.0,448.1645,2.0,1.0,0.0,0
27.06569,0.5180948,450.53412,2.0,2469.8267,1.0,1.0,0.0,0
22.046757,0.71351075,2462.115,0.0,1394.1372,0.0,0.0,0.0,0
4.6941977,0.54991394,4197.857,0.0,4118.8945,2.0,2.0,1.0,1
21.283287,0.7004632,2877.7146,1.0,2436.0442,1.0,2.0,0.0,0
15.045152,0.99191093,1628.3829,3.0,4265.0117,0.0,1.0,0.0,0
27.645142,0.87681663,4608.806,0.0,549.9121,2.0,1.0,0.0,0
24.3982,0.99252295,820.47437,2.0,4850.6846,2.0,2.0,1.0,0
4.019906,0.8730243,1668.0444,3.0,3837.8357,3.0,1.0,1.0,0
4.8835535,0.80405504,2213.8167,0.0,3662.064,4.0,0.0,1.0,0
3.018719,0.8771104,3702.9905,0.0,4701.6787,3.0,1.0,1.0,0
15.304101,0.82954586,4186.947,3.0,2356.8108,3.0,1.0,0.0,0
3.342381,0.732033,339.87436,0.0,752.9557,3.0,0.0,1.0,0
21.986671,0.6462732,3970.5774,2.0,2489.5347,3.0,2.0,1.0,0
17.018398,0.76008904,3616.6157,3.0,4077.967,3.0,2.0,0.0,0
25.240665,0.6292467,4478.529,1.0,4299.119,3.0,1.0,1.0,0
9.114078,0.74333817,4507.193,1.0,2447.843,2.0,2.0,1.0,1
16.055082,0.5730677,3898.7515,2.0,3664.188,3.0,1.0,1.0,0
4.406911,0.78269756,991.5033,2.0,1242.294,4.0,1.0,1.0,0
26.65369,0.62264186,1603.664,3.0,1160.4297,2.0,2.0,0.0,1
6.075144,0.64680403,4684.7827,2.0,2935.435,1.0,1.0,0.0,0
3.9685054,0.74951404,3010.9578,3.0,2114.5383,2.0,1.0,1.0,1
6.9464674,0.5812631,2716.8657,0.0,813.65155,0.0,2.0,1.0,1
24.380713,0.98118997,4582.7617,1.0,3809.1987,1.0,0.0,0.0,0
4.068621,0.7234722,4377.2827,0.0,2665.4158,4.0,0.0,0.0,0
18.818398,0.6761396,3651.106,2.0,2606.7576,0.0,0.0,0.0,0
22.639257,0.5145983,4417.149,0.0,954.6545,4.0,0.0,0.0,1
22.781353,0.92162716,613.48315,3.0,1213.2917,2.0,2.0,0.0,0
6.5117655,0.81291693,3799.8425,3.0,3466.6123,1.0,1.0,0.0,0
2.787096,0.7082026,4829.919,3.0,4260.9966,2.0,2.0,1.0,0
14.015385,0.6227664,292.43512,3.0,894.28864,4.0,1.0,1.0,0
6.872075,0.8725687,1154.0759,0.0,4063.6052,0.0,0.0,0.0,0
21.278854,0.9727373,3980.1436,2.0,3942.595,2.0,0.0,1.0,1
11.344091,0.69040483,2624.2334,2.0,4076.41,1.0,1.0,1.0,1
14.031264,0.567438,478.76086,2.0,2912.9016,2.0,0.0,0.0,0
4.291063,0.5545974,1376.3922,3.0,1765.6917,3.0,1.0,0.0,0
17.458958,0.503181,1654.095,2.0,3857.3943,4.0,1.0,0.0,0
6.3802013,0.87197775,1639.2605,0.0,2404.9277,1.0,0.0,0.0,0
20.690584,0.9906977,4394.48,3.0,1117.1018,3.0,1.0,0.0,0
3.063896,0.9964089,3327.0806,1.0,2017.9099,2.0,2.0,1.0,0
29.300943,0.8920986,3687.8406,1.0,2294.007,2.0,2.0,1.0,0
20.851282,0.5810919,117.17194,2.0,2531.6724,0.0,1.0,0.0,1
6.2701573,0.9888547,2166.1843,3.0,4488.8423,4.0,0.0,1.0,0
1.4087447,0.6639067,1623.2122,2.0,2061.7134,0.0,2.0,0.0,0
10.699424,0.6668098,4267.031,0.0,1431.2059,0.0,1.0,0.0,0
5.431585,0.84366846,4771.655,2.0,4812.116,3.0,2.0,0.0,0
7.3339286,0.52452457,2145.537,2.0,1217.3215,2.0,0.0,1.0,0
26.309757,0.9128849,4866.65,0.0,65.47029,0.0,0.0,0.0,1
18.492935,0.99864864,121.07806,2.0,4250.607,3.0,0.0,1.0,0
6.117272,0.8875349,1662.311,3.0,4772.6846,1.0,2.0,0.0,1
17.143122,0.89083827,3885.9094,3.0,3413.8384,4.0,2.0,0.0,0
8.417639,0.6951568,1832.4932,1.0,2044.1718,4.0,2.0,1.0,0
29.309826,0.5329607,4608.7637,2.0,2723.336,2.0,1.0,1.0,1
1.9499596,0.8963337,1131.4012,3.0,4161.688,2.0,0.0,1.0,0
22.237234,0.79857904,3988.5503,2.0,4427.848,2.0,0.0,1.0,0
23.416914,0.95466936,1048.4261,1.0,521.6042,3.0,0.0,0.0,0
2.94772,0.55798143,1025.6693,0.0,4341.3037,4.0,0.0,1.0,0
5.9842114,0.65256155,2256.4592,0.0,3090.5757,3.0,2.0,0.0,0
12.144893,0.6803281,4727.456,2.0,171.06998,0.0,2.0,0.0,0
26.17649,0.8416399,2948.002,3.0,551.3436,0.0,2.0,1.0,1
16.572998,0.89387256,3193.4128,2.0,237.21573,3.0,2.0,0.0,0
20.003899,0.9805102,98.17673,3.0,4743.307,1.0,2.0,0.0,0
23.707373,0.6477036,330.24527,2.0,2138.3242,2.0,0.0,0.0,0
25.01556,0.7468182,381.32343,1.0,3580.922,2.0,0.0,0.0,0
14.812252,0.5144805,4107.229,2.0,18.569532,2.0,0.0,1.0,1
15.755001,0.62649393,1222.418,1.0,3967.9282,1.0,2.0,0.0,0
21.82217,0.68700176,1677.749,0.0,2415.3567,0.0,2.0,1.0,0
8.636929,0.7969031,3069.2664,2.0,4618.7773,1.0,2.0,1.0,1
25.780203,0.73542273,2940.574,2.0,2609.2786,3.0,1.0,0.0,1
1.6028179,0.6822375,2082.121,3.0,3946.1128,3.0,0.0,1.0,0
6.6773763,0.81203896,71.28602,0.0,3151.0388,4.0,1.0,1.0,0
24.2058,0.91430783,2275.5327,1.0,2607.487,0.0,0.0,0.0,0
10.867488,0.62084055,3707.469,0.0,4741.7383,0.0,0.0,1.0,1
5.3451524,0.6714379,1214.4346,3.0,2483.04,0.0,1.0,0.0,0
6.415888,0.8524618,3556.372,3.0,4463.018,2.0,0.0,1.0,1
16.391935,0.8889703,125.006454,1.0,190.02737,2.0,2.0,1.0,0
25.539265,0.91269845,4544.6387,3.0,3290.52,0.0,2.0,0.0,1
3.0488708,0.60466564,4752.694,2.0,4559.1914,2.0,0.0,0.0,0
1.8839464,0.7696335,62.18434,1.0,4497.384,0.0,0.0,0.0,0
14.489876,0.95000553,2316.2012,1.0,2430.4177,3.0,2.0,0.0,1
28.729435,0.69597524,2098.4187,2.0,2365.765,2.0,0.0,1.0,0
9.091285,0.71494156,4217.3228,0.0,4054.4622,0.0,0.0,1.0,0
28.815947,0.9924115,2726.5718,0.0,1681.7292,0.0,2.0,0.0,0
26.742754,0.5565263,3076.259,3.0,4686.4355,3.0,2.0,0.0,0
9.210917,0.85280097,1052.4047,0.0,1260.9138,4.0,1.0,1.0,0
24.691494,0.92509204,431.4701,0.0,381.24515,4.0,0.0,0.0,0
20.890152,0.5753968,3477.0388,3.0,3861.9006,2.0,2.0,1.0,1
15.84285,0.8572266,3122.3462,3.0,2029.574,2.0,2.0,1.0,0
13.264568,0.7348691,4170.0273,3.0,1785.3291,4.0,1.0,0.0,0
24.64958,0.9264454,4231.183,0.0,1611.3407,4.0,1.0,1.0,0
23.999304,0.9537262,3173.6245,3.0,4902.4067,4.0,1.0,0.0,1
22.951153,0.93624246,2714.889,1.0,2862.6665,1.0,1.0,0.0,0
29.949423,0.5321926,4574.341,0.0,4959.653,2.0,1.0,1.0,1
14.876862,0.8784276,4016.2576,3.0,1724.4691,0.0,2.0,0.0,0
24.400766,0.9607638,4418.004,1.0,2075.7065,0.0,0.0,1.0,0
26.011873,0.81067425,4979.4126,2.0,1066.6959,1.0,0.0,0.0,0
7.136475,0.80043805,2047.3536,0.0,2157.5168,4.0,0.0,1.0,0
2.2199268,0.5225027,3598.8267,0.0,319.40665,2.0,0.0,0.0,0
12.737703,0.9280165,3455.9358,3.0,12.783681,2.0,1.0,1.0,0
25.845364,0.52320176,912.0064,2.0,2270.8367,4.0,0.0,0.0,0
9.383995,0.6567548,3200.9155,3.0,3732.6594,2.0,0.0,0.0,0
21.300295,0.9629315,2169.042,0.0,2190.955,1.0,1.0,0.0,0
1.213096,0.9748726,2280.6462,3.0,2594.847,3.0,2.0,0.0,0
11.305569,0.9959503,941.68304,3.0,2233.6233,1.0,2.0,0.0,0
18.849983,0.73820114,3736.4597,3.0,2638.7534,1.0,0.0,0.0,1
4.7629585,0.5887148,3504.8079,0.0,3880.2642,4.0,0.0,0.0,0
27.0016,0.74397224,2684.8362,0.0,4020.8936,2.0,2.0,0.0,0
5.531945,0.55115646,825.76,2.0,4191.9097,1.0,2.0,0.0,0
27.384012,0.93626803,2806.4807,0.0,1070.0253,4.0,2.0,0.0,0
7.27529,0.7802686,545.66046,0.0,2294.6438,3.0,1.0,1.0,0
29.834082,0.7022529,1729.8915,3.0,4156.7183,3.0,0.0,0.0,0
18.537712,0.53976536,1893.1713,2.0,4709.976,1.0,2.0,1.0,0
3.446002,0.7026203,4422.9556,3.0,2719.487,3.0,0.0,0.0,0
2.8930397,0.9330958,2107.0322,3.0,2470.0698,4.0,1.0,1.0,1
3.1727293,0.851703,3012.4258,0.0,3825.328,0.0,1.0,0.0,0
18.10689,0.54122776,4380.156,3.0,4958.5547,0.0,2.0,1.0,1
24.477797,0.5799536,2157.5093,0.0,2135.4016,2.0,1.0,0.0,0
12.68592,0.69615424,4424.3325,1.0,833.8474,3.0,1.0,1.0,1
13.900237,0.55068755,725.4835,1.0,4173.191,0.0,1.0,1.0,0
18.089344,0.9670206,1855.9736,0.0,3555.0217,2.0,2.0,0.0,0
16.458178,0.826146,518.8999,2.0,733.9281,0.0,2.0,1.0,1
20.95379,0.5474115,2826.6016,0.0,1624.3114,4.0,1.0,1.0,1
14.681786,0.8940287,4788.5464,3.0,2770.5847,3.0,0.0,0.0,1
21.70196,0.68420297,3301.9116,3.0,3660.0132,4.0,1.0,1.0,0
29.922012,0.62243533,3149.0742,2.0,3905.4265,1.0,1.0,0.0,0
11.158637,0.78499246,1426.8853,0.0,787.09955,3.0,2.0,1.0,0
1.3542484,0.5066861,4658.9785,2.0,1091.5858,1.0,2.0,1.0,0
4.6431265,0.73269886,2384.0972,2.0,3723.1714,0.0,1.0,1.0,0
17.051912,0.9219025,1371.6602,1.0,589.40076,2.0,2.0,1.0,1
10.983476,0.9640288,4939.1147,1.0,2495.8196,2.0,0.0,0.0,0
28.259495,0.67127734,2144.4634,1.0,2734.5007,2.0,1.0,0.0,0
19.195936,0.8212183,1888.9199,3.0,1703.3792,4.0,1.0,1.0,1
16.0903,0.6134117,223.05827,0.0,3983.7178,1.0,2.0,0.0,0
24.143145,0.78010654,932.5601,2.0,286.5249,3.0,2.0,1.0,0
8.499106,0.62701386,4055.4973,1.0,3889.448,0.0,2.0,0.0,0
24.772417,0.78567827,2439.3408,2.0,3233.7034,4.0,2.0,1.0,1
1.088772,0.5858611,4776.63,0.0,2541.0156,2.0,2.0,1.0,1
18.970644,0.9706163,465.23474,3.0,4363.1396,3.0,0.0,0.0,1
28.107958,0.94345874,3098.92,1.0,1019.2097,1.0,0.0,1.0,0
23.847939,0.6684591,3613.9216,3.0,4005.8625,1.0,2.0,0.0,1
25.755392,0.8883315,3124.8564,0.0,946.99493,4.0,1.0,1.0,0
12.511686,0.5477521,2672.894,2.0,4952.326,0.0,1.0,1.0,1
24.90293,0.8701804,2912.5767,2.0,173.4962,2.0,1.0,0.0,0
16.97412,0.64122957,3463.2705,3.0,2770.4543,1.0,0.0,0.0,0
18.937666,0.5678209,4323.1543,0.0,848.40393,1.0,0.0,1.0,1
2.7085447,0.8390956,1714.906,2.0,2045.7955,3.0,0.0,1.0,0
6.8449993,0.7349034,2325.2876,0.0,748.2539,3.0,1.0,0.0,0
16.977968,0.7650698,3197.7524,1.0,977.189,2.0,0.0,0.0,0
2.7052307,0.7602649,1605.369,0.0,314.29272,3.0,0.0,0.0,0
22.501957,0.529724,934.97516,0.0,49.93769,0.0,2.0,0.0,1
25.361652,0.52569014,4832.535,3.0,3599.3364,1.0,2.0,1.0,1
27.690508,0.8005838,1013.908,2.0,2272.768,3.0,0.0,1.0,0
3.9512854,0.8119323,1202.0288,3.0,237.505,3.0,2.0,0.0,0
28.251886,0.5235873,3112.496,2.0,4695.4595,0.0,0.0,1.0,0
2.9609802,0.68921965,432.97314,2.0,3331.3945,4.0,1.0,0.0,0
14.74763,0.80642563,218.53589,0.0,1328.7229,2.0,1.0,1.0,0
25.36728,0.82834035,366.86734,3.0,2199.0889,1.0,1.0,0.0,0
3.039023,0.9141379,660.155,0.0,2451.4407,2.0,2.0,1.0,0
1.5287011,0.71036613,2174.5244,0.0,2853.9397,1.0,0.0,0.0,0
1.7234838,0.7741289,4154.8403,2.0,4288.677,2.0,1.0,1.0,1
15.826837,0.7892802,1742.7609,2.0,2953.6023,0.0,0.0,0.0,0
24.536306,0.65602267,2166.2805,0.0,4893.8433,0.0,1.0,1.0,1
4.6953735,0.5269127,3021.243,2.0,3636.7773,4.0,0.0,0.0,1
4.6136975,0.502113,1545.6149,2.0,4942.7007,3.0,2.0,1.0,0
17.48786,0.9180627,2191.0625,1.0,2758.2383,1.0,0.0,1.0,0
7.7945724,0.6001159,1962.2428,2.0,3395.4614,4.0,0.0,1.0,0
22.176199,0.8151273,1742.3235,2.0,3692.1138,3.0,0.0,1.0,1
28.539427,0.78852373,1972.5461,1.0,3776.1877,3.0,2.0,1.0,0
23.21497,0.6998165,105.03267,0.0,131.90384,3.0,0.0,1.0,0
26.438086,0.9167467,4436.99,1.0,646.09686,4.0,0.0,1.0,0
16.067995,0.8492008,4887.8667,3.0,1146.3347,4.0,1.0,0.0,1
25.13726,0.5113707,4319.356,1.0,1364.7576,1.0,0.0,1.0,1
6.3041925,0.888347,78.424255,2.0,4527.787,3.0,1.0,1.0,0
2.9820888,0.7534994,3766.8835,1.0,3615.79,0.0,1.0,1.0,0
20.02264,0.67350966,2886.846,2.0,724.9752,2.0,1.0,1.0,1
2.5066226,0.8634423,516.16583,2.0,2137.5117,0.0,0.0,1.0,0
26.881962,0.84303284,4667.653,1.0,1223.1765,0.0,0.0,1.0,0
21.05507,0.6552941,3892.275,2.0,4151.0195,3.0,0.0,1.0,1
28.613821,0.99151945,769.2166,3.0,4589.807,1.0,2.0,0.0,1
10.102713,0.82435423,4822.005,3.0,829.8078,0.0,2.0,1.0,0
15.098591,0.8028899,674.68384,3.0,2088.6882,4.0,0.0,0.0,0
22.50902,0.5349402,2300.6653,0.0,4764.6567,4.0,1.0,1.0,1
8.04059,0.6396594,836.9299,3.0,3288.8762,1.0,2.0,0.0,0
16.713615,0.723487,793.44446,2.0,4341.803,2.0,0.0,0.0,0
20.124552,0.81531286,4840.638,1.0,1794.8917,1.0,0.0,1.0,0
29.38545,0.7563818,2882.0078,1.0,1056.4148,4.0,1.0,0.0,0
22.596395,0.88151646,1332.9159,0.0,3459.6057,3.0,1.0,0.0,0
4.4257946,0.6312839,3893.177,3.0,695.7574,2.0,2.0,0.0,0
14.78467,0.8510785,4382.46,3.0,4201.1104,4.0,1.0,1.0,0
18.074352,0.90829855,4592.1396,0.0,3776.6375,3.0,2.0,0.0,1
5.2520714,0.88252497,4668.2754,2.0,1531.4841,0.0,0.0,0.0,0
13.527016,0.8854233,4532.63,2.0,2498.5706,2.0,0.0,0.0,0
9.236169,0.9442535,3212.7153,0.0,3997.9775,4.0,1.0,1.0,0
4.4459987,0.5420893,1745.21,2.0,4675.2026,2.0,2.0,0.0,0
15.849216,0.8485958,4631.56,3.0,1767.2809,0.0,0.0,1.0,1
5.8033595,0.9843391,656.3578,1.0,3952.059,3.0,2.0,0.0,0
18.125586,0.7868253,885.5591,2.0,980.39075,2.0,2.0,1.0,0
5.9212112,0.60865813,2197.4463,3.0,4518.6655,1.0,1.0,1.0,0
21.984253,0.9993769,1454.1415,1.0,3434.3875,4.0,2.0,1.0,0
6.662007,0.5873386,3097.8774,0.0,772.1692,4.0,0.0,1.0,1
26.992268,0.66777885,4531.2446,1.0,3701.7463,2.0,2.0,0.0,1
1.7600714,0.5860311,2480.605,0.0,3623.0479,3.0,1.0,1.0,0
16.137924,0.7322564,2791.6594,1.0,3714.0642,1.0,0.0,1.0,1
10.283038,0.709438,2144.512,2.0,1730.9384,3.0,0.0,0.0,0
7.5272193,0.7456204,3552.4673,0.0,3701.6033,4.0,2.0,0.0,0
14.67648,0.9639917,548.4095,2.0,4134.5845,1.0,2.0,0.0,0
25.418566,0.7391622,290.51993,3.0,1742.1732,4.0,2.0,1.0,0
27.54304,0.7573132,3224.6255,1.0,1047.7087,0.0,2.0,0.0,0
9.7942095,0.9433411,2697.6487,3.0,4440.521,2.0,0.0,0.0,1
5.473065,0.908879,2066.4224,1.0,3107.2634,0.0,0.0,0.0,0
21.884073,0.619861,1703.2635,2.0,2307.332,2.0,1.0,1.0,0
17.877962,0.506463,306.44684,0.0,4399.922,3.0,0.0,0.0,0
6.8294683,0.8147498,3418.753,1.0,688.66815,4.0,1.0,0.0,0
23.048578,0.9224249,2136.2644,3.0,4054.8171,0.0,2.0,1.0,1
16.048983,0.77642506,2254.077,2.0,2459.1982,4.0,2.0,0.0,0
19.948462,0.60558844,4472.5522,2.0,222.19606,4.0,1.0,0.0,0
11.420832,0.87067753,3700.862,2.0,4863.3374,0.0,2.0,0.0,0
13.7338295,0.83476967,1136.2435,0.0,3892.553,4.0,1.0,1.0,0
6.229921,0.78251624,3302.974,3.0,1081.6316,4.0,1.0,0.0,0
22.938961,0.9316681,704.6638,1.0,4619.2407,0.0,2.0,1.0,1
5.5533285,0.8921212,1010.61615,0.0,4677.3745,0.0,1.0,0.0,0
23.570776,0.83397603,3585.0388,3.0,4004.3232,3.0,0.0,0.0,0
24.142227,0.83237934,673.1576,0.0,644.58044,2.0,0.0,0.0,1
22.651428,0.8311013,1436.9601,3.0,940.04285,1.0,1.0,1.0,1
1.5632609,0.76258236,4495.3984,1.0,3772.6243,2.0,1.0,1.0,1
8.920863,0.73196083,3704.6616,0.0,4569.8906,1.0,2.0,1.0,0
14.581795,0.8548002,4650.8247,0.0,1082.9406,4.0,0.0,1.0,0
18.270786,0.80524725,4415.075,2.0,2309.531,1.0,0.0,0.0,0
27.65744,0.7449903,1597.2682,2.0,782.4219,0.0,0.0,1.0,0
11.892573,0.56333065,3180.2683,0.0,2395.259,4.0,0.0,1.0,0
26.375677,0.85096437,1924.5436,1.0,3216.2205,4.0,2.0,1.0,0
5.7394495,0.8229993,3500.6665,0.0,102.58889,4.0,2.0,1.0,0
11.767134,0.6711242,1774.8623,2.0,3218.2068,4.0,1.0,1.0,1
2.5161784,0.67816156,56.520992,3.0,3202.352,0.0,0.0,1.0,0
22.53219,0.6233612,514.99414,1.0,2280.4924,3.0,2.0,1.0,0
5.36893,0.9809576,3866.511,3.0,4478.057,1.0,0.0,1.0,0
8.453581,0.9301007,465.82596,1.0,682.7469,2.0,0.0,1.0,0
23.481764,0.7805245,3017.1423,0.0,266.04602,2.0,1.0,0.0,0
16.506784,0.7008266,4296.0034,1.0,2484.1975,4.0,2.0,0.0,1
1.4052088,0.8684126,3718.4512,3.0,2669.8423,2.0,2.0,0.0,0
1.0648209,0.7638641,2096.522,3.0,1340.779,1.0,1.0,1.0,0
15.809158,0.9879255,1082.5908,2.0,4808.5225,0.0,1.0,1.0,0
9.84371,0.5275613,4616.5605,1.0,1276.0989,2.0,0.0,1.0,1
6.229032,0.5171429,2853.6785,3.0,1358.1075,4.0,0.0,1.0,1
18.794224,0.7843055,2056.8293,2.0,4056.8225,3.0,2.0,1.0,0
7.6246576,0.6016396,4713.1855,3.0,4614.89,4.0,1.0,1.0,0
18.174007,0.8021521,1114.3379,2.0,2685.3374,0.0,2.0,0.0,0
11.998713,0.8907115,2239.2952,2.0,105.07939,2.0,1.0,1.0,0
6.4156404,0.5690549,587.79626,3.0,1783.6201,3.0,2.0,1.0,0
5.0050373,0.72030413,668.1573,3.0,1127.4597,4.0,2.0,1.0,0
7.8689575,0.8443335,2023.0515,2.0,2559.98,1.0,1.0,0.0,0
1.8651311,0.9169318,3513.3188,0.0,3416.0332,3.0,2.0,1.0,0
9.935682,0.74817204,1727.525,1.0,1968.2571,1.0,2.0,1.0,0
27.156687,0.6030768,3463.51,2.0,2691.4263,2.0,0.0,0.0,1
25.1095,0.7928996,4035.6929,2.0,3801.703,3.0,0.0,0.0,1
11.788109,0.72725856,4394.0107,1.0,1238.2736,4.0,2.0,0.0,0
17.699175,0.8859627,271.36154,0.0,987.8798,2.0,0.0,0.0,0
17.453457,0.77778804,3879.9717,3.0,4030.1184,2.0,2.0,0.0,0
25.033388,0.63971144,778.3535,3.0,194.74788,4.0,1.0,0.0,1
7.852413,0.87719643,3506.3984,0.0,761.4769,2.0,2.0,0.0,0
9.595237,0.7588735,1889.7292,1.0,71.66016,1.0,0.0,1.0,0
9.751778,0.58877325,3553.577,1.0,2781.37,1.0,1.0,1.0,1
2.1852298,0.78153616,1108.43,3.0,3004.4277,3.0,1.0,1.0,0
10.125948,0.97416,3242.704,3.0,2659.8433,3.0,0.0,1.0,0
26.4595,0.8527581,671.29474,1.0,2077.2024,2.0,1.0,0.0,1
27.447641,0.64940166,890.2405,1.0,2649.8552,0.0,1.0,1.0,0
4.1794252,0.85543656,3091.5864,1.0,977.74963,0.0,1.0,0.0,0
14.283698,0.6413032,1717.0189,0.0,4132.951,1.0,1.0,0.0,0
12.059118,0.7713444,3533.7014,1.0,4904.057,0.0,0.0,1.0,0
15.191417,0.76329786,3441.5393,1.0,2707.7083,2.0,1.0,0.0,0
17.086866,0.62369543,3127.0881,0.0,1878.0342,2.0,0.0,0.0,0
1.587504,0.6739406,3666.1758,2.0,3960.9958,1.0,0.0,0.0,0
25.425026,0.97109073,3979.9795,3.0,973.42896,4.0,0.0,1.0,1
29.236258,0.6252993,4561.5454,1.0,1610.66,1.0,0.0,1.0,1
19.94874,0.9005135,448.55334,1.0,4700.503,4.0,0.0,0.0,1
20.153114,0.8336853,2879.1677,1.0,939.6079,0.0,0.0,0.0,1
16.311417,0.76631457,3756.4453,0.0,569.4567,3.0,2.0,1.0,1
10.693929,0.5687574,1123.8602,2.0,2736.305,4.0,0.0,0.0,1
5.320357,0.6022854,1354.9247,1.0,2941.2124,4.0,1.0,1.0,0
17.937838,0.5894888,1371.4735,3.0,2989.779,2.0,0.0,1.0,1
2.3033006,0.7933971,2883.048,1.0,830.74634,1.0,1.0,1.0,0
24.910574,0.9866916,1862.5443,3.0,3608.5122,1.0,0.0,0.0,0
13.206439,0.9386196,3347.169,1.0,1218.9828,2.0,0.0,1.0,0
13.027872,0.51262593,3070.6865,0.0,4741.0317,4.0,0.0,1.0,0
10.487955,0.6368633,3302.7036,1.0,1147.5063,1.0,1.0,1.0,0
29.111263,0.5786287,1298.9722,3.0,96.38428,4.0,0.0,0.0,0
6.072592,0.9878389,3848.4883,1.0,2843.5476,4.0,1.0,1.0,0
5.387927,0.6178051,3336.976,3.0,1022.2109,0.0,2.0,0.0,0
5.8004136,0.60065657,696.7156,2.0,3146.5835,4.0,1.0,1.0,0
20.097298,0.8104376,1040.8556,2.0,1153.7747,2.0,1.0,1.0,0
29.764965,0.7780933,1539.7775,3.0,2146.1409,3.0,2.0,0.0,0
7.82878,0.61292577,4683.4053,2.0,905.77686,1.0,1.0,0.0,0
27.262905,0.8351824,1665.4319,2.0,2149.7686,1.0,0.0,0.0,0
9.07988,0.5485036,148.40146,0.0,691.2365,2.0,2.0,0.0,1
19.789097,0.50968456,751.0474,2.0,1696.4856,0.0,1.0,0.0,1
2.1744697,0.5412074,209.25053,2.0,1002.66876,3.0,1.0,1.0,0
15.373965,0.68243414,2044.0542,0.0,4082.3484,3.0,1.0,0.0,1
19.982529,0.9875082,3995.9094,2.0,3649.4768,0.0,0.0,0.0,0
16.553274,0.7736235,2279.6572,2.0,842.4288,1.0,1.0,1.0,0
7.8972263,0.877363,4203.021,1.0,423.69373,2.0,1.0,0.0,0
25.026411,0.6607479,285.27014,0.0,138.46559,3.0,1.0,0.0,0
29.133959,0.8596695,2375.1282,0.0,1141.0923,1.0,0.0,0.0,1
14.316687,0.9830906,3946.0232,0.0,2406.085,4.0,0.0,1.0,0
19.441658,0.67888045,3389.875,0.0,2005.4171,2.0,1.0,1.0,0
23.921986,0.9995297,4271.4863,0.0,4857.7803,2.0,1.0,0.0,0
8.003182,0.819205,1405.4819,2.0,3963.3057,0.0,0.0,1.0,0
26.069061,0.8742957,2529.2114,1.0,400.15155,3.0,0.0,1.0,1
9.125826,0.6260836,3400.549,0.0,803.0726,4.0,1.0,1.0,1
23.499094,0.82154536,884.02527,0.0,142.72926,1.0,0.0,1.0,0
4.250878,0.7555031,4088.2432,2.0,699.7496,2.0,0.0,1.0,0
9.3632145,0.9782013,1591.7767,3.0,2651.7915,0.0,1.0,0.0,0
16.474977,0.9523375,511.87115,3.0,392.9228,1.0,0.0,0.0,0
16.22274,0.6983363,3840.2214,3.0,308.74106,0.0,1.0,0.0,1
25.662504,0.97343487,3539.839,1.0,599.6259,3.0,2.0,0.0,0
29.88769,0.9424063,4424.215,2.0,3350.374,4.0,0.0,0.0,0
4.1091146,0.79519194,4465.77,0.0,106.597046,0.0,0.0,1.0,1
8.870255,0.54105896,1428.7026,0.0,4848.434,3.0,0.0,1.0,0
11.370348,0.5803951,3224.7458,0.0,1910.1234,2.0,1.0,0.0,0
14.888634,0.5384371,4995.6587,0.0,1689.5709,3.0,1.0,1.0,1
15.323382,0.55399656,1256.8424,1.0,2379.3162,2.0,0.0,1.0,1
25.829657,0.9884762,2390.7395,0.0,2594.1304,4.0,1.0,1.0,1
23.34622,0.60608363,4555.3237,3.0,2105.8667,0.0,2.0,1.0,1
1.5466958,0.8454273,560.2442,2.0,2436.766,0.0,2.0,1.0,0
14.195631,0.8182641,4644.837,2.0,1705.2722,1.0,1.0,1.0,0
18.92414,0.81557244,2466.37,0.0,1616.817,3.0,1.0,1.0,1
14.351472,0.603352,4470.552,3.0,146.30318,0.0,2.0,0.0,1
4.7887125,0.78967327,3125.7886,0.0,3362.2847,0.0,2.0,0.0,0
12.526749,0.8127692,3373.606,3.0,3090.1873,3.0,1.0,1.0,0
12.938015,0.7852027,3876.2795,2.0,3347.4136,2.0,1.0,1.0,0
6.443762,0.59308124,382.32367,0.0,4705.8647,3.0,2.0,1.0,0
22.932907,0.8615303,3157.4534,0.0,2370.6929,1.0,2.0,1.0,1
10.32062,0.5366216,4623.4893,2.0,4410.0347,0.0,0.0,0.0,1
18.080631,0.7956,4782.8125,3.0,2225.2769,2.0,1.0,1.0,0
15.956175,0.7181297,4843.191,1.0,2393.294,0.0,2.0,1.0,0
26.445385,0.6251433,3246.8728,0.0,3168.433,2.0,1.0,1.0,1
4.538433,0.9036945,3184.77,1.0,1087.348,4.0,1.0,0.0,0
4.3136272,0.5879463,2784.7021,1.0,1094.607,0.0,1.0,1.0,0
9.7092705,0.96649086,3057.3892,1.0,2554.0608,1.0,1.0,0.0,0
13.505234,0.9422825,3079.9836,3.0,352.36298,4.0,2.0,1.0,0
9.657725,0.6802938,259.92093,1.0,1190.9237,1.0,2.0,1.0,0
23.132425,0.65257645,489.91287,0.0,3969.1267,1.0,2.0,1.0,0
8.112709,0.56874335,3116.112,2.0,2324.0298,3.0,2.0,1.0,1
3.4584675,0.9581639,1605.3713,2.0,142.84344,0.0,2.0,1.0,0
13.000195,0.81376594,1542.0562,2.0,313.09967,0.0,2.0,0.0,0
23.428,0.5158918,1007.5312,2.0,4598.382,4.0,2.0,0.0,1
25.666296,0.7554997,4015.2964,1.0,4784.025,4.0,0.0,0.0,0
22.267,0.5428995,4823.4263,1.0,3209.1082,4.0,2.0,0.0,0
17.178713,0.78687537,3157.402,0.0,932.8761,0.0,1.0,1.0,0
22.00156,0.75448084,4729.8286,0.0,1846.7501,2.0,2.0,0.0,0
20.760296,0.541423,4425.2266,2.0,1534.2806,4.0,0.0,0.0,0
7.7966323,0.9079303,1128.7385,1.0,3927.93,4.0,0.0,1.0,0
16.972008,0.6311586,809.9532,2.0,2690.0776,1.0,1.0,1.0,0
23.347672,0.7707422,1097.3546,3.0,3900.486,2.0,1.0,0.0,0
10.196499,0.81951946,526.23645,2.0,1808.948,0.0,1.0,1.0,0
19.965221,0.9811523,2935.252,0.0,4348.8623,0.0,0.0,1.0,1
14.962933,0.74690586,1449.1177,0.0,2151.5203,1.0,0.0,0.0,0
15.591607,0.95865786,4568.9375,0.0,2092.6965,1.0,2.0,0.0,0
3.611596,0.67742866,3086.3684,1.0,2450.6013,4.0,0.0,1.0,1
20.320297,0.9287186,1830.0723,0.0,2963.1106,0.0,0.0,1.0,0
26.104923,0.6179131,4923.971,3.0,4471.618,2.0,2.0,0.0,0
5.101507,0.85373986,4768.313,1.0,2294.2002,2.0,2.0,0.0,0
11.617064,0.544306,3904.1455,2.0,4651.38,0.0,0.0,0.0,1
2.4113562,0.9930252,3968.8342,0.0,1974.405,2.0,0.0,0.0,1
1.8593247,0.9769682,4887.4873,0.0,1629.6178,4.0,0.0,1.0,0
29.700096,0.7211068,3022.2583,0.0,1482.2776,0.0,1.0,1.0,0
15.310674,0.7619676,4406.098,1.0,115.5485,0.0,0.0,0.0,1
11.310052,0.79888743,370.89722,1.0,4247.228,0.0,2.0,0.0,0
8.971436,0.63751876,2792.6094,1.0,405.37634,0.0,1.0,0.0,0
29.420366,0.8372357,2537.4558,3.0,1678.3135,4.0,1.0,1.0,0
8.315272,0.84928095,236.73312,2.0,1259.7794,0.0,0.0,1.0,0
22.045544,0.76253825,480.41232,2.0,3724.7393,1.0,0.0,1.0,0
9.228985,0.57387036,158.10268,0.0,4663.61,4.0,2.0,0.0,0
3.0441957,0.959593,1505.3743,1.0,4085.3818,4.0,1.0,0.0,0
20.815022,0.55752254,314.88058,2.0,1606.7916,0.0,0.0,0.0,0
1.0472946,0.8145861,2144.6404,2.0,2284.2292,1.0,1.0,1.0,0
20.596706,0.5515443,4073.0947,3.0,1242.7141,0.0,0.0,1.0,1
8.2609215,0.5730504,3088.4575,1.0,4620.661,0.0,1.0,0.0,0
22.637022,0.51026917,3385.26,1.0,602.5354,4.0,0.0,0.0,1
23.322754,0.68168205,205.9581,3.0,4760.253,1.0,2.0,0.0,0
21.99911,0.81979126,4205.6553,1.0,4070.1475,3.0,0.0,0.0,1
1.7100198,0.7607721,773.6424,2.0,3560.7727,0.0,1.0,1.0,0
21.408361,0.8372696,1548.1218,0.0,3872.2283,1.0,1.0,0.0,0
29.714222,0.83750945,2608.13,0.0,1703.3406,1.0,0.0,1.0,0
8.036136,0.5700869,4653.4673,0.0,1486.4736,2.0,0.0,1.0,0
8.952919,0.5286687,4990.8384,1.0,1913.2902,4.0,2.0,0.0,0
24.59227,0.81267905,3924.1704,3.0,916.2501,1.0,2.0,0.0,1
5.6515074,0.8266122,3660.1055,0.0,3734.337,3.0,0.0,0.0,0
20.156927,0.77835184,2662.0276,3.0,2380.4688,2.0,1.0,1.0,0
22.895765,0.62288123,3344.8552,3.0,4430.192,3.0,2.0,1.0,0
2.0776591,0.90538263,764.89966,0.0,4393.1235,1.0,0.0,0.0,0
17.059101,0.537843,1382.5208,0.0,787.7109,2.0,0.0,0.0,1
17.700441,0.8161559,4923.982,3.0,1101.9032,3.0,0.0,1.0,1
9.799844,0.56020576,4899.094,2.0,2059.0947,2.0,1.0,0.0,0
26.413996,0.82722384,1648.7134,0.0,602.88416,3.0,1.0,1.0,0
5.719742,0.7088629,1243.1904,3.0,3450.2751,0.0,1.0,1.0,1
11.561646,0.8590515,1186.1145,2.0,3690.6023,1.0,1.0,1.0,0
25.611391,0.5260961,2450.0786,2.0,3609.5383,0.0,0.0,1.0,1
6.52864,0.7775415,1157.6445,2.0,2356.3494,0.0,1.0,1.0,0
24.819849,0.57243896,3260.0583,0.0,4217.649,0.0,2.0,0.0,1
3.2930062,0.8411908,420.35806,1.0,3033.1702,1.0,2.0,0.0,0
15.187643,0.5599778,563.2023,0.0,4968.1226,1.0,2.0,1.0,0
3.1845891,0.5367917,1420.8247,2.0,4079.0366,3.0,0.0,0.0,0
20.659204,0.8565614,3898.344,3.0,3614.0715,2.0,1.0,0.0,1
23.927443,0.53176594,1650.2832,2.0,625.281,3.0,1.0,0.0,0
25.645899,0.6122654,2380.543,2.0,4164.6743,4.0,2.0,0.0,1
29.456606,0.9123676,3300.279,0.0,1534.8053,3.0,1.0,0.0,0
20.488457,0.90484416,3953.2727,2.0,2100.3823,2.0,0.0,1.0,1
23.302795,0.92706287,1570.1897,3.0,2319.1738,4.0,0.0,0.0,0
15.66699,0.66304994,3668.2986,0.0,1663.2395,1.0,0.0,0.0,0
27.46937,0.764024,1466.0337,0.0,551.1096,4.0,1.0,1.0,1
19.668993,0.8866737,3240.1077,2.0,1004.8256,0.0,0.0,1.0,1
26.622992,0.56849277,2281.8567,0.0,4019.2976,4.0,1.0,0.0,1
7.8281083,0.86219543,4636.8076,0.0,3264.828,1.0,0.0,1.0,0
15.4053955,0.5487432,4911.3623,3.0,4714.779,3.0,1.0,1.0,0
22.16475,0.9566253,3881.9094,0.0,4107.131,1.0,1.0,0.0,0
6.878931,0.8186551,4581.5483,1.0,2017.079,1.0,2.0,1.0,0
7.128854,0.74665266,725.696,1.0,3933.1687,1.0,2.0,0.0,0
29.36324,0.74236465,3289.5967,1.0,2886.3816,3.0,0.0,0.0,1
13.603701,0.590681,1031.9213,1.0,1438.6425,0.0,0.0,0.0,0
6.2726483,0.6729587,1420.9941,1.0,4875.696,0.0,1.0,0.0,1
10.6124525,0.8635618,2637.975,3.0,4643.17,4.0,1.0,1.0,1
12.523909,0.7704718,3722.837,0.0,569.8703,0.0,2.0,1.0,1
19.069473,0.7646531,3621.3958,0.0,4198.7134,3.0,0.0,0.0,1
27.767426,0.59762293,4353.8237,1.0,397.65674,1.0,1.0,0.0,0
29.611113,0.84518117,2818.4104,3.0,4644.8076,1.0,1.0,1.0,1
19.899263,0.69601697,4635.396,1.0,3124.5886,1.0,1.0,0.0,1
21.297749,0.59137666,4445.0483,0.0,841.2454,1.0,1.0,0.0,1
10.333046,0.97189236,4252.8345,2.0,4088.1396,3.0,1.0,1.0,1
25.8576,0.7533994,1186.1245,2.0,2583.7515,4.0,0.0,0.0,0
7.3161516,0.7640183,2680.6675,1.0,307.15387,1.0,1.0,1.0,0
4.0850387,0.99068594,3694.371,0.0,3994.1526,0.0,1.0,1.0,1
29.224424,0.68320304,4881.7075,3.0,3943.8076,0.0,0.0,0.0,1
26.060022,0.97151035,107.65401,3.0,2415.4792,3.0,2.0,1.0,0
9.805709,0.84746265,1669.2169,3.0,3658.2373,4.0,1.0,0.0,0
20.57995,0.8165478,1744.6338,3.0,210.34016,0.0,2.0,1.0,0
14.543532,0.61720914,1478.2461,1.0,1597.3519,2.0,1.0,0.0,1
10.370718,0.52587783,4096.2505,1.0,3369.3796,1.0,2.0,1.0,1
9.316452,0.7188919,273.1036,3.0,1160.7225,1.0,0.0,0.0,0
4.944796,0.50508547,1829.202,1.0,2257.5527,4.0,2.0,1.0,1
16.930223,0.53550124,3572.8389,3.0,4660.4146,1.0,0.0,0.0,1
13.951304,0.7976634,2063.3616,2.0,4135.491,1.0,2.0,0.0,0
15.853406,0.8622359,763.11475,3.0,2794.4028,0.0,0.0,1.0,1
7.245358,0.5839742,3073.7197,0.0,2887.8145,4.0,0.0,1.0,0
28.21971,0.8662502,2636.9207,2.0,4436.16,4.0,1.0,1.0,0
19.519144,0.97486293,4910.102,3.0,4316.665,4.0,1.0,1.0,1
27.088419,0.87158805,3755.2048,0.0,450.6007,1.0,0.0,0.0,0
4.168864,0.8923576,4931.5713,2.0,2333.2312,0.0,1.0,0.0,0
19.062677,0.8503563,972.44556,0.0,962.35974,4.0,2.0,1.0,0
25.634394,0.6123687,3819.8953,3.0,425.2666,3.0,0.0,0.0,0
10.596703,0.68044496,2780.6091,3.0,1469.0536,1.0,2.0,1.0,0
6.659152,0.97463346,3576.922,0.0,3057.1125,0.0,2.0,0.0,0
8.685617,0.83060527,2364.3796,2.0,3973.908,3.0,2.0,0.0,0
8.915078,0.89451236,1101.3346,1.0,4563.2573,4.0,2.0,1.0,0
13.96877,0.9843473,276.39648,3.0,2120.551,0.0,0.0,1.0,0
10.452945,0.6157185,4199.527,1.0,2117.392,2.0,2.0,0.0,0
8.866948,0.6608433,4083.3013,2.0,774.7302,2.0,1.0,1.0,0
19.806856,0.8224008,854.57166,0.0,982.258,2.0,0.0,1.0,0
2.5379388,0.5121787,3243.6455,0.0,521.4495,1.0,2.0,1.0,0
10.870549,0.78560954,3701.7817,3.0,4879.7437,1.0,1.0,1.0,1
21.002808,0.9043442,2810.2437,1.0,646.7112,1.0,2.0,0.0,1
6.0996428,0.8052217,1620.2831,3.0,3785.6458,4.0,1.0,0.0,0
7.406908,0.6476966,4410.682,3.0,1595.6438,4.0,0.0,1.0,0
6.819332,0.862052,3230.081,3.0,2690.3674,0.0,2.0,0.0,0
1.0268571,0.5730158,3615.0767,0.0,4364.8237,3.0,2.0,0.0,0
14.7392645,0.94738674,3277.967,0.0,4681.4756,2.0,1.0,1.0,1
2.1298048,0.55045754,3620.379,2.0,1208.7493,1.0,1.0,0.0,0
8.915255,0.9317456,768.0824,3.0,4557.2344,0.0,0.0,1.0,0
29.849298,0.7489047,4616.8423,3.0,1267.7417,3.0,2.0,1.0,0
27.63349,0.7143235,1464.7634,2.0,4025.938,1.0,2.0,0.0,0
7.2371984,0.75033087,4190.9287,0.0,86.09938,0.0,2.0,1.0,0
9.99007,0.60010314,4472.252,2.0,2680.8052,4.0,1.0,0.0,0
14.4474325,0.7288428,3273.557,1.0,3631.8054,4.0,2.0,1.0,1
25.487993,0.9248599,3011.5889,3.0,4196.3057,2.0,2.0,0.0,0
24.276731,0.90047765,589.78864,2.0,4207.233,2.0,1.0,0.0,0
4.6610017,0.58152425,2209.2952,0.0,1501.3505,2.0,2.0,0.0,0
4.6090164,0.8367105,3077.6396,3.0,4267.2163,0.0,0.0,0.0,0
13.085236,0.92841864,455.2529,3.0,1624.9987,0.0,2.0,1.0,0
26.232767,0.9098838,601.73694,2.0,1176.4991,1.0,1.0,1.0,1
26.580465,0.71281624,4967.7324,3.0,17.351616,1.0,1.0,0.0,1
4.11361,0.5240464,1694.5591,0.0,1186.2191,0.0,1.0,1.0,0
17.654621,0.9655847,1781.1758,1.0,601.0097,0.0,2.0,1.0,1
5.5145807,0.69794255,1295.0693,0.0,3377.9336,4.0,1.0,1.0,0
20.89775,0.68048835,3247.7979,1.0,732.49023,4.0,1.0,1.0,1
27.576565,0.87975746,2391.7256,1.0,2931.0637,1.0,1.0,0.0,0
14.18831,0.6319861,3962.6333,1.0,641.0741,3.0,1.0,0.0,0
3.4094005,0.91737396,2586.8494,1.0,3525.0486,0.0,1.0,1.0,0
17.798372,0.5380258,126.309105,2.0,1434.8721,4.0,0.0,1.0,0
12.846984,0.8703556,2439.3025,0.0,1550.395,4.0,1.0,0.0,0
24.516064,0.9828947,323.1771,1.0,3205.5227,0.0,0.0,1.0,1
10.869989,0.9978844,4142.593,3.0,4695.3374,1.0,2.0,0.0,0
26.372019,0.9619022,612.60754,2.0,4958.0894,1.0,1.0,0.0,1
8.937312,0.9353812,1123.9224,0.0,1792.7454,0.0,2.0,1.0,0
5.5680113,0.6394401,2326.828,1.0,4732.1694,1.0,1.0,1.0,0
9.887931,0.98332417,1016.1611,3.0,3065.4841,3.0,1.0,0.0,0
2.012558,0.9639483,2719.139,0.0,4533.2783,3.0,0.0,1.0,0
9.156133,0.7671862,2330.4573,3.0,148.98222,0.0,1.0,1.0,0
20.143412,0.70103884,4764.987,1.0,175.53253,1.0,1.0,0.0,1
5.1262064,0.5546336,487.44913,2.0,382.12415,4.0,1.0,1.0,0
4.229584,0.79531705,2904.8237,1.0,4023.9211,4.0,2.0,0.0,0
4.8391733,0.85027295,3615.978,2.0,698.40283,2.0,1.0,1.0,0
3.2489986,0.7019983,681.7537,3.0,891.1592,3.0,2.0,1.0,1
26.364428,0.7030148,3200.4875,0.0,2931.1455,1.0,0.0,0.0,0
28.37934,0.7866557,4327.9834,1.0,4787.655,4.0,1.0,1.0,1
2.3502734,0.51389205,3948.4004,2.0,2839.8914,2.0,2.0,0.0,0
23.042082,0.978933,4679.0947,1.0,3665.653,3.0,1.0,0.0,1
22.377401,0.64495283,3616.8992,1.0,946.79395,1.0,2.0,1.0,1
29.910374,0.5704454,2000.2349,3.0,4571.7285,0.0,1.0,1.0,0
11.088249,0.5027442,4606.2344,0.0,288.82446,2.0,1.0,1.0,1
9.27976,0.92844576,1165.516,0.0,1421.2668,2.0,1.0,0.0,0
14.139381,0.93160367,2939.3262,2.0,2274.0837,2.0,2.0,1.0,0
25.840681,0.5476533,3840.0068,0.0,1138.599,4.0,2.0,1.0,1
22.129215,0.5761207,4367.792,0.0,3322.1665,3.0,2.0,0.0,0
14.677091,0.7239511,4586.884,3.0,3397.1743,1.0,0.0,0.0,0
8.092322,0.5928521,470.62946,1.0,1067.1715,2.0,2.0,1.0,0
22.083456,0.86791056,3643.993,0.0,52.87043,0.0,2.0,0.0,0
25.781279,0.5290199,1060.3163,2.0,380.84308,3.0,2.0,0.0,1
12.598586,0.77485466,3906.6414,1.0,12.135146,0.0,1.0,0.0,0
20.388977,0.69139576,3518.414,1.0,4527.9146,0.0,1.0,0.0,0
12.606149,0.73247325,947.69415,1.0,3112.1118,2.0,1.0,0.0,0
14.876309,0.71237856,4172.5093,0.0,700.79205,4.0,2.0,0.0,0
16.2224,0.5765796,2335.8545,3.0,471.6395,1.0,2.0,1.0,0
23.496048,0.61014074,2742.088,0.0,4089.7983,0.0,2.0,0.0,1
29.347673,0.5324038,4858.4487,1.0,4057.0876,0.0,2.0,0.0,0
13.886619,0.55764276,3300.2966,1.0,4637.6245,4.0,1.0,0.0,0
10.927135,0.9889474,2963.3875,2.0,804.77466,3.0,0.0,1.0,1
11.834139,0.6398934,132.97572,2.0,2616.1511,2.0,0.0,0.0,0
4.882783,0.6535128,1036.1134,1.0,616.1655,4.0,2.0,0.0,0
9.611223,0.56355315,181.49884,2.0,3980.2415,0.0,0.0,0.0,0
3.506975,0.8775821,1699.8965,0.0,2068.299,3.0,0.0,1.0,1
13.408934,0.9620714,1755.3164,0.0,3482.1694,1.0,1.0,1.0,0
5.8533607,0.8948753,2675.1338,3.0,161.26527,1.0,2.0,1.0,0
11.045795,0.8063079,3464.3538,2.0,3891.8757,4.0,2.0,0.0,0
24.013754,0.90661645,937.7586,2.0,1155.1366,4.0,0.0,1.0,0
8.131902,0.7021151,3028.1895,3.0,4215.5938,4.0,1.0,1.0,0
18.744944,0.92974865,4589.0327,3.0,937.43384,0.0,2.0,1.0,0
27.134262,0.89925945,965.7889,2.0,3952.5852,3.0,2.0,1.0,0
17.440947,0.5008623,3312.4858,3.0,679.1876,1.0,2.0,0.0,1
6.6199856,0.7438971,275.66626,2.0,3320.452,1.0,2.0,0.0,0
10.9982195,0.6323083,2679.181,0.0,3898.501,0.0,0.0,0.0,0
18.120707,0.54311645,3720.6194,2.0,1937.3019,2.0,0.0,1.0,0
15.691723,0.923098,218.50682,3.0,1229.2197,4.0,0.0,0.0,0
5.309975,0.50397485,1701.6437,3.0,1729.1927,1.0,0.0,0.0,1
13.957094,0.8650817,4395.887,2.0,1489.9924,2.0,2.0,1.0,1
16.748934,0.99409604,1166.125,3.0,3169.0024,3.0,2.0,0.0,0
8.752648,0.7410099,3628.229,0.0,232.3631,3.0,2.0,0.0,0
18.76092,0.68562025,3080.5793,0.0,216.76756,1.0,0.0,1.0,1
3.034643,0.80291647,860.25397,1.0,1445.9852,0.0,2.0,0.0,0
10.761604,0.90234894,3721.4521,0.0,1392.097,4.0,2.0,1.0,1
24.324028,0.620126,2683.801,3.0,893.5805,2.0,0.0,0.0,1
8.519259,0.6253507,604.5277,0.0,3586.9065,3.0,2.0,0.0,0
18.550129,0.803589,4749.3887,2.0,128.577,2.0,0.0,0.0,1
12.8908615,0.9699399,2485.2122,3.0,4621.9316,1.0,1.0,1.0,1
10.177344,0.64922,3738.1501,0.0,3789.8594,1.0,0.0,1.0,1
27.56782,0.6883773,1127.6163,0.0,2020.7589,3.0,1.0,1.0,0
10.95459,0.99666667,729.0569,2.0,4296.0825,4.0,0.0,1.0,0
7.863601,0.5881111,3719.4685,3.0,3094.586,1.0,2.0,0.0,0
27.369738,0.5384841,3385.4297,0.0,2855.4456,0.0,1.0,0.0,0
22.632387,0.79487765,1406.833,0.0,1571.9591,0.0,2.0,0.0,0
20.772192,0.5121335,3744.103,3.0,3318.8923,2.0,1.0,0.0,1
2.4365134,0.59021664,2549.7117,2.0,707.0766,1.0,1.0,1.0,0
4.804944,0.8111046,1775.5564,2.0,2629.2476,4.0,2.0,0.0,0
19.51186,0.8297562,3945.1145,1.0,589.3892,1.0,2.0,1.0,1
7.073552,0.7552126,3103.0747,1.0,2231.2832,2.0,1.0,1.0,0
7.5435014,0.691874,2560.9785,1.0,3085.1934,1.0,1.0,1.0,0
23.595016,0.7880988,3876.8801,0.0,785.96216,2.0,0.0,0.0,0
9.291823,0.8216929,2746.9004,1.0,1118.3768,3.0,0.0,1.0,0
3.0760317,0.901741,4695.7456,3.0,4068.156,3.0,2.0,1.0,0
2.0565264,0.8963754,4099.3755,2.0,1286.0072,3.0,1.0,1.0,0
13.852161,0.8324004,1823.0284,3.0,486.82474,2.0,1.0,1.0,0
18.896729,0.9471163,2351.3503,1.0,1660.1437,2.0,2.0,0.0,0
26.197672,0.9190126,4788.799,3.0,4676.348,1.0,2.0,0.0,0
4.2133274,0.56662303,4481.2617,1.0,3471.975,4.0,2.0,1.0,1
6.703512,0.97833973,996.3684,2.0,2881.4172,3.0,1.0,1.0,0
16.364218,0.9458712,1407.804,2.0,4203.694,4.0,0.0,1.0,0
11.559142,0.6604636,1853.8816,3.0,3304.3345,3.0,1.0,0.0,1
14.993587,0.5100922,4405.253,3.0,4057.6157,0.0,1.0,1.0,1
27.799614,0.80198795,4640.716,0.0,3289.2134,1.0,0.0,0.0,0
16.801859,0.7192088,4021.5842,3.0,4322.6465,2.0,1.0,1.0,1
13.038498,0.87478334,1414.7568,2.0,3123.8008,1.0,1.0,0.0,0
29.693758,0.7622999,4440.9707,2.0,1331.7256,4.0,2.0,1.0,1
2.8912544,0.5382452,212.76157,0.0,215.17953,2.0,0.0,1.0,1
28.03129,0.6223437,2142.8772,1.0,535.54803,1.0,2.0,0.0,0
15.548193,0.9412619,1919.2617,3.0,2567.1045,2.0,1.0,0.0,0
15.608933,0.51884484,2699.436,3.0,4859.124,1.0,0.0,1.0,1
27.736965,0.86833483,2825.1707,0.0,3799.7139,0.0,1.0,0.0,1
15.712396,0.6459718,1165.7522,1.0,3879.459,4.0,2.0,0.0,0
13.713805,0.7263199,1062.5508,3.0,3322.2979,4.0,1.0,0.0,0
8.902169,0.7655027,4027.6545,3.0,4518.406,3.0,1.0,0.0,0
20.105686,0.62504065,427.17416,1.0,3679.942,1.0,1.0,1.0,0
17.519707,0.82598025,2491.7659,3.0,1299.2334,4.0,2.0,0.0,0
7.2160177,0.8467211,998.6497,3.0,2502.4165,1.0,1.0,1.0,0
21.572975,0.54252976,1631.8578,0.0,2027.6715,4.0,2.0,0.0,0
19.678518,0.68696356,1422.6074,0.0,835.3002,4.0,2.0,1.0,0
12.522682,0.8721886,3557.185,0.0,1119.6615,0.0,0.0,1.0,0
1.1276268,0.8608188,2307.302,0.0,1432.9324,1.0,2.0,1.0,0
13.950853,0.7723017,1532.237,2.0,876.4819,3.0,2.0,0.0,0
1.1756854,0.8888374,4165.1924,1.0,1094.3689,1.0,0.0,0.0,0
3.174956,0.55382246,474.68594,2.0,4582.8027,4.0,1.0,0.0,0
13.487687,0.55910563,3843.485,0.0,1722.7637,3.0,0.0,1.0,0
3.3756766,0.82874465,1279.1482,2.0,4139.308,1.0,2.0,1.0,0
8.994298,0.84666693,4594.1953,2.0,331.30582,3.0,1.0,1.0,0
20.00925,0.9072634,77.51747,3.0,4909.229,0.0,0.0,1.0,1
9.949845,0.5905184,2805.4834,1.0,3826.3108,1.0,0.0,0.0,0
29.931808,0.75838584,3130.2117,2.0,4534.513,0.0,2.0,1.0,0
27.57276,0.83041567,2907.6367,1.0,2634.2979,0.0,0.0,1.0,0
17.973988,0.6118498,4084.3257,1.0,3176.3442,3.0,0.0,1.0,0
29.041468,0.7584639,605.21185,2.0,1810.4869,0.0,1.0,1.0,1
26.1725,0.8192225,2107.0022,2.0,2165.8357,3.0,0.0,1.0,0
10.248057,0.60722476,4325.497,3.0,3756.2065,0.0,0.0,0.0,0
22.73829,0.6877817,4449.2397,0.0,259.3435,4.0,2.0,1.0,0
4.9681215,0.6081694,2516.8047,0.0,192.39116,4.0,1.0,0.0,0
20.851992,0.95147145,2811.936,2.0,4375.856,1.0,0.0,0.0,0
15.241373,0.61839944,3831.3467,2.0,558.9381,2.0,2.0,0.0,1
1.4879522,0.5604173,3909.0715,3.0,3607.9395,3.0,0.0,0.0,0
8.952664,0.51757765,4446.0024,2.0,1005.71857,2.0,0.0,0.0,0
28.706085,0.52247673,4227.094,0.0,1837.3823,0.0,2.0,0.0,0
10.159113,0.5957931,2101.3955,1.0,1474.8136,4.0,2.0,0.0,0
6.2621794,0.80410427,3266.279,3.0,2456.7742,4.0,1.0,1.0,0
6.4384117,0.50882494,2442.0146,3.0,4135.041,2.0,2.0,1.0,0
14.897184,0.64337194,633.90924,3.0,4378.915,2.0,1.0,1.0,0
25.436829,0.52908343,4117.3203,1.0,1118.0022,0.0,2.0,1.0,1
22.982052,0.7018294,3028.7295,0.0,1694.866,3.0,2.0,1.0,0
13.668708,0.52428836,337.12576,0.0,4186.2153,2.0,1.0,1.0,0
7.0530796,0.8037709,3400.498,3.0,457.27866,1.0,1.0,1.0,1
2.3358822,0.8442121,1451.3501,1.0,593.31525,1.0,1.0,0.0,0
14.416279,0.8656688,392.8628,3.0,2403.1113,0.0,0.0,1.0,0
24.628485,0.6121717,3052.6152,0.0,3952.8203,3.0,1.0,0.0,0
22.160778,0.93425006,3674.4329,1.0,1686.5211,0.0,2.0,0.0,0
12.849422,0.8451441,2610.5574,3.0,356.46524,2.0,1.0,0.0,0
18.246378,0.5283251,77.958954,0.0,4839.659,4.0,2.0,0.0,0
13.651149,0.72038335,2905.5696,0.0,4695.1675,0.0,1.0,0.0,0
17.791468,0.88387823,82.71492,1.0,3262.988,0.0,0.0,1.0,1
16.007652,0.65544695,4635.721,0.0,3412.5632,3.0,0.0,1.0,1
20.748032,0.6907794,1373.1605,2.0,4669.1396,4.0,1.0,0.0,0
15.7235565,0.81480193,4361.483,0.0,3222.8784,0.0,0.0,0.0,1
28.27772,0.5277404,109.94098,0.0,3944.178,1.0,1.0,1.0,1
13.412817,0.9834675,531.22174,2.0,2322.944,3.0,1.0,1.0,0
1.4615728,0.5872405,2284.4712,1.0,1147.7329,2.0,0.0,0.0,1
7.8548326,0.513336,3805.1064,2.0,4164.3354,2.0,1.0,0.0,1
15.517599,0.50266147,4715.68,3.0,3425.066,1.0,0.0,0.0,1
16.676584,0.6997772,2629.4194,3.0,1454.9153,2.0,0.0,1.0,1
17.01916,0.9421267,1809.5305,2.0,3120.145,0.0,2.0,1.0,0
21.722012,0.90988106,270.54498,3.0,4084.2551,4.0,2.0,0.0,1
8.964796,0.9560229,2939.3618,2.0,1359.0227,2.0,0.0,0.0,0
20.282207,0.7668912,1931.2167,0.0,3843.079,1.0,2.0,1.0,0
21.416935,0.7243731,4550.211,3.0,370.9935,1.0,0.0,1.0,1
12.927142,0.69293046,2426.2932,2.0,3128.4946,1.0,1.0,1.0,1
12.662904,0.52320904,3838.9626,0.0,4994.6787,2.0,2.0,0.0,0
6.188819,0.9547606,4248.642,2.0,4333.21,0.0,0.0,1.0,1
13.005634,0.74808806,536.4742,0.0,4379.5337,3.0,1.0,0.0,0
23.817673,0.7275337,2232.1892,2.0,3404.9822,0.0,2.0,0.0,1
27.360218,0.75758374,4473.9014,2.0,2311.3237,1.0,2.0,1.0,1
18.214783,0.89707726,2151.0537,0.0,3389.3054,4.0,2.0,1.0,0
9.68174,0.61223555,2847.5137,1.0,1612.7498,2.0,2.0,0.0,0
20.786402,0.85495037,4371.8647,0.0,2768.315,4.0,2.0,1.0,1
22.46424,0.8553849,1201.3383,0.0,2703.0027,3.0,1.0,1.0,1
10.634171,0.9247764,4478.179,0.0,2723.2144,3.0,0.0,0.0,0
24.969889,0.5043418,2015.2906,3.0,2065.818,0.0,1.0,0.0,1
3.1371791,0.58519775,2985.515,1.0,1770.4811,2.0,0.0,1.0,0
1.3118578,0.7355234,1673.7954,0.0,1658.469,1.0,0.0,1.0,0
4.5661526,0.9252702,2659.2393,2.0,1131.407,0.0,2.0,1.0,1
5.524242,0.9825584,293.96472,2.0,2198.3508,0.0,0.0,0.0,0
26.488941,0.79743433,373.03687,0.0,597.5508,0.0,1.0,0.0,1
13.32447,0.606067,2102.8777,2.0,4508.852,0.0,0.0,0.0,0
8.973019,0.59229237,1708.012,0.0,357.72217,2.0,1.0,0.0,0
13.443178,0.819722,3098.1694,2.0,4188.719,0.0,1.0,1.0,0
12.450386,0.6050346,237.65533,3.0,1213.8296,4.0,0.0,0.0,0
9.742389,0.77654374,879.9599,1.0,4267.5635,2.0,1.0,1.0,0
4.999088,0.91740596,1087.4799,2.0,3604.1284,4.0,2.0,0.0,0
20.02155,0.6949098,2230.4343,0.0,4605.666,0.0,2.0,1.0,0
4.961528,0.6892361,1271.832,1.0,4352.4624,0.0,0.0,1.0,1
23.487309,0.51807016,731.4303,3.0,3508.4268,4.0,0.0,1.0,1
6.8489523,0.6270423,3007.9897,0.0,766.8773,1.0,2.0,1.0,1
22.209768,0.8490957,3732.1663,3.0,2749.736,3.0,1.0,1.0,1
24.361998,0.6801956,3442.077,0.0,1705.742,0.0,0.0,0.0,0
4.6344543,0.5791495,1417.0914,1.0,4430.0205,0.0,0.0,0.0,0
3.5156274,0.55288386,4279.502,0.0,4362.4204,2.0,1.0,0.0,0
28.537611,0.5475267,3078.5198,0.0,1577.0469,2.0,0.0,1.0,0
14.428357,0.8295667,3092.6,1.0,3361.781,0.0,0.0,0.0,1
19.276829,0.8063107,1103.5999,2.0,1698.0413,0.0,2.0,1.0,1
1.6745528,0.7592605,1248.9537,2.0,3394.1707,1.0,1.0,1.0,0
9.082595,0.7501632,2400.0137,1.0,3073.2166,0.0,2.0,1.0,1
15.656532,0.5765684,1227.2141,1.0,2559.6304,4.0,0.0,1.0,1
26.70033,0.75030214,3455.9849,0.0,4393.246,4.0,1.0,1.0,0
8.871743,0.5299689,1577.3448,2.0,1237.7908,0.0,1.0,0.0,1
23.480549,0.96292925,801.985,0.0,3989.3586,2.0,1.0,0.0,0
20.204174,0.52901375,800.4886,3.0,3450.6436,1.0,2.0,0.0,0
4.342852,0.7117651,679.7775,0.0,1413.5266,0.0,1.0,1.0,1
9.50788,0.5002855,2226.763,2.0,2114.212,3.0,1.0,0.0,0
7.898057,0.8930752,65.04818,1.0,354.3807,4.0,2.0,1.0,0
13.8333,0.5830851,2734.743,3.0,2991.9075,3.0,1.0,0.0,0
19.424692,0.962458,1526.5995,1.0,4440.5757,4.0,1.0,0.0,0
13.569173,0.52198887,2784.7703,3.0,597.91394,3.0,0.0,0.0,0
8.09156,0.91039366,4680.356,3.0,668.6723,2.0,2.0,1.0,0
21.180485,0.8283189,4351.7856,1.0,2378.0886,4.0,0.0,0.0,0
17.949661,0.62486786,2903.3276,1.0,1413.3383,3.0,0.0,1.0,1
16.060102,0.6012098,2119.448,1.0,1391.8752,3.0,1.0,1.0,0
17.078169,0.67883897,3506.8953,1.0,3196.9639,3.0,1.0,1.0,1
7.4351187,0.91420144,4619.5396,1.0,2057.1794,0.0,0.0,0.0,0
20.7325,0.9309783,2473.258,0.0,4224.7915,3.0,1.0,1.0,0
12.237515,0.58764267,541.57324,1.0,2150.2415,3.0,2.0,0.0,0
11.540566,0.676724,3842.1365,3.0,3080.2246,2.0,0.0,0.0,0
5.342292,0.6187457,101.87181,3.0,1995.478,2.0,1.0,0.0,0
18.308283,0.56132144,3834.9604,0.0,1287.5573,4.0,1.0,0.0,0
18.477268,0.8232247,470.3372,2.0,2361.9473,0.0,0.0,1.0,0
10.868719,0.6729355,577.752,0.0,3605.1973,2.0,1.0,0.0,0
25.935652,0.612692,3919.449,2.0,4764.5176,3.0,1.0,0.0,0
25.518278,0.9329989,3463.1323,2.0,220.41246,1.0,0.0,1.0,0
4.162575,0.874159,2831.4204,3.0,2663.8164,1.0,2.0,1.0,1
21.156113,0.8868806,4111.8965,2.0,3183.4705,0.0,2.0,0.0,0
12.421208,0.51959795,4264.274,3.0,437.74542,1.0,1.0,0.0,0
29.99173,0.95756525,2314.6855,3.0,4147.5635,1.0,0.0,1.0,0
7.5256853,0.7873692,4981.6787,2.0,1387.0005,4.0,0.0,0.0,1
9.135202,0.7519014,1820.0208,1.0,4375.8105,0.0,2.0,1.0,0
13.821082,0.50529265,898.96344,1.0,2767.5088,3.0,2.0,0.0,0
8.792739,0.9488311,4237.5835,1.0,768.87384,0.0,1.0,1.0,0
21.067808,0.77194524,2107.073,1.0,3698.7122,3.0,2.0,1.0,1
14.946335,0.91257674,4378.7734,1.0,794.57025,2.0,0.0,0.0,0
7.405486,0.82775545,352.7734,1.0,3604.6885,2.0,1.0,1.0,0
15.684848,0.8983468,599.70795,2.0,4042.9092,4.0,0.0,0.0,0
26.774845,0.8464659,249.34967,1.0,2881.8904,3.0,1.0,1.0,0
23.979473,0.96048194,3029.9543,1.0,1362.7513,0.0,2.0,1.0,0
15.466039,0.61274207,4167.7275,2.0,2192.3154,1.0,2.0,0.0,0
9.366285,0.6010501,2043.1709,1.0,2644.822,1.0,2.0,1.0,0
6.2167077,0.8562708,498.94247,0.0,3332.2478,3.0,1.0,0.0,0
26.473103,0.7506974,1898.6707,0.0,3173.2883,4.0,2.0,0.0,0
21.594841,0.7995806,1772.8284,3.0,2008.1174,3.0,1.0,1.0,1
17.592735,0.85427123,3235.186,3.0,3793.2502,2.0,1.0,0.0,0
26.503605,0.7737141,3278.1506,2.0,3859.3677,3.0,1.0,0.0,0
4.5290184,0.89384675,559.9674,0.0,3484.6926,3.0,0.0,1.0,0
20.792189,0.65943366,2129.875,2.0,1368.052,0.0,0.0,0.0,1
7.284657,0.9294952,3230.447,1.0,2352.2874,2.0,2.0,1.0,0
4.4967456,0.5538382,1331.363,1.0,2169.4575,3.0,1.0,1.0,0
14.502646,0.817002,2065.0474,3.0,4085.7932,3.0,2.0,1.0,1
12.234395,0.9450663,3087.7898,3.0,4042.818,1.0,0.0,0.0,0
28.294035,0.62634706,2044.21,2.0,4331.7437,0.0,1.0,0.0,0
10.395407,0.66341734,202.76181,2.0,1163.5671,1.0,0.0,0.0,1
24.632166,0.65272087,1151.9492,2.0,3744.7883,1.0,2.0,1.0,1
22.715982,0.78213185,3891.6006,3.0,4353.292,4.0,1.0,1.0,1
20.369793,0.7064359,1280.0952,2.0,840.7888,3.0,1.0,0.0,0
27.691614,0.55397964,4097.672,2.0,209.28593,4.0,0.0,0.0,1
12.829813,0.9456436,2361.1938,0.0,536.4877,0.0,1.0,1.0,1
12.300465,0.6023383,2390.9597,3.0,3034.95,3.0,1.0,0.0,1
5.667475,0.76704,3864.0552,3.0,2114.023,0.0,1.0,0.0,0
8.9971,0.79740244,1947.3029,1.0,983.30634,2.0,1.0,0.0,0
26.513517,0.5203759,1230.4789,1.0,2646.2349,1.0,0.0,0.0,1
14.757082,0.54785615,569.9103,3.0,3929.7573,4.0,0.0,1.0,0
10.899246,0.98584485,3375.9539,3.0,4280.5303,3.0,0.0,0.0,1
7.2672496,0.8322562,2376.2156,1.0,3761.0876,2.0,0.0,0.0,0
15.063848,0.5167826,4056.564,0.0,4428.7017,2.0,2.0,0.0,0
21.783297,0.8970996,2315.4897,3.0,3024.8853,3.0,0.0,1.0,1
9.314069,0.7542714,2103.3127,2.0,4186.9976,3.0,2.0,0.0,0
22.97378,0.5375998,1529.3179,3.0,2091.7637,2.0,0.0,1.0,1
19.263845,0.840376,1037.168,2.0,4263.868,3.0,1.0,1.0,0
23.839314,0.7496759,4160.663,2.0,4480.108,3.0,2.0,0.0,1
8.27638,0.6024599,521.29626,0.0,3435.1763,0.0,0.0,0.0,0
19.299816,0.9388511,4515.532,2.0,2160.9211,1.0,1.0,0.0,1
5.458323,0.6456899,183.2003,1.0,1415.5529,4.0,0.0,1.0,0
11.550113,0.6422783,2635.1492,0.0,1632.6456,1.0,2.0,1.0,0
22.006443,0.6363868,338.72638,3.0,670.45197,4.0,1.0,0.0,0
19.318382,0.8837279,3909.0552,1.0,245.3374,2.0,2.0,0.0,0
6.447961,0.85305935,1096.9078,0.0,2077.946,1.0,1.0,0.0,0
25.891937,0.95157284,2851.3167,3.0,222.91675,1.0,0.0,1.0,0
2.5471785,0.6146696,4586.408,3.0,4404.1343,2.0,0.0,1.0,1
18.261255,0.8931823,3263.8318,1.0,3253.2908,0.0,0.0,0.0,0
29.530794,0.7865228,932.68384,1.0,4219.8994,1.0,0.0,1.0,0
16.413637,0.6543398,3993.555,0.0,2227.6392,3.0,0.0,1.0,0
24.219482,0.5177271,2235.324,2.0,1127.5251,4.0,2.0,0.0,0
18.260248,0.9094738,115.22485,2.0,1458.4913,4.0,1.0,0.0,0
23.70956,0.6205357,2459.4866,2.0,4275.118,1.0,0.0,1.0,1
20.01223,0.81587154,4071.799,3.0,618.2472,3.0,0.0,0.0,1
21.042828,0.774434,2178.2903,1.0,3494.3464,1.0,1.0,0.0,0
7.6065235,0.50222474,3804.2188,2.0,1136.1943,4.0,0.0,1.0,0
22.512806,0.9971718,3542.353,2.0,1772.3177,4.0,2.0,0.0,0
7.899387,0.9071647,2311.716,3.0,25.203297,2.0,1.0,0.0,0
29.438568,0.74323565,1650.2488,2.0,2400.653,3.0,0.0,0.0,1
7.605829,0.8401707,3646.373,0.0,650.4805,4.0,0.0,1.0,0
7.8638363,0.7382971,1876.1461,2.0,4299.6406,0.0,1.0,1.0,0
25.90152,0.8722931,891.93115,3.0,497.66232,1.0,0.0,0.0,0
8.04659,0.5671643,1638.2721,2.0,1259.339,3.0,0.0,0.0,1
11.466181,0.7231755,4390.354,2.0,83.84405,0.0,2.0,1.0,1
21.724566,0.6677686,1452.7761,2.0,4964.458,3.0,1.0,0.0,0
5.6037087,0.72982764,1213.0547,2.0,3210.7742,1.0,2.0,1.0,0
5.613081,0.7252363,710.4293,1.0,3221.4482,1.0,2.0,0.0,0
15.104394,0.571547,323.13034,3.0,2599.1157,4.0,0.0,0.0,0
8.067205,0.9882443,4884.627,0.0,4341.597,2.0,2.0,0.0,0
7.8340807,0.5077461,2707.0454,3.0,729.49854,3.0,2.0,0.0,0
1.2679287,0.5050365,3661.74,0.0,3966.3308,3.0,0.0,0.0,0
11.743038,0.68672067,3876.2185,0.0,4037.5461,2.0,0.0,0.0,0
10.229266,0.8101882,1793.9691,2.0,190.2805,2.0,0.0,1.0,0
1.9035186,0.5898266,4004.5842,2.0,672.058,4.0,0.0,0.0,1
19.015762,0.766597,4809.347,3.0,2740.273,4.0,0.0,1.0,1
19.173,0.861386,3721.7212,1.0,460.0557,0.0,0.0,1.0,0
3.0532136,0.5470303,3573.0789,0.0,1419.0074,2.0,2.0,0.0,0
10.194205,0.9922112,2189.5571,1.0,2024.3289,3.0,0.0,1.0,0
26.311361,0.66835034,4214.5347,2.0,794.5156,3.0,2.0,0.0,0
17.882845,0.8212077,489.745,1.0,3523.692,2.0,0.0,0.0,0
12.947267,0.5553599,3760.9343,1.0,2480.356,3.0,1.0,0.0,0
14.487956,0.8547432,1841.868,3.0,3202.684,2.0,2.0,0.0,0
7.0401196,0.9202282,2851.5708,2.0,2376.7546,0.0,0.0,1.0,1
24.544563,0.5526426,4470.171,2.0,2068.297,1.0,1.0,0.0,1
27.506136,0.5629316,3044.847,2.0,2467.0215,0.0,2.0,1.0,1
27.409258,0.64052373,176.62857,1.0,4498.5786,3.0,1.0,1.0,1
7.494097,0.5059679,3626.894,2.0,1986.2338,4.0,2.0,0.0,0
10.011468,0.99302566,4648.6714,3.0,3214.8904,1.0,1.0,0.0,0
5.6580606,0.799192,3227.9592,2.0,4171.473,3.0,0.0,1.0,1
9.908833,0.80379474,4314.0293,1.0,3109.2273,4.0,1.0,0.0,0
10.651356,0.9794811,4135.214,3.0,1138.0613,1.0,1.0,0.0,0
19.360065,0.9160146,4313.397,0.0,618.5788,4.0,2.0,1.0,0
6.499745,0.9071215,1753.297,0.0,2958.4768,0.0,1.0,0.0,0
27.66251,0.66975117,2397.1094,1.0,3639.7024,3.0,1.0,1.0,1
3.9898846,0.6674317,4247.7656,2.0,3845.9983,0.0,1.0,1.0,0
1.1994623,0.64586896,4556.473,1.0,3472.073,3.0,1.0,0.0,0
25.79341,0.6733479,776.8654,1.0,27.236582,0.0,1.0,1.0,0
21.409325,0.6847544,948.58527,1.0,3871.4631,4.0,2.0,0.0,1
11.305436,0.57000184,1766.8065,3.0,3027.0671,1.0,0.0,1.0,1
18.269491,0.6779739,3862.9744,1.0,4941.025,1.0,1.0,1.0,1
7.482779,0.72337353,4381.1567,3.0,3825.2905,2.0,2.0,1.0,0
5.8833,0.6546737,2922.1887,1.0,2156.7336,4.0,0.0,0.0,0
14.663325,0.5826735,610.6775,0.0,3383.9883,0.0,2.0,1.0,0
11.242447,0.6867052,1553.5537,0.0,3083.5193,1.0,2.0,1.0,0
18.841671,0.7404539,4292.2637,0.0,1693.5935,3.0,1.0,0.0,1
